Ensembl_ID_base,gene_name,gene_type,log2FC_7043,log2FC_7078,log2FC_7083,log2FC_8004,log2FC_8013,mean_log2FC,median_log2FC,mean_expression
ENSG00000171345,KRT19,protein_coding,-4.899076968764971,-6.881376420408777,-8.678781931162668,-5.190436483405087,-4.936471416401505,-6.117228644028602,-5.190436483405087,131.11006795566666
ENSG00000143631,FLG,protein_coding,-0.4833470100345689,-8.588976151431144,-9.30740533603743,-7.684331290452257,-2.3374216989538414,-5.680296297381848,-7.684331290452257,8395.189473771334
ENSG00000013293,SLC7A14,protein_coding,-5.268372158792709,-5.649411849177273,-5.1899772831887265,-4.9473639371485305,-5.364578020094109,-5.28394064968027,-5.268372158792709,19.408182271999998
ENSG00000136244,IL6,protein_coding,-2.899570346358378,-8.317273332314386,-2.2025508490619554,-8.078861584013188,-3.4275763496651876,-4.985166492282619,-3.4275763496651876,256.5459855608667
ENSG00000156265,MAP3K7CL,protein_coding,-5.636604672851438,-4.345432501024667,-3.197559479512842,-5.831158890182191,-5.639332959154787,-4.930017700545184,-5.636604672851438,230.65677286726662
ENSG00000128510,CPA4,protein_coding,-2.812784160550466,-6.2145025925389685,-5.3578498432081,-6.302124630775538,-3.809336321082279,-4.89931950963107,-5.3578498432081,332.925754005
ENSG00000178031,ADAMTSL1,protein_coding,-3.720690105211851,-4.657822976448875,-7.160853424445554,-4.612646308327963,-3.578263643431618,-4.746055291573173,-4.612646308327963,420.26413332826667
ENSG00000134259,NGF,protein_coding,-3.177220751254578,-5.7922283791005515,-1.6503335827757848,-7.489379504013078,-5.55302851438848,-4.732438146306494,-5.55302851438848,77.35392356113331
ENSG00000233521,LINC01638,lncRNA,-4.440488076404519,-5.197558960243083,-5.479587343810395,-4.491065073927587,-3.910893012135296,-4.703918493304176,-4.491065073927587,11.964040567533333
ENSG00000106484,MEST,protein_coding,-2.1298352118916295,-7.217500106386489,-4.7512778704350245,-6.094402934218048,-3.209244106350223,-4.680452045856283,-4.7512778704350245,1437.0380479379996
ENSG00000131737,KRT34,protein_coding,-4.419796567758998,-5.447916942945045,-3.8106374178611517,-4.926788275584177,-4.595123347231497,-4.640052510276173,-4.595123347231497,396.9571891636
ENSG00000145536,ADAMTS16,protein_coding,-3.3939521293931545,-5.420622318695143,-6.692845727340454,-2.9432305094155664,-3.958041002811771,-4.481738337531218,-3.958041002811771,17.122802514466667
ENSG00000220884,MESTP1,processed_pseudogene,-2.6964078422220634,-5.586293925638967,-4.811878675279059,-5.923292289227623,-3.27695346114014,-4.458965238701571,-4.811878675279059,61.60046506046667
ENSG00000232759,AC002480.1,lncRNA,-1.549798302036824,-5.461587375749497,-6.496124491239525,-5.478861502361815,-3.281698041443889,-4.453613942566309,-5.461587375749497,37.99443019933333
ENSG00000186352,ANKRD37,protein_coding,-4.965055530154014,-5.2688103590284925,-3.0978954829871155,-4.411713065898048,-4.391158537759946,-4.426926595165524,-4.411713065898048,288.7742073586666
ENSG00000143320,CRABP2,protein_coding,-5.757417992430063,-5.34137276636249,-3.2949678933848974,-3.166262268017346,-4.487284533715959,-4.40946109078215,-4.487284533715959,115.90109508593332
ENSG00000156453,PCDH1,protein_coding,-3.971168463689725,-5.240322510781952,-2.3770020923175816,-5.915732864496686,-4.349229602191226,-4.370691106695434,-4.349229602191226,45.3747862744
ENSG00000183715,OPCML,protein_coding,-3.497038658554333,-6.104814456224303,-5.605157015267132,-3.3014282599147275,-3.3283730317772813,-4.367362284347555,-3.497038658554333,15.139773345933337
ENSG00000117115,PADI2,protein_coding,-1.9014288420025984,-5.769356726252625,-4.774750118229996,-3.415004929446514,-5.724205627609776,-4.316949248708302,-4.774750118229996,13.733828805533333
ENSG00000235513,L3MBTL2-AS1,lncRNA,-2.8250992004444258,-4.4136652675514885,-6.395413858650412,-4.458099718286839,-3.131501188192716,-4.244755846625176,-4.4136652675514885,65.5146888848
ENSG00000247095,MIR210HG,lncRNA,-3.975164714409337,-3.8684192488027005,-5.124118357102761,-4.359359849003054,-3.5111679696818436,-4.167646027799939,-3.975164714409337,93.58955272146666
ENSG00000120937,NPPB,protein_coding,-7.124310340068088,-2.857351215028605,-0.39727460446232987,-5.0661184230390335,-5.255675630059239,-4.14014604253146,-5.0661184230390335,15.098983543666668
ENSG00000163083,INHBB,protein_coding,-3.964508362522195,-3.947242336804345,-4.675986723494692,-4.600613442804173,-3.043182334119181,-4.0463066399489165,-3.964508362522195,203.87573102293334
ENSG00000163814,CDCP1,protein_coding,-3.040926826991696,-3.6783874468625957,-5.1899772831887265,-4.3973887551693,-3.550553387256932,-3.9714467398938504,-3.6783874468625957,37.94085879993333
ENSG00000111057,KRT18,protein_coding,-2.1983015334205227,-5.205939871158451,-3.9888815522449734,-4.937411321159192,-3.038163800205515,-3.8737396156377315,-3.9888815522449734,2350.030054204
ENSG00000186832,KRT16,protein_coding,-4.809208850575714,-4.7165035917056715,-3.5015519236189276,-4.031215126614348,-2.2524013759268935,-3.8621761736883107,-4.031215126614348,78.2903915788
ENSG00000117152,RGS4,protein_coding,-2.670617617736889,-3.877094725184424,-4.128093681240237,-4.770802458084592,-3.8313343659122356,-3.8555885696316756,-3.877094725184424,3273.8800767173325
ENSG00000155961,RAB39B,protein_coding,-2.901652150837259,-2.9543092333209957,-3.92614611420067,-4.937013431307631,-4.509589487069398,-3.845742083347191,-3.92614611420067,7.3196779196
ENSG00000180730,SHISA2,protein_coding,-4.546067493204834,-4.533261975396579,-0.602775823796887,-5.749913013184068,-3.6870168044011664,-3.823807021996707,-4.533261975396579,32.208248686400005
ENSG00000134013,LOXL2,protein_coding,-2.15254678236556,-4.964654062641552,-4.187023977717818,-4.951131331427973,-2.6718344595072416,-3.785438122732029,-4.187023977717818,9057.583609486666
ENSG00000288557,AC080097.1,lncRNA,-2.50567104571522,-3.6454893350775257,-5.720667053375971,-3.095090853977691,-3.9211414417034214,-3.7776119459699657,-3.6454893350775257,20.983331144599997
ENSG00000250927,MESTP3,processed_pseudogene,-3.2819395674784593,-3.1887426750988856,-4.267470636369302,-4.637932338360289,-3.4226498298419785,-3.759747009429783,-3.4226498298419785,9.0159483894
ENSG00000232949,AC002480.2,lncRNA,-0.4819058668677041,-4.960263540226898,-5.107481654208475,-4.564978187503768,-3.276315350488877,-3.6781889198591444,-4.564978187503768,15.848559799666665
ENSG00000250056,LINC01018,lncRNA,-2.212948408351221,-4.476415390802521,-6.0203011797218755,-3.8279173849006765,-1.5831737667516022,-3.6241512261055795,-3.8279173849006765,55.13501968606667
ENSG00000164283,ESM1,protein_coding,-3.505447239134825,-3.5355452511347973,-4.663658107873344,-4.29208920811697,-2.093834761726879,-3.6181149135973625,-3.5355452511347973,13.17197159186667
ENSG00000080031,PTPRH,protein_coding,-3.505447239134825,-4.228039176937883,-1.498372559084939,-5.551002562157167,-3.270816512266242,-3.6107356099162105,-3.505447239134825,9.047532533066667
ENSG00000215089,KRT18P11,processed_pseudogene,-1.368400529177182,-4.14343070172115,-4.341525137421162,-4.943106234316635,-3.0927502301037553,-3.5778425665479774,-4.14343070172115,15.371953818266665
ENSG00000141448,GATA6,protein_coding,-2.5404677738025283,-4.247797353720843,-3.391805673901511,-3.9927264900831876,-3.7159737819669028,-3.5777542146949948,-3.7159737819669028,148.38081717040004
ENSG00000131738,KRT33B,protein_coding,-3.2819395674784593,-4.323869075387836,-4.411963247983477,-3.9443844257602336,-1.8273330042091338,-3.557897864163828,-3.9443844257602336,7.7120977076
ENSG00000197635,DPP4,protein_coding,-2.7181816844012525,-4.649278096060679,-3.8831583752969965,-2.7465935443455782,-3.5761130518920154,-3.514664950399305,-3.5761130518920154,145.88544286226667
ENSG00000282849,AL359834.1,lncRNA,-2.4398768963408375,-3.7245943538067516,-6.664272559064981,-2.1785207064604633,-2.530157627750815,-3.5074844286847693,-2.530157627750815,43.811510247866664
ENSG00000266010,GATA6-AS1,lncRNA,-2.8028458428988747,-2.963457941647556,-4.1068790873974645,-4.026307607386034,-3.590186694071928,-3.4979354346803717,-3.590186694071928,6.7427129783333335
ENSG00000286190,AC055839.2,protein_coding,-5.393313483671095,-2.876495665061438,-2.0243561385797246,-2.7969238006187385,-4.354511839580371,-3.4891201855022738,-2.876495665061438,71.25144914913334
ENSG00000077264,PAK3,protein_coding,-2.2881269477810497,-2.721712819967466,-5.574774287877554,-3.812146751662798,-2.9472437390504282,-3.468800909267859,-2.9472437390504282,23.58130128273333
ENSG00000081277,PKP1,protein_coding,-3.0278745196351187,-2.323976319936394,-4.543292616141969,-4.051117100466224,-3.3326077365300355,-3.4557736585419483,-3.3326077365300355,8.037051538933333
ENSG00000188581,KRTAP1-1,protein_coding,-2.4171006441484284,-2.3598556731847418,-5.603995468616256,-4.748437129814938,-2.096937413577867,-3.4452652658684464,-2.4171006441484284,42.51410597626668
ENSG00000213943,KRT18P17,processed_pseudogene,-1.687199750772972,-4.8332265291052945,-3.826512848342813,-3.6343297579446383,-3.2302474838559316,-3.44230327400433,-3.6343297579446383,16.021248482733334
ENSG00000111674,ENO2,protein_coding,-3.100574350334144,-4.286576908956591,-3.9799787660439563,-3.7599875725014202,-1.9712513302692711,-3.4196737856210766,-3.7599875725014202,391.4667627446667
ENSG00000183775,KCTD16,protein_coding,-2.5338101724772404,-4.3113450995214775,-3.031166199122719,-3.6042282356654676,-3.6134784316624815,-3.418805627689877,-3.6042282356654676,270.3884182186667
ENSG00000011347,SYT7,protein_coding,-3.92980963903566,-2.323976319936394,-3.719485028619155,-3.5323259088401553,-3.5328734133520525,-3.4076940619566836,-3.5328734133520525,7.6654379094000005
ENSG00000137331,IER3,protein_coding,-2.9570205812587087,-4.262175843195098,-0.4408238774637372,-5.298044971233341,-4.042196284629878,-3.400052311556152,-4.042196284629878,1206.985052452
ENSG00000225279,AL121987.1,lncRNA,-3.8017415733989575,-3.1865753187801644,-3.826512848342813,-2.082546907332876,-3.7545672112911346,-3.330388771829189,-3.7545672112911346,8.741451648666665
ENSG00000241956,AC109466.1,lncRNA,-3.1036759278061132,-2.9354096171576227,-3.6038764149794322,-3.2209619819451096,-3.7221836837156466,-3.3172215251207846,-3.2209619819451096,17.64032608473333
ENSG00000182585,EPGN,protein_coding,-2.399035864154042,-3.8512455421906253,-2.40111146663192,-4.092495193050494,-3.833936491248081,-3.315564911455032,-3.833936491248081,269.6907579033334
ENSG00000134986,NREP,protein_coding,-1.3862889045307405,-3.3510664844611338,-6.093757398415812,-3.634798795179318,-2.0800218374920316,-3.3091866840158075,-3.3510664844611338,3387.842834946667
ENSG00000287602,AC100808.1,lncRNA,-1.609645775304063,-4.795567151641617,-6.720863963745937,-1.8459557920365481,-1.493063200897899,-3.2930191767252133,-1.8459557920365481,10.7830076544
ENSG00000163394,CCKAR,protein_coding,-3.330837087882988,-2.384825574565466,-5.951022780310296,-0.7582566897967098,-3.9717565437854456,-3.279339735268181,-3.330837087882988,11.918002572599999
ENSG00000141469,SLC14A1,protein_coding,-1.9271471423252295,-3.29731492413062,-6.775206686539846,-1.6915478317239518,-2.703732248186891,-3.278989766581308,-2.703732248186891,314.72766883693333
ENSG00000204131,NHSL2,protein_coding,-2.9663166203794886,-2.7853580966494627,-6.4798200642437624,-2.07458304060818,-2.060243499722607,-3.2732642643207,-2.7853580966494627,23.525020064666666
ENSG00000197852,INKA2,protein_coding,-3.5187112207261393,-2.940011576005472,-2.6665787500926985,-4.191344277436233,-2.955733310135403,-3.2544758268791893,-2.955733310135403,529.0198574793334
ENSG00000055163,CYFIP2,protein_coding,-2.022875829089042,-3.238638622562207,-5.019981160087856,-2.7294656662354506,-3.1258919036206763,-3.2273706363190464,-3.1258919036206763,18.887582745
ENSG00000205710,C17orf107,protein_coding,-2.3373161050530533,-2.8252449444671446,-6.229797785959429,-1.66188564008791,-3.082159389514576,-3.2272807730164224,-2.8252449444671446,25.77817897153333
ENSG00000100065,CARD10,protein_coding,-2.176857375851773,-3.692701717210243,-2.457180001639265,-5.6485658443713245,-2.136941980784985,-3.222449383971518,-2.457180001639265,59.24302623886667
ENSG00000230479,AP000695.1,lncRNA,-1.106892500123997,-4.916796357712664,-2.9621011216253508,-4.094883317311899,-2.925998348563014,-3.2013343290673846,-2.9621011216253508,24.55942782146667
ENSG00000164220,F2RL2,protein_coding,-4.668582920038123,-2.146119885045641,-3.8419315335355297,-1.6786863667008252,-3.525865416463109,-3.1722372243566452,-3.525865416463109,43.28224591753333
ENSG00000013297,CLDN11,protein_coding,-5.503374638857988,-1.809672644016473,-0.6521280467721438,-3.4905647787680616,-4.363439863929227,-3.1638359944687786,-3.4905647787680616,85.99599617153332
ENSG00000157782,CABP1,protein_coding,-1.8436328579518966,-3.6554968430906483,-4.1068790873974645,-3.8462558509832014,-2.210924981336506,-3.1326379241519433,-3.6554968430906483,5.232845254266667
ENSG00000116183,PAPPA2,protein_coding,-1.6203687607496917,-5.334767351949965,-1.9947744020480815,-5.6356575560685656,-1.012144256902208,-3.1195424655437023,-1.9947744020480815,112.17629965026664
ENSG00000164849,GPR146,protein_coding,-4.9436849451831,-3.3942497650198105,-1.423706378201965,-2.648451524913794,-3.113444938079693,-3.1047075102796726,-3.113444938079693,26.40232392973334
ENSG00000128165,ADM2,protein_coding,-2.6568123605810117,-4.22915719831286,-0.67444638721188,-4.044413619310527,-3.7864845813259445,-3.078262829348444,-3.7864845813259445,96.40213499966667
ENSG00000092621,PHGDH,protein_coding,-3.4586901759239925,-3.4333268643625683,-1.0812250776532402,-3.9944305785434597,-3.4150116235185566,-3.0765368640003636,-3.4333268643625683,852.7856934966666
ENSG00000174611,KY,protein_coding,-3.0890950394734635,-3.1540498578517218,-2.6158514328172235,-3.7632753710825693,-2.629403736781562,-3.050335087601308,-3.0890950394734635,28.677959335333338
ENSG00000148848,ADAM12,protein_coding,-1.7946729345115582,-4.0038935979891095,-3.7421090641326593,-3.0618625310172387,-2.620765408632378,-3.0446607072565888,-3.0618625310172387,2959.391082660001
ENSG00000243742,RPLP0P2,transcribed_processed_pseudogene,-3.8997723869858367,-2.780462338086391,-0.782829004083307,-3.7101864783957157,-4.025099871067517,-3.039670015723753,-3.7101864783957157,12.474090533066667
ENSG00000156463,SH3RF2,protein_coding,-1.0438241137541633,-2.1473595101263805,-6.9273410940994475,-2.849155242262791,-2.1821122705937226,-3.0299584461673006,-2.1821122705937226,93.2069240818
ENSG00000136541,ERMN,protein_coding,-2.9386992725356382,-3.228982660564066,-2.8423712883542076,-3.252470073628309,-2.8150535841066606,-3.0155153758377766,-2.9386992725356382,46.04406738413333
ENSG00000135069,PSAT1,protein_coding,-3.812895128704355,-3.1523346909190995,-0.5364862886796846,-3.913517472543319,-3.617468427059265,-3.0065404015811446,-3.617468427059265,1399.2327893698
ENSG00000128965,CHAC1,protein_coding,-2.1594403745230286,-3.8781487049373053,-0.8729940447977693,-4.206635480126331,-3.8849811590918124,-3.000439952695249,-3.8781487049373053,413.2580459186667
ENSG00000105255,FSD1,protein_coding,-2.4354377083614915,-1.9680168838412984,-5.268009739915398,-2.4160383129597474,-2.755708494673625,-2.968642227950312,-2.4354377083614915,21.37414776126667
ENSG00000164251,F2RL1,protein_coding,-2.901652150837259,-2.2031622330814575,-2.6366211216020585,-4.10855284204657,-2.915773925125495,-2.953152454538568,-2.901652150837259,6.910657461266667
ENSG00000182667,NTM,protein_coding,-0.940653296009522,-4.892572459235106,-2.9105002280522747,-4.637238560506764,-1.2938571259508906,-2.9349643339509113,-2.9105002280522747,178.08504472459998
ENSG00000116701,NCF2,protein_coding,-2.3373161050530533,-3.8674683805094694,-1.8090944918053458,-3.9371519864518056,-2.682422953680241,-2.926690783499983,-2.682422953680241,26.69267206326666
ENSG00000228495,LINC01013,lncRNA,-1.4521478865102608,-3.8310347651006573,-4.267470636369302,-3.7919851166914444,-1.2497912817825512,-2.918485937290843,-3.7919851166914444,32.68711602566666
ENSG00000233818,AP000695.2,lncRNA,-1.31394580033923,-3.5320535851969916,-2.841783144799684,-3.9202433846146736,-2.9563069006550586,-2.9128665631211277,-2.9563069006550586,26.85455977566667
ENSG00000176771,NCKAP5,protein_coding,-2.060740403738021,-2.307848888660422,-4.680159858993758,-2.3553425939550054,-3.1231942496405773,-2.9054571989975564,-2.3553425939550054,75.74593240273333
ENSG00000132688,NES,protein_coding,-4.237386904894999,-1.650275811895948,-2.851751356179844,-2.920950889321328,-2.7912812406316303,-2.8903292405847503,-2.851751356179844,37.354422561999996
ENSG00000117016,RIMS3,protein_coding,-2.7912976174610518,-5.082719290740451,-0.3604236245145369,-3.162133098662867,-2.9936604433503367,-2.8780468149458485,-2.9936604433503367,28.073710066266663
ENSG00000157168,NRG1,protein_coding,-0.03403340475141725,-5.678683878339002,-4.339220030456945,-3.0894160593633115,-1.2083706019083156,-2.869944794963798,-3.0894160593633115,591.7624632126667
ENSG00000010030,ETV7,protein_coding,-1.2524021865832866,-3.1708725276193905,-4.827244634860848,-3.7101864783957157,-1.3626260380774253,-2.864666373107333,-3.1708725276193905,19.727698532800005
ENSG00000142623,PADI1,protein_coding,-0.5669278390248254,-4.418167435538019,-4.774750118229996,-3.425157072411316,-1.0831609336824592,-2.853632679777323,-3.425157072411316,18.046206074400004
ENSG00000176887,SOX11,protein_coding,-4.124753898612626,-2.3746059129709947,-0.7935141626176669,-3.6941434938239905,-3.2331279928666503,-2.8440290921783857,-3.2331279928666503,54.228073627
ENSG00000138798,EGF,protein_coding,-3.1601991070567523,-1.9724948102322761,-3.5015519236189276,-2.824556691694838,-2.749357278046288,-2.8416319621298163,-2.824556691694838,64.98597650753335
ENSG00000081923,ATP8B1,protein_coding,-1.363226840767096,-3.551457963357306,-4.219948412935789,-3.0519844727474617,-1.984200883397932,-2.834163714641117,-3.0519844727474617,1224.8329911333333
ENSG00000107562,CXCL12,protein_coding,-3.1487367914809727,-3.750641128656895,-3.0307554544939883,-2.7996441999006674,-1.4045298754666673,-2.826861489999838,-3.0307554544939883,1215.050384172667
ENSG00000172020,GAP43,protein_coding,-2.2498015118993027,-3.7342349012132745,-3.29289349826024,-3.1260759794639745,-1.7181776799684414,-2.8242367141610467,-3.1260759794639745,20.109999343266665
ENSG00000104783,KCNN4,protein_coding,-2.577882847277431,-2.924558519913567,-3.209058812384994,-2.8555653871933364,-2.5254551800392204,-2.81850414936171,-2.8555653871933364,36.09435090319999
ENSG00000182272,B4GALNT4,protein_coding,-2.0080009560604584,-3.3568920628336496,-4.543292616141969,-2.978392221541794,-1.1980337537414583,-2.8169223220638657,-2.978392221541794,29.96508369926666
ENSG00000088340,FER1L4,transcribed_unitary_pseudogene,-2.105382781588764,-2.759900638150924,-1.5901042000344168,-3.620398218389949,-4.001995953509844,-2.8155563583347796,-2.759900638150924,61.14363676806666
ENSG00000108852,MPP2,protein_coding,-1.7463240555846653,-1.7572327589459746,-6.57499215045034,-1.541733151571858,-2.445620376697156,-2.8131804986499986,-1.7572327589459746,61.3773656278
ENSG00000185633,NDUFA4L2,protein_coding,-1.2321607089009152,-5.0972207903480236,-1.5161336064688617,-5.1201422726172865,-1.0750637217070729,-2.8081442200084323,-1.5161336064688617,72.07358192766665
ENSG00000156103,MMP16,protein_coding,-3.5394492726430355,-3.259748022372894,-1.8050671261790034,-1.944909778667106,-3.4783254930594856,-2.8054999385843056,-3.259748022372894,173.14765978933337
ENSG00000140945,CDH13,protein_coding,-3.03653310323344,-3.244365717764645,-1.858933219211936,-3.396661042099888,-2.4808880256398034,-2.8034762215899423,-3.03653310323344,1854.9531310600005
ENSG00000172575,RASGRP1,protein_coding,-0.656160897821402,-2.355823738511911,-5.605157015267132,-3.501630377640541,-1.8541037718421407,-2.7945751602166253,-2.355823738511911,35.4269210884
ENSG00000135074,ADAM19,protein_coding,-1.585720204844332,-3.092012403580033,-3.2645377576408947,-2.9764155830357826,-3.032578283249043,-2.7902528464700174,-3.032578283249043,731.3892094126669
ENSG00000168398,BDKRB2,protein_coding,-3.4821370079780416,-2.272673292704644,-2.3485339577298,-2.218211916650012,-3.6143976923703836,-2.787190773486576,-2.3485339577298,65.37512993533332
ENSG00000087494,PTHLH,protein_coding,-5.450240989967725,-3.5607025751796337,-1.0544594585666318,-1.2235696057068028,-2.6230927727306765,-2.782413080430294,-2.6230927727306765,11.406697673466665
ENSG00000227811,INKA2-AS1,lncRNA,-3.6186174356756657,-2.184563533893442,-0.9423819910881415,-4.141445104818191,-3.023877871188673,-2.7821771873328225,-3.023877871188673,35.091830005999995
ENSG00000111536,IL26,protein_coding,-0.1224415453729717,-3.3109291795408082,-2.6021671782560802,-4.937013431307631,-2.9349197174962653,-2.7814942103947513,-2.9349197174962653,7.404464730133333
ENSG00000230787,PSAT1P3,processed_pseudogene,-3.767665687296152,-2.6085717784518483,-0.616037946944318,-3.577877082581712,-3.32493515839336,-2.779017530733478,-3.32493515839336,21.36173898026666
ENSG00000141052,MYOCD,protein_coding,-2.2449525489553688,-2.451121925512804,-1.6021172206645646,-3.374919412649648,-4.131813294392667,-2.760984880435011,-2.451121925512804,36.37716051333334
ENSG00000236654,AC079780.1,processed_pseudogene,-0.9871026818324671,-3.4924182214910493,-5.019981160087856,-2.1869230238710506,-1.9958042600406873,-2.7364458694646223,-2.1869230238710506,24.622007210733337
ENSG00000100889,PCK2,protein_coding,-2.6778745683158736,-3.3891472056738623,-0.9197529335447605,-3.6749913509586065,-2.9405693632276835,-2.7204670843441576,-2.9405693632276835,655.2545180466667
ENSG00000050344,NFE2L3,protein_coding,-2.4088051214700874,-4.342846316957882,-1.4876844393754651,-3.434460064778961,-1.834796196404728,-2.7017184277974247,-2.4088051214700874,35.60618084473333
ENSG00000253746,AC091182.2,lncRNA,-2.193961763616016,-3.8834457151303328,-1.9841896928677465,-3.8291201305300078,-1.589395698151908,-2.696022600059202,-2.193961763616016,12.366086282133331
ENSG00000143847,PPFIA4,protein_coding,-1.997310449254102,-2.8062536246926593,-4.294265487845745,-2.460796906409832,-1.8724580369524917,-2.6862169010309658,-2.460796906409832,154.1801058386667
ENSG00000127329,PTPRB,protein_coding,-2.0411887187915534,-1.6410072153036994,-4.411963247983477,-2.8258901074206664,-2.4920540050404116,-2.6824206589079616,-2.4920540050404116,24.299840300066666
ENSG00000078269,SYNJ2,protein_coding,-1.686397326120666,-3.391919305727707,-2.4326072843832076,-3.7480381507051206,-2.1522255500526253,-2.6822375233978653,-2.4326072843832076,716.192762802
ENSG00000152256,PDK1,protein_coding,-2.416915547324746,-2.7090546914460347,-3.261546166148989,-2.5932833473321146,-2.4215511989806338,-2.6804701902465036,-2.5932833473321146,385.01677728733335
ENSG00000075213,SEMA3A,protein_coding,-2.631219072383843,-3.4327981319866954,-2.399471079745117,-2.7320617185745077,-2.157422339052158,-2.6705944683484644,-2.631219072383843,19.082637220133336
ENSG00000165061,ZMAT4,protein_coding,-2.512083802991663,-1.762410805749441,-5.149319042519763,-1.5918070335460175,-2.311995026822428,-2.6655231423258625,-2.311995026822428,23.204032128466668
ENSG00000063438,AHRR,protein_coding,-0.6151305482113165,-2.927626821085267,-3.719485028619155,-3.8462558509832014,-2.192032745859417,-2.6601061989516714,-2.927626821085267,8.5813325186
ENSG00000164171,ITGA2,protein_coding,-1.349979399977137,-3.091495430540144,-2.803007881716864,-3.483954906029937,-2.569173008079561,-2.6595221252687287,-2.803007881716864,181.54282227779998
ENSG00000109743,BST1,protein_coding,-1.6422805187132496,-3.9207427242600392,-2.563727757439872,-3.3428294546862816,-1.7557262848777384,-2.645061347995436,-2.563727757439872,720.0850674866667
ENSG00000167771,RCOR2,protein_coding,-2.901652150837259,-1.5448318775933634,-4.267470636369302,-2.7068565583774564,-1.7945820803961208,-2.6430786607147003,-2.7068565583774564,5.390637910866667
ENSG00000204767,INSYN2B,protein_coding,-3.1636461772947393,-2.0714101199410213,-2.6158514328172235,-1.8824535727963414,-3.462489580365316,-2.6391701766429287,-2.6158514328172235,18.14832596746667
ENSG00000184363,PKP3,protein_coding,-2.1190871100315225,-1.4308277242557614,-4.411963247983477,-3.469488255768811,-1.7100003053683692,-2.6282733286815883,-2.1190871100315225,12.516380401066668
ENSG00000177363,LRRN4CL,protein_coding,-2.0647532156584476,-3.6019735690408052,-1.6870911426252664,-4.023816967945297,-1.6864419074414712,-2.6128153605422577,-2.0647532156584476,23.9829388888
ENSG00000214207,KRT18P10,processed_pseudogene,-0.8214865224306154,-2.8392311032870277,-2.0154934131487776,-3.8462558509832014,-3.4958400443267337,-2.603661386835271,-2.8392311032870277,5.500244976
ENSG00000286214,AUXG01000058.1,lncRNA,-1.500178509187612,-3.18011416556455,-1.6791055322817336,-2.2701130486930245,-4.3253663815098315,-2.5909755274473505,-2.2701130486930245,7.514277723866667
ENSG00000003249,DBNDD1,protein_coding,-1.8130811341470157,-3.266239880705604,-1.8396970812535707,-3.2833528957840596,-2.7279223731740054,-2.586058673012851,-2.7279223731740054,12.065166522266669
ENSG00000178776,C5orf46,protein_coding,-0.9292568586986638,-4.801489441307795,-2.4186419760686357,-3.7565206585245,-1.018456960863685,-2.584873179092656,-2.4186419760686357,143.41416172666666
ENSG00000021645,NRXN3,protein_coding,-0.7876178334122983,-3.6243846335338263,-3.090857744381569,-2.6171285070883616,-2.755430130607259,-2.575083769804663,-2.755430130607259,120.04535812273335
ENSG00000172346,CSDC2,protein_coding,-2.557829035854099,-1.3723433557872142,-4.663658107873344,-1.4185706451733426,-2.7979648812121454,-2.5620732051800292,-2.557829035854099,13.122712856733335
ENSG00000111087,GLI1,protein_coding,-5.003130880057384,-2.1494281914719315,-1.4332074736828377,-2.6146245637911,-1.5951254433757458,-2.5591033104758,-2.1494281914719315,12.494305503733335
ENSG00000122641,INHBA,protein_coding,-2.0922798972361054,-2.8935855748358037,-3.36499329135318,-2.5327494926897334,-1.757635060437627,-2.5282486633104897,-2.5327494926897334,5261.7678245333345
ENSG00000158008,EXTL1,protein_coding,-0.5231027751870254,-3.145283318809577,-4.457631006590506,-2.9156875654419823,-1.5877731477250343,-2.525895562750825,-2.9156875654419823,191.99844659066667
ENSG00000100626,GALNT16,protein_coding,-1.368400529177182,-1.7203762750186506,-3.6038764149794322,-3.986226545191533,-1.9452522539721993,-2.5248264036677996,-1.9452522539721993,11.694568794466669
ENSG00000106003,LFNG,protein_coding,-3.0120369590338303,-2.05710938386979,-3.5166756054971033,-1.4614080299185073,-2.4591023559216465,-2.5012664668481754,-2.4591023559216465,125.810385524
ENSG00000160013,PTGIR,protein_coding,-1.311415129886342,-3.0304293545041747,-3.742306291492063,-3.1587646740979345,-1.2068439177573387,-2.4899518735475707,-3.0304293545041747,47.171160069
ENSG00000139211,AMIGO2,protein_coding,-1.5039597243161875,-4.152751378531388,-1.853096473740651,-2.3695223268026933,-2.5089693384312657,-2.477659848364437,-2.3695223268026933,1664.6204134866664
ENSG00000242759,LINC00882,lncRNA,-2.078352802890298,-2.1477617727014424,-2.669346751305042,-2.4171079020489232,-3.0391267544158254,-2.470339196672306,-2.4171079020489232,137.18072488466666
ENSG00000197646,PDCD1LG2,protein_coding,-1.8023028425145435,-1.775395158535173,-3.940599726115148,-3.444568141994571,-1.3745134402139243,-2.4674758618746724,-1.8023028425145435,299.5794917673333
ENSG00000120217,CD274,protein_coding,-2.4601313692463185,-1.5391750367932096,-2.2428037249473936,-2.916538507231296,-3.16966660153962,-2.4656630479515678,-2.4601313692463185,70.63347829946666
ENSG00000133424,LARGE1,protein_coding,-3.291056685331511,-2.7469796916035287,-2.119342478700233,-2.082685793527368,-2.052555322587934,-2.458523994350115,-2.119342478700233,438.4908690633332
ENSG00000171877,FRMD5,protein_coding,-1.6065191956712774,-2.523778615675837,-5.377673669709459,-1.0405702833314954,-1.7251281197973931,-2.4547339768370926,-1.7251281197973931,19.024241739866667
ENSG00000164850,GPER1,protein_coding,-2.2539934463472715,-1.6621922208462814,-2.679708099092744,-3.478563791161243,-2.1670211612115553,-2.448295743731819,-2.2539934463472715,23.587115107600003
ENSG00000259207,ITGB3,protein_coding,-2.231466012705667,-2.718287623392431,-2.7177683131306605,-2.5553257262547495,-2.0133859875586904,-2.4472467326084395,-2.5553257262547495,166.6685285300001
ENSG00000228022,HCG20,lncRNA,-1.5238405570676379,-1.881462949911543,-1.0504166759079618,-4.795209254680374,-2.975827413225899,-2.4453513701586833,-1.881462949911543,5.306198319733334
ENSG00000196557,CACNA1H,protein_coding,-2.0728085821959232,-3.937060160717137,-2.1155190610262378,-2.569703932597029,-1.5102888224167055,-2.4410761117906064,-2.1155190610262378,21.235054559799995
ENSG00000065361,ERBB3,protein_coding,-0.6382174971890717,-2.4827412794188066,-4.974156821479797,-2.3670250085710887,-1.7176818349266858,-2.43596448831709,-2.3670250085710887,13.922907745933333
ENSG00000108797,CNTNAP1,protein_coding,-2.002769848721485,-2.4414096014582505,-2.2763646037761163,-3.0061083832946967,-2.447703714281767,-2.434871230306463,-2.4414096014582505,194.20498883866668
ENSG00000253161,LINC01605,lncRNA,-1.5241156264935087,-3.160261614757319,-2.284917803322995,-3.458163203286702,-1.7218485554468321,-2.4298613606614716,-2.284917803322995,53.7428455834
ENSG00000151388,ADAMTS12,protein_coding,-1.186970473059878,-3.1606420803398745,-3.460900673392933,-2.7660352279082563,-1.5730015145028755,-2.4295099938407634,-2.7660352279082563,1075.3801176333334
ENSG00000187955,COL14A1,protein_coding,-2.3473387002547534,-4.1801238739907935,-3.55355321039128,-1.590422316597131,-0.4676418370634128,-2.427815987659474,-2.3473387002547534,88.65947853560002
ENSG00000255874,PRECSIT,lncRNA,-1.6438032038554269,-1.732324742500131,-5.634913066118495,-1.230834390214155,-1.8849765485555272,-2.425370390248747,-1.732324742500131,29.96280454733333
ENSG00000246859,STARD4-AS1,lncRNA,-1.7707077873197181,-1.6918172662276783,-4.604730274794081,-2.7951600085984407,-1.226765781665823,-2.417836223721148,-1.7707077873197181,12.7205362536
ENSG00000109107,ALDOC,protein_coding,-2.3335719644995176,-1.8215644980668317,-3.107730033295459,-2.023488088763033,-2.8001553866584157,-2.4173019942566514,-2.3335719644995176,194.67765431933333
ENSG00000178919,FOXE1,protein_coding,-0.7492648231152108,-2.4480107665868722,-5.34203727143631,-1.990202952698139,-1.5490969760469608,-2.4157225579766988,-1.990202952698139,33.8591601688
ENSG00000174469,CNTNAP2,protein_coding,-3.8403264521115528,-2.810686054512921,-2.179683834089759,-1.4364139109259795,-1.8002847078657118,-2.413478991901185,-2.179683834089759,30.5761347126
ENSG00000126562,WNK4,protein_coding,-1.2309674866404103,-1.1212575779633251,-4.877895935469583,-2.715604082059782,-2.0435780017143905,-2.3978606167694982,-2.0435780017143905,30.196890913066667
ENSG00000101670,LIPG,protein_coding,-2.9566948206253274,-2.049005995688524,-1.498372559084939,-1.9021772259222036,-3.5800214040285274,-2.3972544010699046,-2.049005995688524,9.0381906408
ENSG00000172137,CALB2,protein_coding,-1.6722556994816995,-3.3749032306947804,-4.0193409073352715,-1.8459557920365481,-1.0649945791602318,-2.395490041741706,-1.8459557920365481,8.045836901866666
ENSG00000112715,VEGFA,protein_coding,-2.8764519084692868,-2.5232701539661253,-0.802706241440232,-2.6599763045858893,-3.055719982871695,-2.3836249182666456,-2.6599763045858893,2900.3036219133337
ENSG00000149090,PAMR1,protein_coding,-3.4205979477633957,-2.4356616716138166,-1.9042672718312241,-2.2524047212621285,-1.8552597337637478,-2.3736382692468623,-2.2524047212621285,133.35208089933332
ENSG00000176171,BNIP3,protein_coding,-2.0728350060668124,-2.8919608137389687,-2.7159939559639703,-2.383071826374948,-1.7954250014421103,-2.371857320717362,-2.383071826374948,2008.009038773333
ENSG00000253837,AC090197.1,lncRNA,-1.9170296576752501,-2.8854970528705373,-1.1980798893770825,-3.465938601382462,-2.3912810115162917,-2.3715652425643245,-2.3912810115162917,23.912092668133333
ENSG00000285294,LINC00842,lncRNA,-0.722695997492866,-2.8545191179517952,-4.926829080781083,-2.096672876189813,-1.2462619923433036,-2.3693958129517716,-2.096672876189813,16.274278842000005
ENSG00000156273,BACH1,protein_coding,-2.873142778491154,-2.6623598846007486,-0.5375448013223654,-2.8921998641367583,-2.866682001077635,-2.366385865925732,-2.866682001077635,2104.0156914466666
ENSG00000272341,AL137003.1,lncRNA,-2.552987999279062,-1.851613558055687,-4.877895935469583,-1.1838198202419576,-1.3469213228836816,-2.362647727185994,-1.851613558055687,11.587599825933335
ENSG00000197358,BNIP3P1,transcribed_processed_pseudogene,-2.1315965918836497,-3.051854807306957,-2.1483518227449103,-2.820894774113003,-1.6510147008134677,-2.3607425393723975,-2.1483518227449103,250.14980748000002
ENSG00000180914,OXTR,protein_coding,-1.0835043054322568,-2.26861761570008,-3.1459657276840254,-3.39499530348572,-1.8699302960962498,-2.3526026496796666,-2.26861761570008,687.0346479886667
ENSG00000100427,MLC1,protein_coding,-1.5635058548703555,-1.5399724679661655,-3.4781902310236927,-3.1804291215932605,-1.9839348540911863,-2.349206505908932,-1.9839348540911863,6.5833109016
ENSG00000145681,HAPLN1,protein_coding,-1.533941694711661,-3.44555970548347,-3.0270257277929016,-2.568836441752076,-1.1658814649111218,-2.348249006930246,-2.568836441752076,4648.3138427799995
ENSG00000122884,P4HA1,protein_coding,-1.8995111476856081,-3.0539240934559686,-2.126471870987711,-2.5143183131852087,-2.0527537947401093,-2.329395844010921,-2.126471870987711,4186.434764799999
ENSG00000164530,PI16,protein_coding,-1.1982196420629392,-2.82891260364116,-2.338448510085537,-2.2317780705029193,-3.046044010766389,-2.328680567411789,-2.338448510085537,6.216865639200001
ENSG00000197046,SIGLEC15,protein_coding,-0.8917988927404767,-2.0077368959907425,-4.543292616141969,-2.1786143872322077,-1.9450658954927533,-2.3133017375196294,-2.0077368959907425,11.707508895666667
ENSG00000013588,GPRC5A,protein_coding,-2.3465328433813433,-2.0793618425889973,-0.288741326602473,-3.0549775899935536,-3.7645107219705753,-2.3068248649073886,-2.3465328433813433,207.437035842
ENSG00000188042,ARL4C,protein_coding,-1.9058418364413683,-4.553432227723892,-0.7833712819113625,-2.830333583222151,-1.458248353580875,-2.3062454565759296,-1.9058418364413683,398.2045618580001
ENSG00000253496,AC011586.2,lncRNA,-1.82684012858022,-2.9319492905126294,-2.8402361847996667,-1.6257276295289538,-2.30629985087507,-2.306210616859308,-2.30629985087507,19.102862326799997
ENSG00000171388,APLN,protein_coding,-3.0666949762575446,-1.3706726479533433,-5.543737919139267,-1.3682371480109987,-0.1670036937284367,-2.3032692770179173,-1.3706726479533433,50.10882314433333
ENSG00000261327,AC134312.5,lncRNA,-1.6121910711023073,-2.4233092613963754,-1.6397634019265523,-4.504151184046986,-1.329087041252495,-2.301700391944943,-1.6397634019265523,15.831155165199998
ENSG00000125398,SOX9,protein_coding,-2.792623019799392,-3.5398995834462714,-0.6007768648588883,-2.0473890323699764,-2.4273770222730366,-2.281613104549513,-2.4273770222730366,55.81251356733333
ENSG00000236404,VLDLR-AS1,lncRNA,-1.3865389720232146,-4.220971828760032,-0.6095965414571562,-3.027596568224888,-2.157970648152723,-2.2805349117236027,-2.157970648152723,41.552035323933325
ENSG00000176826,FKBP9P1,transcribed_unprocessed_pseudogene,-3.2544903640443406,-2.4806055423242896,-0.4980399419633743,-4.167816002123322,-0.9308723437453548,-2.2663648388401363,-2.4806055423242896,35.15639361673334
ENSG00000184343,SRPK3,protein_coding,-1.6493542456769092,-2.3705135609801538,-1.6791055322817336,-2.779129196727732,-2.7771748954208317,-2.2510554862174716,-2.3705135609801538,9.326729635
ENSG00000164099,PRSS12,protein_coding,-1.453005980019583,-2.751137283036723,-2.266681227327169,-2.562968699393485,-2.203385453941258,-2.2474357287436435,-2.266681227327169,395.0630906206667
ENSG00000167103,PIP5KL1,protein_coding,-2.1049165525793145,-1.1867975919616591,-2.590793516584864,-3.093486854557229,-2.1693257457974897,-2.229064052296111,-2.1693257457974897,22.988945872800002
ENSG00000239332,LINC01119,lncRNA,-0.6140630338291215,-2.285663044276187,-4.177596782913868,-3.1684810860512145,-0.892030391916184,-2.2275668677973153,-2.285663044276187,25.916279633799995
ENSG00000196155,PLEKHG4,protein_coding,-1.5948854914338613,-1.6892801066335146,-2.940902793088773,-2.6739385330245495,-2.1206315482761706,-2.203927694491374,-2.1206315482761706,173.93396628066668
ENSG00000106366,SERPINE1,protein_coding,-1.1109853726958487,-2.321296281806662,-1.6479057179767125,-3.78594824885017,-2.13655085354282,-2.200537294974443,-2.13655085354282,33845.87298326667
ENSG00000105605,CACNG7,protein_coding,-1.4602330254361773,-1.477579025140707,-2.338448510085537,-3.5254331707549613,-2.17543037811856,-2.1954248219071886,-2.17543037811856,7.9499812801999985
ENSG00000117595,IRF6,protein_coding,-2.9328341425203237,-1.5992009228201995,-3.6038764149794322,-0.44812123164267614,-2.3871657337202326,-2.1942396891365727,-2.3871657337202326,12.812293622933334
ENSG00000119714,GPR68,protein_coding,-0.17079235837635043,-3.5683946938868605,-3.658631142820115,-3.5653484018099797,-0.0012147576436616347,-2.1928762709073935,-3.5653484018099797,49.073229936199986
ENSG00000259807,AC009093.1,lncRNA,-1.5437821045094573,-2.762082198100587,-4.411963247983477,-1.9083010068148747,-0.2256107846408959,-2.1703478684098583,-1.9083010068148747,10.617642597733333
ENSG00000164929,BAALC,protein_coding,-2.8868218617472756,-2.026118721720435,-2.637536953293652,-0.45795572325702594,-2.841939648432281,-2.170074581690134,-2.637536953293652,58.00128794866666
ENSG00000229931,ATXN1-AS1,lncRNA,-1.1804608382583341,-2.6665489701771596,-3.3405003238118716,-1.494645409192684,-2.1669780629900504,-2.16982672088602,-2.1669780629900504,5.507283341600001
ENSG00000038945,MSR1,protein_coding,-1.3789477325404347,-3.0256801857619333,-2.4880637455404417,-2.041335333708547,-1.8679054641316628,-2.160386492336604,-2.041335333708547,33.02838698513333
ENSG00000126785,RHOJ,protein_coding,-2.160900929218939,-2.48434494009132,-2.6021671782560802,-1.7470614086531526,-1.7942707922955332,-2.1577490497030047,-2.160900929218939,32.621522294866665
ENSG00000135919,SERPINE2,protein_coding,-0.4169375420546828,-4.020055022678148,-2.6910340371286434,-2.6459519219719514,-1.0042641300583295,-2.1556485307783513,-2.6459519219719514,18607.8369246
ENSG00000182379,NXPH4,protein_coding,-1.8080676578776784,-2.197325226860208,-1.7616346562130434,-3.23742918351988,-1.7619145817134316,-2.1532742612368483,-1.8080676578776784,11.683581371
ENSG00000133107,TRPC4,protein_coding,-2.219180292308863,-1.919758430813192,-1.6196621200245822,-1.8978975514755296,-3.0653810216797046,-2.1443758832603743,-1.919758430813192,156.602184912
ENSG00000140105,WARS1,protein_coding,-2.2561686858447807,-2.790629885008542,-0.28107362315525997,-2.9943019409913276,-2.379166616322772,-2.1402681502645367,-2.379166616322772,2231.297495986667
ENSG00000122694,GLIPR2,protein_coding,-2.093711912533097,-1.8475109001655792,-2.3718791939145873,-2.4826587819727735,-1.8851635997856082,-2.136184877674329,-2.093711912533097,449.10425542666667
ENSG00000135424,ITGA7,protein_coding,-2.077669350012398,-2.0860511195396283,-1.6313437088931888,-1.9472362923596238,-2.937206595738836,-2.135901413308735,-2.077669350012398,303.85950528333336
ENSG00000212724,KRTAP2-3,protein_coding,-1.5675538043740334,-2.049005995688524,-2.0906079908549287,-2.103543762946039,-2.8165163783049674,-2.1254455864336985,-2.0906079908549287,14.931835313933329
ENSG00000151006,PRSS53,protein_coding,-1.175510721026222,-1.8380308818919215,-5.512019165200403,-1.312181190859358,-0.7810471406693522,-2.1237578199294513,-1.312181190859358,17.658852589200002
ENSG00000169744,LDB2,protein_coding,-1.0575228700532469,-1.9593531048474855,-3.397619971713909,-2.178496229105275,-2.000670672745432,-2.11873256969307,-2.000670672745432,125.62578171733334
ENSG00000273312,AL121749.1,lncRNA,-0.1224415453729717,-2.5736406271895227,-4.189408211328774,-3.3327596947859783,-0.3581648378817963,-2.1152829833118085,-2.5736406271895227,6.874626092000001
ENSG00000225205,AC078883.1,lncRNA,-1.6406074197318379,-3.275759758834097,-0.894978671003253,-2.592507679463633,-2.1602775181959206,-2.1128262094457484,-2.1602775181959206,26.812678984
ENSG00000137203,TFAP2A,protein_coding,-0.3443694594599469,-1.5320483631040347,-4.479121789646434,-2.314023305163455,-1.8919448870556501,-2.1123015608859044,-1.8919448870556501,11.103320801133332
ENSG00000179772,FOXS1,protein_coding,-0.1651332781176018,-3.0180976452029302,-3.6038764149794322,-3.147515967365891,-0.6081218085561702,-2.108549022844405,-3.0180976452029302,11.589276732
ENSG00000150551,LYPD1,protein_coding,-3.7913308125011937,-1.239686607838431,-0.6762116070138813,-1.5551543624358706,-3.2602741743131203,-2.1045315128204996,-1.5551543624358706,474.430394044
ENSG00000274370,AC130371.2,lncRNA,-1.5727750807368794,-2.3146643158446016,-4.1068790873974645,-0.42101554745138214,-2.098748572737621,-2.10281652083359,-2.098748572737621,10.3063479908
ENSG00000205336,ADGRG1,protein_coding,-1.445885269447424,-1.790029684343603,-4.604730274794081,-0.7582566897967098,-1.8919448870556501,-2.0981693610874936,-1.790029684343603,5.7924744102
ENSG00000128422,KRT17,protein_coding,-1.5531908683126359,-3.867896298741174,-1.5028288687668292,-2.879860227249388,-0.5908847632957146,-2.0789322052731487,-1.5531908683126359,55.210737718000004
ENSG00000232788,ITGA6-AS1,lncRNA,-1.8436328579518966,-3.0200170674990727,-1.1761028598637013,-2.7068565583774564,-1.625977223553844,-2.0745173134491948,-1.8436328579518966,5.903078664933334
ENSG00000259518,LINC01583,lncRNA,-1.335478648675882,-2.087350647328625,-4.543292616141969,-1.3958904946990716,-1.0061799675712515,-2.0736384748833596,-1.3958904946990716,19.059908401333335
ENSG00000178860,MSC,protein_coding,-1.4420852526551453,-3.6132084190809737,-0.6724143985558912,-2.937810334184773,-1.6830678731983255,-2.069717255535022,-1.6830678731983255,125.78874187666663
ENSG00000214530,STARD10,protein_coding,-2.0014883748538184,-2.493905989089245,-1.5098896143646554,-2.7114523247731777,-1.6287530427745391,-2.0690978691710873,-2.0014883748538184,76.88808598866667
ENSG00000101311,FERMT1,protein_coding,-1.2160890427972317,-1.9411729431816542,-4.720273152537368,-2.0320026657187817,-0.4290069943269774,-2.0677089597124025,-1.9411729431816542,19.133561890866666
ENSG00000114268,PFKFB4,protein_coding,-2.0829803425836237,-2.261670525026809,-2.314529339381286,-2.088033467107489,-1.5848392744039854,-2.066410589700639,-2.088033467107489,249.75356658466666
ENSG00000142583,SLC2A5,protein_coding,-0.8185194595144507,-4.7429070630818035,-2.0670048893798745,-2.454365677872392,-0.19402995169874426,-2.055365408309453,-2.0670048893798745,89.861961453
ENSG00000251493,FOXD1,protein_coding,-1.6110710717376246,-2.809605221336164,-1.0725336861055048,-2.445726463976909,-2.2773569963883826,-2.043258687908917,-2.2773569963883826,664.1328381133332
ENSG00000144824,PHLDB2,protein_coding,-1.4918053034176513,-2.233909230855911,-2.6338422011672584,-2.0954480980375063,-1.7599941416408669,-2.0429997950238388,-2.0954480980375063,2204.8706920199998
ENSG00000205476,CCDC85C,protein_coding,-2.013195905662525,-1.8920885629406632,-1.8660590198567615,-2.709764544942389,-1.730239996610809,-2.0422696060026295,-1.8920885629406632,169.7682766486666
ENSG00000188573,FBLL1,protein_coding,-1.8436328579518966,-2.7354216089836187,-0.9127267686961407,-2.8867233913329033,-1.8160296138678937,-2.0389068481664907,-1.8436328579518966,8.4045621102
ENSG00000144730,IL17RD,protein_coding,-1.82684012858022,-1.1415040004027222,-3.4781902310236927,-2.2496825968155107,-1.490522396779265,-2.037347870720282,-1.82684012858022,11.506369453533333
ENSG00000074410,CA12,protein_coding,-1.1076406229668443,-2.283925511582501,-2.662925520746656,-3.195215410800044,-0.92161069964531,-2.034263553148271,-2.283925511582501,1492.69418286
ENSG00000154529,CNTNAP3B,protein_coding,-1.3129985905792108,-2.4228503955754945,-2.5465785050572176,-1.9083010068148747,-1.973543497891681,-2.0328543991836954,-1.973543497891681,162.75334351619998
ENSG00000147883,CDKN2B,protein_coding,-0.9347969420711468,-2.858907344553149,-2.152764014851126,-1.713831054243367,-2.4912838191643862,-2.030316634976635,-2.152764014851126,628.8004937066665
ENSG00000117122,MFAP2,protein_coding,-0.8063066748532268,-3.5290881768017064,-2.6268516589171416,-2.4441451448503084,-0.7351036290199389,-2.0282990568884642,-2.4441451448503084,437.17323402866657
ENSG00000119514,GALNT12,protein_coding,-2.371649827755751,-1.3723433557872142,-3.4781902310236927,-2.4983542669116585,-0.4203620022043397,-2.0281799367365307,-2.371649827755751,9.822739100399996
ENSG00000205129,C4orf47,protein_coding,-0.7543515094315909,-2.4734019285424877,-4.974156821479797,-0.6698189429710459,-1.2404187423107085,-2.022429588947126,-1.2404187423107085,12.189606053999999
ENSG00000049246,PER3,protein_coding,-2.9451922970504203,-1.898340484057659,-0.7456172949374391,-2.206742099207962,-2.2800939284755124,-2.0151972207457987,-2.206742099207962,92.2210074653333
ENSG00000185972,CCIN,protein_coding,-1.476350861222811,-1.296282843270105,-4.604730274794081,-1.4510649668972904,-1.1980337537414583,-2.005292539985149,-1.4510649668972904,15.946866276200002
ENSG00000152953,STK32B,protein_coding,-2.2148319638741483,-1.6870043855393821,-1.8987657826651971,-2.6367127201324294,-1.5857720778584539,-2.0046173860139223,-1.8987657826651971,30.39119962366667
ENSG00000133816,MICAL2,protein_coding,-0.9773351509217623,-1.9261514531962387,-2.688482606510574,-2.925121695848558,-1.4695595745982857,-1.9973300962150837,-1.9261514531962387,5900.575545000001
ENSG00000151640,DPYSL4,protein_coding,-1.4126696654442314,-2.1392382973925805,-1.814881127386232,-3.790945046490195,-0.8099552953762377,-1.9935378864178954,-1.814881127386232,177.49804455940003
ENSG00000146674,IGFBP3,protein_coding,-0.17759831910447765,-3.4872699400634612,-2.1204137079562937,-2.7217209003830884,-1.4347527341137347,-1.9883511203242112,-2.1204137079562937,14412.6823576
ENSG00000145934,TENM2,protein_coding,-0.7188661515002241,-3.208066999381777,-3.1865423458648765,-2.3189179776189777,-0.49495916033328413,-1.985470526939828,-2.3189179776189777,1094.640377124
ENSG00000260604,AL590004.3,lncRNA,-1.741904953820427,-2.5898573481183123,-1.5529554711571238,-2.1471323951517993,-1.877933268893334,-1.9819566874281989,-1.877933268893334,157.718817654
ENSG00000142949,PTPRF,protein_coding,-1.3292240123639232,-2.6748171349496612,-1.8362990982014695,-2.2188935880450114,-1.816605458010919,-1.9751678583141967,-1.8362990982014695,724.1836693299999
ENSG00000286518,AL354743.1,lncRNA,-2.3357784540484454,-0.7074288349138937,-3.29289349826024,-1.5812655782821805,-1.9430300082672733,-1.9720792747544067,-1.9430300082672733,21.298662717266666
ENSG00000112379,ARFGEF3,protein_coding,-0.7402743648803491,-2.196064807905359,-2.8250481595780608,-2.7517666051954373,-1.3061571141879798,-1.963862210349437,-2.196064807905359,5.5402712733333335
ENSG00000186340,THBS2,protein_coding,-1.3637937744587045,-3.738819280619568,-1.6978847772256156,-2.3396831029961493,-0.6707105452617057,-1.9621782961123486,-1.6978847772256156,13805.277023200002
ENSG00000133110,POSTN,protein_coding,-1.4308078703971017,-2.9514299551759446,-1.4547920789093478,-2.078782528185174,-1.8817531142456705,-1.9595131093826477,-1.8817531142456705,26560.700316933333
ENSG00000049192,ADAMTS6,protein_coding,-1.1715238943825526,-2.273892470554177,-2.062211029405786,-2.4915955556300258,-1.7928641139529446,-1.958417412785097,-2.062211029405786,917.3584376066666
ENSG00000114115,RBP1,protein_coding,-2.901652150837259,-1.508573270657391,-3.4781902310236927,-0.5732169471660753,-1.3299727258152414,-1.9583210650999319,-1.508573270657391,6.195597625133333
ENSG00000225383,SFTA1P,lncRNA,-1.418050654580385,-1.5012333977055237,-0.3675069406180005,-4.386835756555172,-2.1177279752588962,-1.9582709449435953,-1.5012333977055237,29.426078470666663
ENSG00000170425,ADORA2B,protein_coding,-1.5919613369622692,-2.8776269264981957,-1.1572006449148082,-2.3883400933327272,-1.7670121427271948,-1.9564282288870392,-1.7670121427271948,38.693877811600004
ENSG00000091986,CCDC80,protein_coding,-1.2105596875040376,-2.174334151174879,-2.8745884728977664,-2.2011975152396595,-1.2800872972356565,-1.9481534248103998,-2.174334151174879,15345.834786466665
ENSG00000219607,PPP1R3G,protein_coding,-1.9472886190979528,-2.2466080404912177,-1.5639227364784425,-1.9070612866141334,-2.0747864971887906,-1.9479334359741074,-1.9472886190979528,43.49863361033332
ENSG00000240764,PCDHGC5,protein_coding,-1.2395105608808943,-1.2935179421971548,-4.1068790873974645,-0.9170914097250731,-2.164780341626956,-1.9443558683655087,-1.2935179421971548,9.1383820638
ENSG00000169991,IFFO2,protein_coding,-1.2725729582987189,-2.3676947807927746,-1.688419926536568,-2.3250333949700472,-2.0677818557575023,-1.9443005832711222,-2.0677818557575023,675.8517208333334
ENSG00000257732,AC089983.1,lncRNA,-3.337129583332972,-0.8547247668060385,-1.010347407197445,-3.0967471976965912,-1.412269741980663,-1.9422437394027419,-1.412269741980663,6.701257536800001
ENSG00000186314,PRELID2,protein_coding,-1.6207478376138669,-1.5855601860034811,-3.55355321039128,-0.7439586687071653,-2.175105993296163,-1.9357851792023915,-1.6207478376138669,58.92201405626667
ENSG00000229628,AC073115.1,lncRNA,-1.285677492175136,-3.1693865818201945,-2.2924995974216373,-1.4727271179524282,-1.407003949636954,-1.92545894780127,-1.4727271179524282,28.101743860199992
ENSG00000144681,STAC,protein_coding,-2.0446698748778105,-2.6903465430299267,-1.2389323834606643,-2.4584840204630725,-1.1299022655540396,-1.9124670174771026,-2.0446698748778105,141.76916819866665
ENSG00000183840,GPR39,protein_coding,-1.6406074197318379,-0.7928838787761299,-5.149319042519763,-1.3811407944089544,-0.5578656646547007,-1.9043633600182772,-1.3811407944089544,27.576067211733335
ENSG00000162433,AK4,protein_coding,-1.320027792835127,-2.7428312707753726,-2.8655703134360806,-1.791051145713439,-0.7971560894949761,-1.903327322450999,-1.791051145713439,961.0171775000002
ENSG00000067840,PDZD4,protein_coding,-3.505447239134825,-0.8547247668060385,-3.719485028619155,-1.2327155730331811,-0.2037258310657739,-1.9032196877317944,-1.2327155730331811,6.517597276800001
ENSG00000149571,KIRREL3,protein_coding,-1.5214588269950005,-2.2453188498470062,-1.398519116198223,-2.0957560895727614,-2.253623394935164,-1.902935255509631,-2.0957560895727614,97.62464402266666
ENSG00000270562,AC097634.1,lncRNA,-1.9052562352818527,-2.0164406377289983,-3.207139511002764,-0.5638442681011195,-1.8144753747923397,-1.9014312053814149,-1.9052562352818527,19.0928533826
ENSG00000170558,CDH2,protein_coding,-1.558651544908093,-2.5321918838631614,-1.3078715857001093,-2.0470940424750097,-2.00675559226201,-1.8905129298416767,-2.00675559226201,4093.068420133333
ENSG00000116584,ARHGEF2,protein_coding,-1.4119567322843132,-2.369645357545359,-0.29985199500561244,-3.2998067484136815,-2.051577501223127,-1.8865676668944187,-2.051577501223127,1534.6758128933327
ENSG00000264301,LINC01444,lncRNA,-1.2910901336672764,-3.0776333319075366,-2.39416365011307,-1.0940864567146549,-1.5458317791185792,-1.8805610703042235,-1.5458317791185792,30.428604303200007
ENSG00000250241,AC105383.1,lncRNA,-1.0916406707791677,-3.400454990753862,-3.0180595489650557,-1.1885840109823964,-0.6967369127734342,-1.879095226850783,-1.1885840109823964,7.321659139933334
ENSG00000273084,AC092171.5,lncRNA,-1.2941008563005103,-2.003673899811094,-4.267470636369302,-1.0940864567146549,-0.7246891315437307,-1.876804196147858,-1.2941008563005103,13.98511218973333
ENSG00000106976,DNM1,protein_coding,-2.0302906793776323,-0.4936813461966154,-5.019981160087856,-0.13113464557140597,-1.6994505405212044,-1.8749076743509427,-1.6994505405212044,14.777957541533333
ENSG00000185760,KCNQ5,protein_coding,-1.4748783132418293,-2.398072539221359,-1.884560629712519,-1.6571729196500868,-1.9332023164011778,-1.8695773436453944,-1.884560629712519,79.26338707733335
ENSG00000100234,TIMP3,protein_coding,-1.5961518084832385,-2.81162289063837,-0.9196985928141981,-2.3399340316722324,-1.6582647863604905,-1.8651344219937058,-1.6582647863604905,13564.316031266668
ENSG00000151474,FRMD4A,protein_coding,-1.4896277863304936,-1.3609554728405868,-3.21793806212278,-1.8040612960164166,-1.4380784854335449,-1.8621322205487645,-1.4896277863304936,315.1907648313334
ENSG00000162591,MEGF6,protein_coding,-1.0113820377945686,-3.19799381045269,-0.8717205000820094,-2.9220431742602955,-1.2855061676926436,-1.8577291380564414,-1.2855061676926436,1230.5008277733332
ENSG00000137642,SORL1,protein_coding,-1.4028507009118543,-3.1837987668368677,-0.39727460446232987,-1.7832709377661466,-2.512495825131621,-1.855938167021764,-1.7832709377661466,5.816894160133333
ENSG00000138111,MFSD13A,protein_coding,-1.3530599114127768,-2.051647337685404,-1.6791055322817336,-2.333024330998183,-1.7619145817134316,-1.8357503388183058,-1.7619145817134316,10.8364153436
ENSG00000187720,THSD4,protein_coding,-1.320485908737841,-2.1789328048860552,-1.7269393903064199,-2.7139754546147463,-1.234361905384449,-1.8349390927859024,-1.7269393903064199,192.07224780800001
ENSG00000163347,CLDN1,protein_coding,-0.5775077197249066,-2.7354216089836187,-2.0154934131487776,-2.3835685726122775,-1.4563146851082966,-1.8336611999155754,-2.0154934131487776,7.609397445466668
ENSG00000074527,NTN4,protein_coding,-0.43624176862806685,-2.3700317214516122,-1.3348801051230925,-3.5403196815118427,-1.4488696008307844,-1.8260685755090797,-1.4488696008307844,1846.22197204
ENSG00000112078,KCTD20,protein_coding,-1.157735336672772,-1.4306717380455165,-2.99208112210939,-2.000168032602746,-1.5365084483069946,-1.8234329355474839,-1.5365084483069946,5532.585562133334
ENSG00000224259,LINC01133,lncRNA,-2.2083140291362344,-2.217140632640449,-0.9158164759922487,-1.8023651053433687,-1.9492749492406514,-1.8185822384705905,-1.9492749492406514,178.3170877386667
ENSG00000233098,CCDC144NL-AS1,lncRNA,-0.8180118447546754,-2.5228882605870666,-1.9137515823054314,-3.153825224965365,-0.6806878375790948,-1.8178329500383268,-1.9137515823054314,17.064111846
ENSG00000103888,CEMIP,protein_coding,-1.2570107865869282,-2.127546632295017,-1.9878447773082648,-2.142020334523444,-1.558904460777656,-1.8146653982982621,-1.9878447773082648,20470.434755266666
ENSG00000110427,KIAA1549L,protein_coding,-0.5427606340223825,-2.3390267792265336,-2.650438055789424,-2.2528439040193273,-1.2748396228802807,-1.8119817991875897,-2.2528439040193273,193.77173214
ENSG00000176490,DIRAS1,protein_coding,-1.597253036468575,-2.2820083324098777,-2.092140356807045,-2.1799482193194653,-0.9065817936943734,-1.8115863477398673,-2.092140356807045,130.489505952
ENSG00000170390,DCLK2,protein_coding,-0.7526127660279442,-2.7526440609179827,-1.5114995510947198,-1.9292586091764417,-2.086269607562177,-1.8064569189558533,-1.9292586091764417,278.28417200866664
ENSG00000262185,LINC02861,lncRNA,-1.1740749512489232,-1.6658524594641246,-2.9499001145937283,-1.677406537087207,-1.5547155373761368,-1.804389919954024,-1.6658524594641246,25.32616005713333
ENSG00000143867,OSR1,protein_coding,-0.4141917377353792,-1.5908746584292457,-2.2948903324724714,-3.7965457992412603,-0.9228730871983144,-1.8038751230153345,-1.5908746584292457,55.86008578333333
ENSG00000273117,INSIG1-DT,lncRNA,-2.7912976174610518,-0.004224126214352086,-4.0193409073352715,-0.3019144319416167,-1.86376358704567,-1.7961081339995926,-1.86376358704567,10.010808912199998
ENSG00000196526,AFAP1,protein_coding,-1.2385399430269395,-1.9514612896690178,-1.4321127753075462,-2.469668417337317,-1.881961225049844,-1.7947487300781328,-1.881961225049844,2183.3892859599996
ENSG00000159263,SIM2,protein_coding,-1.329986734739105,-2.101659302828562,-2.9812135373085327,-1.2095334761507983,-1.3483042313506317,-1.7941394564755258,-1.3483042313506317,65.42459769960001
ENSG00000124116,WFDC3,protein_coding,-1.1784497601609396,-1.0058809488869263,-3.92614611420067,-1.7516469756991437,-1.089486965926187,-1.7903221529747733,-1.1784497601609396,5.1930786164
ENSG00000135636,DYSF,protein_coding,-0.8859649329823043,-2.7157687417032372,-2.4581167694968693,-2.197283517969865,-0.6851739386590063,-1.7884615801622565,-2.197283517969865,269.910554718
ENSG00000180458,AC022148.1,lncRNA,-0.8818638233877532,-1.9157785411383976,-4.543292616141969,-1.0190912204485478,-0.5716466796504913,-1.786334576153432,-1.0190912204485478,9.289681226066667
ENSG00000276386,CNTNAP3P2,unprocessed_pseudogene,-1.3715464215350437,-2.8468059874039704,-2.3469765631142647,-0.8518626525273616,-1.512444846031082,-1.7859272941223445,-1.512444846031082,10.536935286133334
ENSG00000147852,VLDLR,protein_coding,-1.0276918839467175,-3.834108517031762,-0.3421248673353148,-1.436834765727566,-2.285594500713742,-1.7852709069510204,-1.436834765727566,442.39656711066675
ENSG00000088305,DNMT3B,protein_coding,-0.1606757860325052,-1.4050922872523541,-5.305498265949326,-1.7030975945141993,-0.3175806132527246,-1.7783889094002217,-1.4050922872523541,22.365448153400003
ENSG00000272620,AFAP1-AS1,lncRNA,-1.1751897498524477,-1.3800809072373659,-3.719485028619155,-1.3136452600385358,-1.2603013429210905,-1.7697404577337192,-1.3136452600385358,6.433350609266667
ENSG00000267577,AC010327.4,lncRNA,-0.06197789535379972,-1.963728099797322,-3.719485028619155,-3.0967471976965912,-0.0011340629274068093,-1.7686144568788549,-1.963728099797322,10.567859337733333
ENSG00000162746,FCRLB,protein_coding,-2.326238911879667,-1.8071647072115953,-1.3176645959395503,-1.7306965778357335,-1.6343844800044516,-1.7632298545741993,-1.7306965778357335,10.785304847866664
ENSG00000170909,OSCAR,protein_coding,-2.3977595233827045,-1.856577824765458,-1.010347407197445,-2.2317780705029193,-1.3061571141879798,-1.7605239880073014,-1.856577824765458,7.443142446133334
ENSG00000162572,SCNN1D,protein_coding,-1.3015116130930537,-1.3212016405356608,-4.663658107873344,-1.2985981845613277,-0.21432619478625847,-1.7598591481699288,-1.3015116130930537,14.5712937936
ENSG00000202048,SNORD114-20,snoRNA,-1.1772631593374103,-2.4031960127111747,-3.92614611420067,-0.13561657625846424,-1.1527613255993208,-1.758996637621408,-1.1772631593374103,14.003314421333332
ENSG00000061656,SPAG4,protein_coding,-0.5058067436809432,-1.982078938819126,-2.217199327283911,-2.68034010756629,-1.3783792429142014,-1.7527608720528942,-1.982078938819126,50.811306659133336
ENSG00000152377,SPOCK1,protein_coding,-0.9495156572633743,-2.442651413043407,-2.3073233931426955,-1.9506104303131249,-1.1057075183536575,-1.7511616824232519,-1.9506104303131249,1598.3383132133335
ENSG00000127561,SYNGR3,protein_coding,-1.7774223113136118,-0.7572831352179148,-3.0180595489650557,-2.4272324094808373,-0.7728912198418625,-1.7505777249638563,-1.7774223113136118,6.1559389998
ENSG00000100092,SH3BP1,protein_coding,-1.4109544894323778,-1.622851837501981,-3.92614611420067,-1.3709880076954428,-0.42126143356146306,-1.750440376478387,-1.4109544894323778,5.275917064866667
ENSG00000258021,AC025259.2,processed_pseudogene,-0.6482214324230666,-2.9954708549222513,-3.0180595489650557,-1.494645409192684,-0.5858855253517401,-1.7484565541709596,-1.494645409192684,6.1666523304
ENSG00000236609,ZNF853,protein_coding,-2.557829035854099,-1.1560720610733681,-3.6038764149794322,-1.2264264210296538,-0.1948592024740452,-1.74781262708212,-1.2264264210296538,10.114533435733332
ENSG00000174370,C11orf45,protein_coding,-0.6382174971890717,-1.04169918666812,-3.92614611420067,-2.1445592314940374,-0.9636736767179488,-1.7428591412539696,-1.04169918666812,9.9054756276
ENSG00000132359,RAP1GAP2,protein_coding,-1.366537766779552,-0.8049336299500185,-3.0440318594017604,-2.2437380516946464,-1.2547798940861705,-1.7428042403824295,-1.366537766779552,61.42577891199999
ENSG00000154134,ROBO3,protein_coding,-1.2770488293330207,-1.8553357444661325,-1.483596995238552,-2.7085147750130902,-1.3563757731843715,-1.7361744234470335,-1.483596995238552,21.055104587733336
ENSG00000060982,BCAT1,protein_coding,-1.4705370836722693,-2.2818061404725576,-1.6308052366495254,-1.7077478155229695,-1.5389718861288149,-1.7259736324892274,-1.6308052366495254,3903.3245146
ENSG00000254023,PKMP4,processed_pseudogene,-0.40639741468227,-0.7492281908859875,-5.543737919139267,-1.3917012193446965,-0.5373782233921167,-1.725688593488868,-0.7492281908859875,27.94089131913334
ENSG00000247809,NR2F2-AS1,lncRNA,-1.3290387275789004,-1.7654648182063468,-1.6397634019265523,-1.7550842752028282,-2.136124232841366,-1.7250950911511989,-1.7550842752028282,16.620664173533335
ENSG00000128203,ASPHD2,protein_coding,-1.1166913933597122,-2.0888673072861943,-2.3882639175551135,-2.9378843479248395,-0.08663176985674781,-1.7236677471965216,-2.0888673072861943,58.65141667333333
ENSG00000261888,AC144831.1,lncRNA,-1.527917664731219,-3.0014828022874935,-1.4461084692046238,-0.9540454770010722,-1.6711346476635303,-1.7201378121775879,-1.527917664731219,27.855971422600003
ENSG00000134247,PTGFRN,protein_coding,-0.9469038974144226,-1.9667476510613966,-3.0742124714113475,-2.0435521911615275,-0.5470108395905395,-1.7156854101278465,-1.9667476510613966,372.07302781133336
ENSG00000160200,CBS,protein_coding,-2.3859211661346205,-1.3565961985561144,-0.36449703159396485,-2.1176902706514102,-2.2922225115071435,-1.7033854356886509,-2.1176902706514102,40.91599071339999
ENSG00000214193,SH3D21,protein_coding,-1.6748153725832209,-1.7705780949134713,-1.7591367842769117,-1.9720972826541745,-1.3245170986427457,-1.7002289266141049,-1.7591367842769117,93.59866421800001
ENSG00000135437,RDH5,protein_coding,-0.16645268747821174,-1.7587385168470915,-2.841783144799684,-1.9955603692756885,-1.7300288464784854,-1.6985127129758326,-1.7587385168470915,34.87029395993333
ENSG00000225774,SIRPAP1,processed_pseudogene,-0.8687158316385002,-0.07617216170957075,-4.604730274794081,-1.1404147815889494,-1.7911272614623073,-1.6962320622386815,-1.1404147815889494,25.7857733458
ENSG00000170421,KRT8,protein_coding,-1.0429685309880101,-2.54483290146604,-1.3283619314114619,-2.394263849900234,-1.1585429385291786,-1.6937940304589851,-1.3283619314114619,153.77692298133334
ENSG00000111664,GNB3,protein_coding,-0.8073326634445839,-1.5160439387655549,-4.604730274794081,-0.682945383610885,-0.8426104356072699,-1.690732539244475,-0.8426104356072699,9.122546230666666
ENSG00000187800,PEAR1,protein_coding,-1.3790850375070303,-1.9126529346399224,-1.8192220770962386,-1.5236905139227481,-1.7890730501835224,-1.6847447226698926,-1.7890730501835224,200.21781150333337
ENSG00000121904,CSMD2,protein_coding,-1.7662960363467275,-1.016803135701064,-3.3203816658122647,-0.9982014280499194,-1.3018846688950116,-1.6807133869609974,-1.3018846688950116,22.4957076892
ENSG00000138395,CDK15,protein_coding,-0.19661173953154343,-2.5189919426242007,-2.4186419760686357,-1.689977138286328,-1.5767755429172041,-1.6801996678855822,-1.689977138286328,58.94881965666666
ENSG00000235531,MSC-AS1,lncRNA,-1.3609294840802226,-2.048551273906549,-2.0699433994290377,-1.490649957193832,-1.4250349292214963,-1.6790218087662274,-1.490649957193832,231.06206438333336
ENSG00000087253,LPCAT2,protein_coding,-0.9634172001294958,-2.3447898484919563,-1.5593065967784785,-2.0948371371412193,-1.4266827745297874,-1.6778067114141877,-1.5593065967784785,250.89320622733334
ENSG00000123243,ITIH5,protein_coding,-1.1846131531782997,-3.5885575552267213,-1.5915673522195406,-1.5765651360929687,-0.43095404422269645,-1.6744514481880455,-1.5765651360929687,5.277088380333334
ENSG00000205683,DPF3,protein_coding,-0.8879139026365839,-2.2047069351924233,-1.5201360007255365,-2.0700926143626437,-1.6839699682974731,-1.6733638842429321,-1.6839699682974731,20.27827703073333
ENSG00000270956,AC009948.2,lncRNA,-0.9797584742892544,-0.4880855433352429,-4.341525137421162,-1.5132906651342308,-1.0216248788320859,-1.6688569398023954,-1.0216248788320859,9.379949679866666
ENSG00000102385,DRP2,protein_coding,-1.0508865892949846,-0.8575071079403491,-3.6149003605207226,-1.1363924947738697,-1.6534245632798434,-1.6626222231619536,-1.1363924947738697,36.99615185646667
ENSG00000006118,TMEM132A,protein_coding,-1.7018173057181745,-2.512181173683227,-0.5580861304822449,-1.9190915489590594,-1.6126096126072689,-1.6607571542899948,-1.7018173057181745,175.74263830733338
ENSG00000286381,AL078622.1,lncRNA,-0.16471088222243058,-1.8709531190935298,-4.341525137421162,-1.541913562414438,-0.3716566379937709,-1.6581518678290663,-1.541913562414438,11.958435158333335
ENSG00000228594,FNDC10,protein_coding,-0.9094098356249969,-1.6863528005788377,-2.6579187935329887,-2.0469320540334,-0.9819696904239423,-1.6565166348388332,-1.6863528005788377,56.74433487066667
ENSG00000151414,NEK7,protein_coding,-1.0214877379935547,-2.6093658319521964,-1.4431547466055594,-1.9153457784516075,-1.2740485443555993,-1.6526805278717034,-1.4431547466055594,7511.911307200001
ENSG00000213700,RPL17P50,processed_pseudogene,-1.9014288420025984,-2.2384425448168193,-0.8983718818265944,-2.404186906865948,-0.7889386985023399,-1.6462737748028597,-1.9014288420025984,16.455122219133337
ENSG00000113532,ST8SIA4,protein_coding,-3.574527640132705,-1.1560720610733681,-1.5915673522195406,-0.2393252871307472,-1.6654133320090008,-1.645381134513072,-1.5915673522195406,7.7180488555333335
ENSG00000149633,KIAA1755,protein_coding,-0.5775077197249066,-1.080894653307489,-2.17695671967835,-2.43060007000187,-1.959640696849731,-1.6451199719124694,-1.959640696849731,9.930523831466669
ENSG00000215788,TNFRSF25,protein_coding,-2.007252654186335,-0.9763288641875612,-3.5277868496650906,-0.2726276471009914,-1.4384110941609487,-1.6444814218601855,-1.4384110941609487,41.78609796626667
ENSG00000213859,KCTD11,protein_coding,-1.4845795653355385,-1.4007610309720118,-2.5924318554531958,-1.5932580420459068,-1.1501797523302244,-1.6442420492273755,-1.4845795653355385,355.88700117999997
ENSG00000167767,KRT80,protein_coding,-1.1099001947402884,-2.1152249883401293,-2.051348234530703,-2.4628349974541934,-0.47723805232380734,-1.6433092934778242,-2.051348234530703,35.348033603533345
ENSG00000232434,AJM1,protein_coding,-0.7368414529230964,-2.1669561700641125,-2.306947552943441,-1.697760682531177,-1.296478332137906,-1.6409968381199467,-1.697760682531177,33.5434016444
ENSG00000261270,AC012181.2,lncRNA,-0.011664076108702126,-1.0703629579420237,-4.974156821479797,-0.8170985648884157,-1.3278643747761127,-1.6402293590390102,-1.0703629579420237,17.527995953066668
ENSG00000169169,CPT1C,protein_coding,-2.0270590011239653,-1.9221166464561419,-0.8620845261513317,-1.468749980305759,-1.8960359418103865,-1.6352092191695171,-1.8960359418103865,63.231326139333326
ENSG00000105281,SLC1A5,protein_coding,-1.2105013499263073,-2.2512390261255923,-0.7763735187223944,-2.236528171673296,-1.6994825024610911,-1.634824913781736,-1.6994825024610911,3222.27112434
ENSG00000144749,LRIG1,protein_coding,-2.0062160915214298,-1.40312593600708,-1.4561710028378778,-1.5510281121306235,-1.7457816695887756,-1.6324645624171574,-1.5510281121306235,133.943431182
ENSG00000203876,ADD3-AS1,lncRNA,-2.326238911879667,-0.3083789538973494,-3.1882693951781667,-2.274054052713641,-0.06330380302412086,-1.632049023338589,-2.274054052713641,6.689606870733334
ENSG00000259343,TMC3-AS1,lncRNA,-1.8839332351932674,-1.3418385767498133,-4.0193409073352715,-0.3039475743018185,-0.5858855253517401,-1.6269891637863823,-1.3418385767498133,10.318249161799999
ENSG00000166396,SERPINB7,protein_coding,-1.863866034207346,-1.9647898973628286,-1.7398160923937667,-0.7600228462191803,-1.7996691515737737,-1.625632804351379,-1.7996691515737737,36.731573116666674
ENSG00000258300,NUTF2P2,processed_pseudogene,-2.0037927413478873,-0.8719859502280403,-4.189408211328774,-0.37324208667902425,-0.6629960500807339,-1.6202850079328919,-0.8719859502280403,11.314938399533332
ENSG00000165891,E2F7,protein_coding,-2.3000293909294474,-1.6758509907088674,-0.3675272725806762,-2.2383309967147866,-1.5165216131305481,-1.619652052812865,-1.6758509907088674,65.94169210533333
ENSG00000176720,BOK,protein_coding,-0.7763110710641072,-1.9461224104539756,-2.0180821087317415,-2.3539863932223,-0.9912143082217355,-1.617143258338772,-1.9461224104539756,837.4474368266667
ENSG00000177453,NIM1K,protein_coding,-0.949554588067318,-1.6062873279083725,-4.411963247983477,-1.1025924878097526,-0.014167950563578113,-1.6169131204665,-1.1025924878097526,20.16023086926667
ENSG00000186684,CYP27C1,protein_coding,-0.859756030724224,-1.6221179005482356,-2.4501223803538523,-1.5170791143509277,-1.6301474335140047,-1.6158445718982488,-1.6221179005482356,18.30856042066667
ENSG00000130176,CNN1,protein_coding,-1.8303772197798551,-1.1101571984658243,-1.6352838248019381,-1.667807439831133,-1.8217985897422686,-1.6130848545242038,-1.667807439831133,3378.326401866667
ENSG00000150628,SPATA4,protein_coding,-1.5238405570676379,-2.202052980590951,-1.1761028598637013,-1.0966009812330757,-2.060888935825253,-1.611897262916124,-1.5238405570676379,7.406844486333333
ENSG00000079462,PAFAH1B3,protein_coding,-1.7621900540493938,-1.049483237989974,-2.1649694401474067,-1.7355566961317992,-1.3426765942939936,-1.6109752045225136,-1.7355566961317992,55.942673629333335
ENSG00000234297,PSIP1P1,processed_pseudogene,-0.9797584742892544,-0.5451587690973083,-3.826512848342813,-1.3897847553313745,-1.3130591346222604,-1.6108547963366022,-1.3130591346222604,9.118751995933334
ENSG00000137868,STRA6,protein_coding,-1.021522869546589,-1.1560720610733681,-2.0154934131487776,-0.8784907194731164,-2.975827413225899,-1.6094812952935498,-1.1560720610733681,5.081517446666667
ENSG00000198580,AC073343.1,unprocessed_pseudogene,-0.9060077375602604,-0.460698032664,-3.3405003238118716,-2.2701130486930245,-1.06718992360975,-1.608901813267781,-1.06718992360975,5.0319421292
ENSG00000178531,CTXN1,protein_coding,-0.3714842220126351,-0.5016907600236449,-3.719485028619155,-1.6003797920711431,-1.826157492886915,-1.6038394591226985,-1.6003797920711431,7.476271269733334
ENSG00000146733,PSPH,protein_coding,-1.482244334303073,-2.0557771338329616,-0.86284371467484,-2.0937133715001606,-1.522138037830426,-1.603343318428292,-1.522138037830426,302.92944216666666
ENSG00000136274,NACAD,protein_coding,-0.5216822256819995,-1.3161377651957604,-3.92614611420067,-0.5858254956068376,-1.6567333161163584,-1.601304983360325,-1.3161377651957604,19.100514079533333
ENSG00000006062,MAP3K14,protein_coding,-0.08672555892670442,-1.7422927989499555,-4.131786212442307,-1.6966379599121622,-0.342110613641494,-1.5999106287745246,-1.6966379599121622,56.09971581246667
ENSG00000279689,AC022400.7,TEC,-1.609645775304063,-2.3944776777487515,-0.732275228480741,-2.288922611635722,-0.9654567006622377,-1.5981555987663032,-1.609645775304063,9.356693585666667
ENSG00000236830,CBR3-AS1,lncRNA,-0.26789188170859024,-0.2133036328596707,-4.663658107873344,-1.4510649668972904,-1.388651907829904,-1.5969140994337598,-1.388651907829904,21.76390441306667
ENSG00000172379,ARNT2,protein_coding,-0.6991324052619596,-1.6917629834255425,-2.9871391577708524,-1.4918341479213515,-1.106558245857988,-1.5952853880475388,-1.4918341479213515,273.6333382133333
ENSG00000179456,ZBTB18,protein_coding,-1.4091369531939613,-1.876413545053265,-1.0559949790768908,-2.1036675223573793,-1.5300747473305432,-1.595057549402408,-1.5300747473305432,229.07735654133336
ENSG00000144355,DLX1,protein_coding,-1.0758446880778516,-0.04674186431196681,-5.878249072738425,-0.3510487971907841,-0.6103298389127758,-1.5924428522463607,-0.6103298389127758,39.058243700000006
ENSG00000265190,ANXA8,protein_coding,-0.002494868265053185,-1.7366679634244706,-4.189408211328774,-1.0814483894051805,-0.9430475163989231,-1.5906133897644803,-1.0814483894051805,9.647413841266667
ENSG00000125089,SH3TC1,protein_coding,-1.4457389045017068,-2.168467977183151,-0.3207098141706357,-3.091551756131926,-0.9159657184396046,-1.5884868340854048,-1.4457389045017068,51.18676798166666
ENSG00000162692,VCAM1,protein_coding,-0.757001430524654,-2.4307331219383634,-1.2848041096314127,-2.589725286630431,-0.8627661444130226,-1.5850060186275767,-1.2848041096314127,755.1882946921334
ENSG00000141540,TTYH2,protein_coding,-1.7774223113136118,-1.0729034527876187,-2.8250481595780608,-1.2399102462991225,-0.9636736767179488,-1.5757915693392726,-1.2399102462991225,10.162599647666665
ENSG00000143590,EFNA3,protein_coding,-1.1784497601609396,-1.4494608124958943,-3.4781902310236927,-0.6935149118589163,-1.0729990949963542,-1.5745229621071593,-1.1784497601609396,6.3758275054
ENSG00000142197,DOP1B,protein_coding,-0.4214390668917183,-1.9313469412001982,-2.5823018223182785,-1.8273924854663504,-1.1035827629537778,-1.5732126157660646,-1.8273924854663504,278.73083190200003
ENSG00000168490,PHYHIP,protein_coding,-1.9399962163467215,-0.7774387438511663,-2.338448510085537,-0.9572370683123228,-1.8424793803198378,-1.5711199837831171,-1.8424793803198378,5.4317951816
ENSG00000225830,ERCC6,protein_coding,-0.5431426274477698,-1.8181733837402803,-2.769357131589011,-1.4332865899559657,-1.2674777506768713,-1.5662874966819795,-1.4332865899559657,1513.3212941533336
ENSG00000117394,SLC2A1,protein_coding,-1.247892464311013,-1.9324170398968246,-1.603420868524486,-1.6991541666546564,-1.3427509502881172,-1.5651270979350194,-1.603420868524486,2761.176532013333
ENSG00000091490,SEL1L3,protein_coding,-1.6675891408071184,-2.073540811992064,-1.2478340346499,-1.2619864567849337,-1.5585399457765092,-1.561898078002105,-1.5585399457765092,1249.16027474
ENSG00000133069,TMCC2,protein_coding,-0.7884113416965803,-1.479178388838628,-2.0057091182605356,-0.7941174836532676,-2.732475489392911,-1.5599783643683844,-1.479178388838628,30.258990622200006
ENSG00000138311,ZNF365,protein_coding,-0.9360626888019876,-1.9833644887719113,-2.2566722402847366,-1.700592153742237,-0.92195255858962,-1.5597288260380986,-1.700592153742237,41.717032880266665
ENSG00000187498,COL4A1,protein_coding,-0.5521265876854002,-2.7386155585514746,-1.3426325895869002,-2.01571754949296,-1.1366195612533208,-1.5571423693140112,-1.3426325895869002,41679.38764493334
ENSG00000128805,ARHGAP22,protein_coding,-0.3558917451691368,-1.8373299784941715,-2.149289880812418,-3.0062236482643314,-0.4368222626062934,-1.5571115030692702,-1.8373299784941715,274.06364563933334
ENSG00000149679,CABLES2,protein_coding,-0.3624168187434993,-0.4922262482756592,-4.827244634860848,-1.5253640933533448,-0.5689070965916132,-1.5552317783649927,-0.5689070965916132,26.537436204933336
ENSG00000276649,AL117335.1,lncRNA,-0.8488491016336139,-0.7851579579772192,-4.604730274794081,-0.6788964262658208,-0.8369531708022255,-1.5509173862945922,-0.8369531708022255,11.898629863066667
ENSG00000137831,UACA,protein_coding,-0.9400250313102703,-2.086765270569453,-2.655673090073245,-1.1946149754904383,-0.8712920549327716,-1.5496740844752357,-1.1946149754904383,1341.450767546667
ENSG00000112902,SEMA5A,protein_coding,-0.7026820985036206,-2.554986321952592,-2.8960179887868067,-0.8982980902645981,-0.6921085433378753,-1.5488186085690985,-0.8982980902645981,762.9117571999998
ENSG00000138675,FGF5,protein_coding,-1.0565674567066496,-1.7027558133578031,-1.9941486121127685,-1.6454194165258818,-1.32741644432864,-1.5452615486063486,-1.6454194165258818,170.54817067666667
ENSG00000108854,SMURF2,protein_coding,-1.4649510262367986,-1.6363219890807343,-0.520578503380488,-2.119838011179411,-1.9841690478583782,-1.545171715547162,-1.6363219890807343,1846.9637177000004
ENSG00000091428,RAPGEF4,protein_coding,-0.26469632163708745,-1.764174947444566,-2.3469765631142647,-1.430795100293179,-1.918872455752855,-1.5451030776483905,-1.764174947444566,23.398329891266666
ENSG00000166123,GPT2,protein_coding,-1.4166741318142728,-2.343301136269478,-0.16055831504634277,-2.1241914852565014,-1.6803803678624236,-1.5450210872498036,-1.6803803678624236,538.4319667533333
ENSG00000129667,RHBDF2,protein_coding,-0.6618613613605833,-0.7112693950313549,-2.5660862182064155,-2.356663353174507,-1.4039483758566167,-1.5399657407258955,-1.4039483758566167,41.13834075866667
ENSG00000206120,EGFEM1P,transcribed_unitary_pseudogene,-1.1846131531782997,-1.1176887822749357,-3.4781902310236927,-0.645688207203766,-1.2695262303494894,-1.539141320806037,-1.1846131531782997,10.8236704516
ENSG00000231290,APCDD1L-DT,lncRNA,-1.408051272956918,-0.6869265915675076,-1.5729775040782936,-2.0823908973248857,-1.9207123397885129,-1.5342117211432236,-1.5729775040782936,188.40209560533336
ENSG00000242094,FOXP1-IT1,lncRNA,-0.27036041078120787,-2.1494281914719315,-2.3469765631142647,-1.2327155730331811,-1.6504358050874455,-1.5299833086976062,-1.6504358050874455,10.854551641066669
ENSG00000114861,FOXP1,protein_coding,-1.2444981909428101,-2.003048839144399,-1.0404480783165884,-1.3645192321756179,-1.99175541022829,-1.528853950161541,-1.3645192321756179,533.4394068600001
ENSG00000273230,AC102953.2,lncRNA,-0.6151305482113165,-0.6326820961937183,-3.6038764149794322,-1.468973797712344,-1.3093109769536468,-1.5259947668100917,-1.3093109769536468,8.459262608
ENSG00000121653,MAPK8IP1,protein_coding,-1.4256127020430958,-1.2205857334096306,-1.4605365235531602,-1.971599998701648,-1.5488671402218346,-1.5254404195858737,-1.4605365235531602,109.97996916000001
ENSG00000188501,LCTL,protein_coding,-0.20949635831249847,-0.7315793399454025,-5.720667053375971,-0.3249133082967104,-0.6211038987759405,-1.5215519917413045,-0.6211038987759405,26.830115145333334
ENSG00000260949,AP006545.1,lncRNA,-0.3123401233002947,-1.680350778169359,-3.826512848342813,-0.665464319719816,-1.1223052824635245,-1.5213946703991614,-1.1223052824635245,9.801919261733335
ENSG00000213315,AL122020.1,processed_pseudogene,-2.4506241518977103,-2.8128879037284813,-1.1920561107919032,-0.5688822526868895,-0.5738242632773831,-1.5196549364764735,-1.1920561107919032,18.00410308546667
ENSG00000237471,AC073115.2,lncRNA,-0.6296421908324037,-2.301263410070632,-1.5557723989986854,-2.5319514587886935,-0.565480860767992,-1.5168220638916812,-1.5557723989986854,59.22021519866668
ENSG00000232858,RPL34P27,processed_pseudogene,-0.13558431852779895,-3.2825129842809746,-2.0154934131487776,-2.058218692595381,-0.08259089221429372,-1.5148800601534453,-2.0154934131487776,5.4260162117999995
ENSG00000225968,ELFN1,protein_coding,-1.890207710260042,-2.0275165116792566,-0.3604236245145369,-2.9062256697453535,-0.359476837084995,-1.5087700706568368,-1.890207710260042,19.76694351893333
ENSG00000067057,PFKP,protein_coding,-1.4206219165455227,-1.069277517969832,-0.9863210011170018,-2.284421381000824,-1.7576792362480305,-1.503664210576242,-1.4206219165455227,2618.4078193933333
ENSG00000058668,ATP2B4,protein_coding,-1.491903567283023,-0.810216066330069,-2.1131766288441955,-1.4044684928925726,-1.6926631020020437,-1.5024855714703809,-1.491903567283023,3221.4776169333336
ENSG00000113657,DPYSL3,protein_coding,-1.4897497142347174,-0.9640826194552687,-1.9497942599429354,-1.5289835017883373,-1.5605257808931405,-1.49862717526288,-1.5289835017883373,3537.0293344000006
ENSG00000145362,ANK2,protein_coding,-1.8700275121690408,-1.8453639182339288,-0.9856970844665298,-1.858357042212183,-0.9229504209132608,-1.4964791955989887,-1.8453639182339288,277.7215101233333
ENSG00000253187,HOXA10-AS,lncRNA,-0.6899726940501871,-0.5238463017585557,-3.7823916331501564,-1.1105822843097792,-1.3054079757507235,-1.4824401778038803,-1.1105822843097792,45.8150604038
ENSG00000288031,AC093838.2,transcribed_unprocessed_pseudogene,-0.3714842220126351,-0.7851579579772192,-3.826512848342813,-0.7746527747504284,-1.6389238642691133,-1.479346333470442,-0.7851579579772192,10.367096115066667
ENSG00000250899,AC125807.2,lncRNA,-2.0700670381919277,-0.4171620090452528,-2.0906079908549287,-1.3796036190002403,-1.432018295833533,-1.4778917905851767,-1.432018295833533,24.913729427399993
ENSG00000187815,ZFP69,protein_coding,-0.6382838836041653,-0.16224632018598406,-5.951022780310296,-0.4489271418869647,-0.1883971633853374,-1.4777754578745497,-0.4489271418869647,58.657688388000004
ENSG00000177133,PRDM16-DT,lncRNA,-1.3178172038107214,-1.2125378614603848,-3.3405003238118716,-0.709485077921225,-0.808309542554273,-1.4777300019116952,-1.2125378614603848,6.749107074733333
ENSG00000154229,PRKCA,protein_coding,-1.712835641279172,-0.8909789070939453,-1.681028224374142,-1.0883389979834952,-2.009869843421937,-1.4766103228305383,-1.681028224374142,1041.34848138
ENSG00000142611,PRDM16,protein_coding,-1.335478648675882,-1.3723433557872142,-1.6397634019265523,-1.6220069091735998,-1.3860606738853534,-1.4711305978897204,-1.3860606738853534,20.1914065602
ENSG00000278834,AC073508.3,lncRNA,-0.7067092246104956,-0.9370282745760852,-4.774750118229996,-0.8732220729978142,-0.06353969345109434,-1.471049876773097,-0.8732220729978142,25.25842743113333
ENSG00000186765,FSCN2,protein_coding,-0.9087522802010972,-0.6283606506100639,-4.267470636369302,-0.23056816206806818,-1.3114781953309271,-1.4693259849158917,-0.9087522802010972,9.497189643533334
ENSG00000200972,RNU5A-8P,snRNA,-0.5667803336709223,-3.4808127300600216,-1.3176645959395503,-1.9514784893675807,-0.01140762299361775,-1.4656287544063384,-1.3176645959395503,8.415350938133333
ENSG00000157927,RADIL,protein_coding,-0.7549033024746445,-0.409218543500252,-4.663658107873344,-0.7854471939747305,-0.6836426233611292,-1.45937395423682,-0.7549033024746445,12.971983623599998
ENSG00000028277,POU2F2,protein_coding,-2.434988756491011,-0.8175530369723103,-0.39727460446232987,-1.952276579318038,-1.6843383069260809,-1.4572862568339542,-1.6843383069260809,5.022072246133334
ENSG00000176428,VPS37D,protein_coding,-1.636321605262756,-1.4600677523979604,-1.4528610832555824,-2.2462649204405367,-0.4873418657419375,-1.4565714454197547,-1.4600677523979604,36.29648649800001
ENSG00000115902,SLC1A4,protein_coding,-1.5494403469629443,-1.9321859455590271,-0.23139331691997178,-2.067721351029709,-1.4746551461993391,-1.4510792213341983,-1.5494403469629443,781.7585851933333
ENSG00000148908,RGS10,protein_coding,-0.9062591875863344,-1.5792097586279468,-1.6476326929442617,-1.9558818235237956,-1.1564059612907025,-1.4490778847946082,-1.5792097586279468,125.98099737733332
ENSG00000115255,REEP6,protein_coding,-2.0401127858895634,-0.05499677070412501,-4.0193409073352715,-0.6557473748153799,-0.4742667016837099,-1.4488929080856099,-0.6557473748153799,14.312006174666669
ENSG00000147224,PRPS1,protein_coding,-1.016117537400369,-1.8950483916392358,-1.8787353504939688,-1.5196750291321042,-0.9272910890810024,-1.447373479549336,-1.5196750291321042,1203.4618312933335
ENSG00000114859,CLCN2,protein_coding,-0.3714842220126351,-0.22160478675158135,-5.149319042519763,-0.5902690353601145,-0.899667564287689,-1.4464689301863565,-0.5902690353601145,19.35082835333333
ENSG00000203772,SPRN,protein_coding,-0.7983147443144731,-1.826211009572538,-2.8250481595780608,-1.1137924886868644,-0.6530005703333703,-1.4432733944970613,-1.1137924886868644,9.494986205733333
ENSG00000113361,CDH6,protein_coding,-2.659438064630729,-0.37482767413639095,-1.4951892155875566,-0.3158960197647218,-2.344755773100448,-1.4380213494439693,-1.4951892155875566,832.9221063066667
ENSG00000071246,VASH1,protein_coding,-0.3311742224032761,-1.7487674812779108,-3.4337982848914064,-1.0351442980679737,-0.6360819044591741,-1.4369932382199484,-1.0351442980679737,72.2347090496
ENSG00000152952,PLOD2,protein_coding,-0.6804855804792798,-2.3390095222793246,-1.4998284155338109,-1.8432833508960158,-0.7964196727240598,-1.4318053083824982,-1.4998284155338109,14839.315389533334
ENSG00000111669,TPI1,protein_coding,-1.7206441042915568,-1.497557440622904,-0.815316274475899,-1.9917762752780916,-1.121697919101159,-1.4293984027539222,-1.497557440622904,7139.7978504
ENSG00000229720,AL109924.1,lncRNA,-1.2541640739944069,-1.963728099797322,-3.6038764149794322,-0.2265853215150151,-0.09761849617378626,-1.4291944812919923,-1.2541640739944069,10.941735046866667
ENSG00000104611,SH2D4A,protein_coding,-0.9990867645604862,-1.7561182489735314,-1.0178540312933402,-2.2388133498651515,-1.1320385966265523,-1.4287821982638123,-1.1320385966265523,329.41698821333324
ENSG00000173801,JUP,protein_coding,-1.2793347821101824,-1.0129023727778521,-1.2306829099729493,-1.8892436470291551,-1.7293612932032865,-1.428305001018685,-1.2793347821101824,78.15017719466667
ENSG00000179954,SSC5D,protein_coding,-1.5430876504798379,-1.639549879135839,-0.5900619772727036,-1.0412109139937278,-2.3251305738183476,-1.427808198940091,-1.5430876504798379,46.8037970974
ENSG00000235109,ZSCAN31,protein_coding,-0.44100167058030504,-0.18155923313894995,-5.748155220927996,-0.058583680208034394,-0.6861594348734537,-1.4230918479457477,-0.44100167058030504,51.82698534400001
ENSG00000263535,AK4P1,processed_pseudogene,-0.5580252758658046,-2.609544029621883,-1.9369530634583967,-1.2562221493907977,-0.7447677036791012,-1.4211024444031966,-1.2562221493907977,55.176945502666655
ENSG00000143369,ECM1,protein_coding,-0.8068255492193881,-2.092802391618907,-2.813220763843701,-0.5397362428647803,-0.8288416583342206,-1.4162853211761992,-0.8288416583342206,107.48620161533334
ENSG00000139278,GLIPR1,protein_coding,-1.1549918299394193,-0.9520390086762394,-1.6487957896909613,-1.7051769879562784,-1.6195434233028312,-1.416109407913146,-1.6195434233028312,3554.5245465333346
ENSG00000103647,CORO2B,protein_coding,-0.024806429289307097,-2.4612622164613693,-2.502241412431181,-1.6554014613996588,-0.43545462995473283,-1.41583322990725,-1.6554014613996588,52.728400956733346
ENSG00000171385,KCND3,protein_coding,-1.278941950616435,-1.8828799340599023,-2.662584322750633,-0.9000069152813808,-0.3534201205519958,-1.4155666486520695,-1.278941950616435,221.3360679253333
ENSG00000166147,FBN1,protein_coding,-1.1873166925053713,-1.6774618662247835,-1.3889637140546682,-1.6751754370694947,-1.144715664989647,-1.414726674968793,-1.3889637140546682,43276.264398
ENSG00000277782,AC068870.2,lncRNA,-1.4109544894323778,-0.7086218612219177,-4.341525137421162,-0.11930689727676569,-0.49226455384080925,-1.4145345878386064,-0.7086218612219177,9.8790985372
ENSG00000153071,DAB2,protein_coding,-0.8660009648897233,-1.8801977486235,-1.2223220832273505,-1.8419807696144517,-1.2531746969468625,-1.4127352526603776,-1.2531746969468625,1679.5610871800002
ENSG00000286735,AC126182.3,lncRNA,-0.7171918213310309,-2.117039134161668,-1.7616346562130434,-0.8127708234074631,-1.6343844800044516,-1.4086041830235314,-1.6343844800044516,12.289643839533335
ENSG00000226415,TPI1P1,processed_pseudogene,-1.5767152350672458,-1.6955283214614134,-0.4648717928881805,-2.1231951698738563,-1.1756762689793554,-1.4071973576540102,-1.5767152350672458,842.0939489866668
ENSG00000146411,SLC2A12,protein_coding,-1.890207710260042,-2.0265902558673456,-0.4445037511558949,-0.9183388340000991,-1.7478117533196844,-1.4054904609206134,-1.7478117533196844,45.33233058019998
ENSG00000204934,ATP6V0E2-AS1,lncRNA,-0.16310170658522694,-0.9313398113900528,-4.267470636369302,-1.146963939392728,-0.5009110689151073,-1.4019574325304833,-0.9313398113900528,10.773125522399999
ENSG00000134780,DAGLA,protein_coding,-0.5014565917763232,-0.5974144996493522,-2.9499001145937283,-1.6544181266692273,-1.2892620560172086,-1.3984902777411679,-1.2892620560172086,29.111950956600005
ENSG00000166762,CATSPER2,protein_coding,-1.1764802708775788,-1.0957969400064487,-3.0180595489650557,-0.682945383610885,-1.015027399085755,-1.3976619085091446,-1.0957969400064487,5.350266419466665
ENSG00000249489,GAPDHP70,processed_pseudogene,-1.5818058586640662,-0.8316269725129386,-2.348353079641509,-1.2175824130189854,-0.9846372474083669,-1.3928011142491732,-1.2175824130189854,51.73574556133333
ENSG00000287872,AC026956.2,lncRNA,-0.9375357055347475,-1.2225371728039205,-1.5987426174810675,-2.2604539346381887,-0.9316301358417344,-1.390179913259932,-1.2225371728039205,7.122054708866666
ENSG00000099204,ABLIM1,protein_coding,-1.1264847284454307,-1.7765492941979835,-1.8503530806227406,-0.76528887060224,-1.430772405983535,-1.389889675970386,-1.430772405983535,74.04840318200003
ENSG00000136068,FLNB,protein_coding,-1.2600031573935961,-1.784457542057293,-1.0423869702831112,-1.6251049808977616,-1.233472598455716,-1.3890850498174956,-1.2600031573935961,7199.498771266666
ENSG00000170537,TMC7,protein_coding,-1.3989148509000953,-1.470777467051712,-2.235884552757613,-1.2724819082406422,-0.5593780512216613,-1.3874873660343447,-1.3989148509000953,16.2459002754
ENSG00000183688,RFLNB,protein_coding,-0.47949228183733084,-1.7879923570119036,-1.3913965345542252,-1.8979686766236714,-1.372416802384766,-1.3858533304823795,-1.3913965345542252,961.9658421933333
ENSG00000084112,SSH1,protein_coding,-0.3640305761869804,-1.4497721856047736,-2.5297036714430643,-1.3029280299993857,-1.2812495451404011,-1.385536801674921,-1.3029280299993857,1038.0705129666667
ENSG00000166949,SMAD3,protein_coding,-1.1543012203890513,-1.7372707931963705,-0.4516163758079301,-1.7293195569950948,-1.8233998311197723,-1.3791815555016438,-1.7293195569950948,569.8025138026667
ENSG00000130702,LAMA5,protein_coding,-1.4680873661857543,-1.1775957658409002,-0.8983718818265944,-1.1948438160335355,-2.1508998020026535,-1.3779597263778876,-1.1948438160335355,25.665522096866663
ENSG00000129009,ISLR,protein_coding,-2.2598896609743235,-0.7759102018570534,-0.794980706927559,-1.3588027210526015,-1.6965267593502968,-1.3772220100323669,-1.3588027210526015,747.1979538266668
ENSG00000256940,PPP1R14B-AS1,lncRNA,-1.4064975017317778,-1.709388250922851,-0.8913732640298964,-1.6217652328623666,-1.251800815105872,-1.3761650129305527,-1.4064975017317778,86.42357302999999
ENSG00000170379,TCAF2,protein_coding,-1.368400529177182,-2.163797881889961,-1.3008124772838734,-1.8210212602028153,-0.22171000964431364,-1.375148431639629,-1.368400529177182,32.673387604599995
ENSG00000169432,SCN9A,protein_coding,-0.9237986189287595,-1.995177965976172,-1.334448815036776,-1.4414914355553687,-1.180187608780475,-1.3750208888555102,-1.334448815036776,685.3898117533332
ENSG00000152784,PRDM8,protein_coding,-1.7662960363467275,-0.44368182806334033,-3.177383460151401,-0.40678460236182357,-1.0749860470657246,-1.3738263947978033,-1.0749860470657246,30.942697300533332
ENSG00000132561,MATN2,protein_coding,-2.076424345080702,-0.5561258768104169,-1.884933452370099,-0.19604093045566273,-2.1461219615269043,-1.3719293132487569,-1.884933452370099,95.90605178733334
ENSG00000121210,TMEM131L,protein_coding,-0.9266906242462625,-1.1079418635587253,-2.380394324535488,-1.106538076563452,-1.3258320872437617,-1.3694793952295379,-1.1079418635587253,164.15046603000005
ENSG00000159176,CSRP1,protein_coding,-0.9936370261238565,-1.2024789844393524,-2.2208345290281475,-1.4882139587426728,-0.9376441199145376,-1.3685617236497134,-1.2024789844393524,9143.758318533333
ENSG00000110031,LPXN,protein_coding,-1.6061262761563428,-1.1167549150169034,-0.0929499888620624,-2.03747030497062,-1.9887931472222045,-1.3684189264456266,-1.6061262761563428,62.440179874
ENSG00000159164,SV2A,protein_coding,-2.0696943707757116,-0.7407735127387403,-1.4849412168519205,-1.164356346173804,-1.3789479525263149,-1.3677426798132983,-1.3789479525263149,103.63028321533332
ENSG00000164855,TMEM184A,protein_coding,-2.881820167040834,-1.556583186194197,-0.39727460446232987,-1.0190912204485478,-0.9828537664853458,-1.3675245889262508,-1.0190912204485478,5.694367978933333
ENSG00000080823,MOK,protein_coding,-0.025977305647373328,-1.645403776299391,-1.6540188075295834,-2.930150799686123,-0.5809091206482311,-1.3672919619621404,-1.645403776299391,971.0894172000001
ENSG00000109762,SNX25,protein_coding,-1.2471335256051734,-2.1212410996492093,-0.8163625368684109,-1.0821367893526261,-1.5643360538706936,-1.3662420010692227,-1.2471335256051734,1340.3814483066667
ENSG00000149257,SERPINH1,protein_coding,-0.8252228477546613,-1.9361010831502483,-1.2574409325460554,-1.8482819314355385,-0.9583396649045071,-1.3650772919582022,-1.2574409325460554,12963.285360466669
ENSG00000072195,SPEG,protein_coding,-0.7634837802332797,-1.0258462890490048,-2.8735628291610302,-1.0803575696930334,-1.081375732717797,-1.364925240170829,-1.0803575696930334,659.83696264
ENSG00000184441,AP001062.1,lncRNA,-1.5930366665083837,-1.0395927112720886,-1.8421665004613383,-1.074746961211225,-1.2652462484007874,-1.3629578175707646,-1.2652462484007874,20.184292638266673
ENSG00000179403,VWA1,protein_coding,-1.3783651886921149,-1.6967964547680134,-1.0686966944001925,-1.2186524077137166,-1.4487147238689477,-1.362245093888597,-1.3783651886921149,240.79001610133335
ENSG00000138172,CALHM2,protein_coding,-0.8020508369700856,-0.966871995035433,-2.610351008615277,-1.4229622801785133,-1.0006934514377246,-1.3605859144474066,-1.0006934514377246,153.7627384886667
ENSG00000100345,MYH9,protein_coding,-0.7916279427637658,-1.0407361822907593,-2.169434196681589,-1.765053671573348,-1.0303832870797294,-1.3594470560778382,-1.0407361822907593,29376.981447
ENSG00000272070,AC005618.1,lncRNA,-0.6288026029463865,-1.153287481022037,-4.411963247983477,-0.5902690353601145,-0.01140762299361775,-1.3591459980611265,-0.6288026029463865,17.969246759999997
ENSG00000164674,SYTL3,protein_coding,-2.5574116232148536,-0.5284260652867623,-0.05847555541892557,-1.7643722684228527,-1.857975943015366,-1.353332291071752,-1.7643722684228527,40.657190162
ENSG00000020181,ADGRA2,protein_coding,-0.9860553056963504,-2.05918609517375,-0.8226478275568319,-1.8679082975673396,-1.0275136327151344,-1.3526622317418813,-1.0275136327151344,906.7239466200001
ENSG00000235587,GAPDHP65,processed_pseudogene,-0.9489349662753339,-2.1907119763343124,-1.0368060393773826,-1.578944874619367,-1.0069170139256087,-1.352462974106401,-1.0368060393773826,165.23566035200002
ENSG00000004776,HSPB6,protein_coding,-0.6408465854937386,-0.8881372173060074,-2.4501223803538523,-1.1235644686302364,-1.6257690697530505,-1.345687944307377,-1.1235644686302364,25.8827834818
ENSG00000115414,FN1,protein_coding,-0.7140593535316597,-1.972521088614485,-1.0615526281457868,-1.8178619563460003,-1.150134041955738,-1.343225813718734,-1.150134041955738,506557.722474
ENSG00000102144,PGK1,protein_coding,-1.4328115364904157,-1.4508646781479175,-1.1895785139623989,-1.5175615676278849,-1.1095906779216875,-1.340081394830061,-1.4328115364904157,9301.528209733335
ENSG00000282556,AC068733.3,lncRNA,-0.5826676195002309,-1.2700187150056053,-4.411963247983477,-0.3344834457650854,-0.09160252979123484,-1.338147111609127,-0.5826676195002309,18.151666888066664
ENSG00000134871,COL4A2,protein_coding,-0.3956896128155645,-2.617111287102137,-0.40664693045944666,-2.0748053884429343,-1.1894195460987156,-1.3367345529837595,-1.1894195460987156,19014.910793266667
ENSG00000012223,LTF,protein_coding,-0.05366023412423493,-0.24271444867872383,-0.19112455216916224,-3.112236150967458,-3.082160778534539,-1.3363792328948236,-0.24271444867872383,6.091807883533333
ENSG00000148158,SNX30,protein_coding,-1.382955331574884,-1.8814921707696923,-0.04498061534958353,-1.668353071333426,-1.7003325172634494,-1.3356227412582071,-1.668353071333426,599.1071463866667
ENSG00000235546,AC087499.4,processed_pseudogene,-1.9399962163467215,-0.5047121202601308,-3.4781902310236927,-0.10801584749469839,-0.6455674013108146,-1.3352963632872117,-0.6455674013108146,8.270247269133332
ENSG00000167604,NFKBID,protein_coding,-0.6985828188332399,-0.3512812861234118,-4.341525137421162,-1.2235696057068028,-0.04971835888609988,-1.3329354413941434,-0.6985828188332399,12.485937815466666
ENSG00000159023,EPB41,protein_coding,-0.8787757744936071,-1.8127532991606206,-1.7656907090501273,-1.1421413230960082,-1.0472367045771573,-1.329319562075504,-1.1421413230960082,163.38397380666666
ENSG00000072657,TRHDE,protein_coding,-2.1283545248128592,-1.307675417285238,-0.1327854413384557,-0.40759169090779324,-2.659483020590093,-1.3271780189868878,-1.307675417285238,140.71754340306668
ENSG00000187840,EIF4EBP1,protein_coding,-2.097995259720796,-0.7706770494220567,-0.13293063058145194,-1.7725618860501964,-1.8478881270533911,-1.3244105905655785,-1.7725618860501964,876.9249600066668
ENSG00000286423,AC004817.5,lncRNA,-0.5809622334103084,-1.0277756922373742,-3.1882693951781667,-0.5579166838334357,-1.2652462484007874,-1.3240340506120145,-1.0277756922373742,8.740708282266667
ENSG00000174136,RGMB,protein_coding,-0.45889322636962504,-1.7264446439905337,-1.1180073623026932,-2.3038752274959755,-1.0000293438795218,-1.3214499608076697,-1.1180073623026932,363.2237117706666
ENSG00000102287,GABRE,protein_coding,-1.2709371457659637,-0.9087635842685495,-2.9362816974401795,-0.4383821304023421,-1.0323547248570542,-1.3173438565468178,-1.0323547248570542,129.45766614800002
ENSG00000182134,TDRKH,protein_coding,-0.21420112501148036,-0.41524911743945747,-4.479121789646434,-0.9389024391462462,-0.5358803463058912,-1.3166709635099019,-0.5358803463058912,21.509454310466666
ENSG00000186481,ANKRD20A5P,transcribed_unprocessed_pseudogene,-1.0916406707791677,-1.5900808365292294,-2.8017474691661524,-0.3344834457650854,-0.7587152064583531,-1.3153335257395977,-1.0916406707791677,19.761052694
ENSG00000156011,PSD3,protein_coding,-1.1156896105639689,-1.1299544213271098,-2.5161766542195636,-0.7652371830300737,-1.0442035647568613,-1.3142522867795154,-1.1156896105639689,1216.3079766066664
ENSG00000214424,FAM149B1P1,processed_pseudogene,-1.1804608382583341,-1.515252616948163,-2.8250481595780608,-0.9887637889094152,-0.04459182376085069,-1.3108234454909646,-1.1804608382583341,7.357298812333335
ENSG00000119669,IRF2BPL,protein_coding,-0.53497916103505,-1.6399504528285513,-1.0767823326697794,-1.884611678534311,-1.4089216053766318,-1.3090490460888646,-1.4089216053766318,304.51398136533334
ENSG00000099725,PRKY,transcribed_unitary_pseudogene,-0.6055974397398085,-1.6094403960178951,-2.1642465054477755,-1.2319414092148966,-0.9308570486922596,-1.308416559822527,-1.2319414092148966,129.56902330666668
ENSG00000099812,MISP,protein_coding,-0.7492648231152108,-2.33940760082924,-1.0504166759079618,-0.11930689727676569,-2.281543005911243,-1.3079878006080843,-1.0504166759079618,5.925273303666668
ENSG00000249774,AC025458.1,processed_pseudogene,-0.6469393140188098,-1.7799622321751318,-2.5922076049721254,-1.0627244279936505,-0.4553658456822358,-1.3074398849683906,-1.0627244279936505,26.507258783466668
ENSG00000175265,GOLGA8A,protein_coding,-0.6077851952787263,-1.7383590056771494,-3.2319114849532617,-0.24214927044466972,-0.7088219726437615,-1.3058053857995138,-0.7088219726437615,206.305173912
ENSG00000125648,SLC25A23,protein_coding,-0.6822582159550636,-1.1924122506350017,-2.4280282227368364,-1.0518796257299963,-1.1690350327960424,-1.304722669570588,-1.1690350327960424,125.91565983000001
ENSG00000155760,FZD7,protein_coding,-0.7660943823384425,-2.0730316370699864,-0.33141730290215676,-1.5700052898435946,-1.7566064774294823,-1.2994310179167325,-1.5700052898435946,1004.6715115866666
ENSG00000196876,SCN8A,protein_coding,-0.17977234853442425,-1.9487958219008688,-1.7512069417935354,-1.8991752366213506,-0.7149011505131107,-1.298770299872658,-1.7512069417935354,301.1999346526667
ENSG00000132718,SYT11,protein_coding,-1.4685656062292178,-1.214097067756752,-0.9214042382667742,-1.4010246125514012,-1.4805578351093622,-1.2971298719827016,-1.4010246125514012,723.1358102533334
ENSG00000177106,EPS8L2,protein_coding,-0.6042623891730763,-1.698645297978664,-1.4473336922401332,-1.7098350099556123,-1.0172132817037491,-1.295457934210247,-1.4473336922401332,255.00497794600003
ENSG00000167106,FAM102A,protein_coding,-0.6278440053540759,-2.07489768477482,-1.5771016990764979,-1.3909192890050734,-0.8062737024150328,-1.2954072761251,-1.3909192890050734,158.87099573400002
ENSG00000187244,BCAM,protein_coding,-0.44100167058030504,-0.5371330889188464,-2.5922076049721254,-1.2002363957003719,-1.7022771298867792,-1.2945711780116855,-1.2002363957003719,34.75438496540001
ENSG00000141562,NARF,protein_coding,-1.2045627667590946,-1.1797569924366913,-1.5215958716541023,-1.4518904894830715,-1.1125288259204789,-1.2940669892506877,-1.2045627667590946,289.42995924666667
ENSG00000204052,LRRC73,protein_coding,-0.7521178709767438,-0.9895568713268035,-3.826512848342813,-0.5832190850592802,-0.3184222538549233,-1.2939657859121128,-0.7521178709767438,6.744054836133333
ENSG00000065060,UHRF1BP1,protein_coding,-0.7964040905575462,-1.5607812381616855,-1.4010537194879014,-1.4315232974884653,-1.2777071736294365,-1.293493903865007,-1.4010537194879014,298.86192060933337
ENSG00000129038,LOXL1,protein_coding,-0.721838761131055,-1.0995229040949912,-2.2300179316158175,-1.5545605118507773,-0.8366834516394128,-1.2885247120664107,-1.0995229040949912,2811.3145204
ENSG00000102879,CORO1A,protein_coding,-1.609645775304063,-0.48575650008849913,-1.0504166759079618,-0.5001598177825852,-2.792981858807489,-1.2877921255781195,-1.0504166759079618,6.248358331600001
ENSG00000125821,DTD1,protein_coding,-0.5337121964823828,-1.069883387463908,-2.6433429064537286,-1.524266241174967,-0.6650538347613146,-1.2872517132672603,-1.069883387463908,171.21505576533335
ENSG00000164970,FAM219A,protein_coding,-0.9669009000778974,-1.2726523579417233,-1.7575806020844045,-1.426173345724166,-0.9971405194438727,-1.2840895450544128,-1.2726523579417233,272.46015285333334
ENSG00000149527,PLCH2,protein_coding,-1.0029540668780341,-0.7377229964970813,-0.4324193497646247,-3.415004929446514,-0.8322509076100326,-1.2840704500392575,-0.8322509076100326,7.624648198533334
ENSG00000070614,NDST1,protein_coding,-0.37410772793882785,-2.0798769191087363,-1.624310881237644,-1.3590187764760788,-0.9787091975808444,-1.2832047004684264,-1.3590187764760788,3748.75440234
ENSG00000228793,AL033523.1,lncRNA,-0.08116180314915056,-1.6219321881136741,-1.7616346562130434,-1.7925621758916925,-1.151744723940482,-1.2818071094616084,-1.6219321881136741,11.171112368800003
ENSG00000054356,PTPRN,protein_coding,-3.402793630793306,-0.15615143137318022,-0.782829004083307,-0.7155689889268024,-1.3388193029194477,-1.2792324716192085,-0.782829004083307,41.296708942666676
ENSG00000213290,PGK1P2,processed_pseudogene,-1.821020827913074,-1.2371157628442848,-0.9451048727756453,-1.5215598699013455,-0.8571005241921519,-1.2763803715253004,-1.2371157628442848,92.30702204066667
ENSG00000227199,ST7-AS1,lncRNA,-0.35058203691464573,-0.02532346677007702,-4.189408211328774,-0.043164420770827494,-1.7610327526865008,-1.273902177694165,-0.35058203691464573,12.0816858888
ENSG00000114023,FAM162A,protein_coding,-1.0483369177118638,-1.0412146489470917,-2.15994649300311,-1.3430986846912587,-0.7712243180521989,-1.2727642124811047,-1.0483369177118638,304.88219061333336
ENSG00000163516,ANKZF1,protein_coding,-1.0658461846900948,-1.2623933897844006,-1.9663319781903699,-1.042108552853846,-1.0215192847462715,-1.2716398780529965,-1.0658461846900948,233.83225703999997
ENSG00000231890,DARS1-AS1,lncRNA,-0.3714842220126351,-1.9665623275671278,-1.4528610832555824,-1.7900251177104454,-0.7765713301245762,-1.2715008161340733,-1.4528610832555824,27.323781214
ENSG00000129474,AJUBA,protein_coding,-0.7037023210257143,-2.3746947053144467,-0.175376007012499,-1.640540224208408,-1.4564294443636978,-1.270148540384953,-1.4564294443636978,822.8983708666668
ENSG00000115756,HPCAL1,protein_coding,-1.0012458835049554,-1.0887554952217595,-1.3245242824268537,-1.7992721054055067,-1.1345012480412997,-1.269659802920075,-1.1345012480412997,324.5603160333333
ENSG00000100106,TRIOBP,protein_coding,-0.47764499276853734,-1.3727990927764662,-1.777987446186195,-1.8014758363788044,-0.915136867096976,-1.2690088470413958,-1.3727990927764662,1301.9084423866668
ENSG00000235180,LINC00601,lncRNA,-0.5809622334103084,-1.3472496026778382,-3.6038764149794322,-0.03910425784793903,-0.7728912198418625,-1.268816745751476,-0.7728912198418625,6.591446037733333
ENSG00000177427,MIEF2,protein_coding,-0.1276543496459075,-1.2102519472921243,-3.8729615856623973,-0.9040531059400809,-0.2254093162006523,-1.2680660609482324,-0.9040531059400809,112.98306071826666
ENSG00000149925,ALDOA,protein_coding,-1.3431520240589148,-1.0636758715827854,-1.5749601281575991,-1.4785263329466432,-0.8778234089050985,-1.2676275531302081,-1.3431520240589148,133.0855072993333
ENSG00000204366,ZBTB12,protein_coding,-0.3870462160667807,-1.6592047519986115,-1.6791055322817336,-0.8127708234074631,-1.7980140518004593,-1.2672282751110096,-1.6592047519986115,11.024669172399998
ENSG00000262075,DKFZP434A062,lncRNA,-1.445885269447424,-0.5676948043484491,-3.0180595489650557,-0.8784907194731164,-0.4226685673087611,-1.2665597819085614,-0.8784907194731164,5.0909719608
ENSG00000236480,PKMP1,processed_pseudogene,-0.3371428685700044,-1.9713344638086556,-1.7696694318684045,-1.5969785815041049,-0.6563206443208403,-1.266289198014402,-1.5969785815041049,43.984566466666664
ENSG00000260552,COSMOC,lncRNA,-0.3788164338532214,-1.666115825972588,-2.8250481595780608,-1.2399102462991225,-0.20274756173448916,-1.2625276454874963,-1.2399102462991225,6.0661652616
ENSG00000048740,CELF2,protein_coding,-1.7615015378409717,-0.3663993271757646,-2.338448510085537,-0.7582566897967098,-1.0799981429555445,-1.2609208415709054,-1.0799981429555445,14.283700379533336
ENSG00000140416,TPM1,protein_coding,-0.9540946363429246,-1.3048841916401006,-1.8688715995113334,-0.9772644394954426,-1.1941097625941879,-1.2598449259167979,-1.1941097625941879,38778.61975266667
ENSG00000273604,EPOP,protein_coding,-1.305664055655881,-1.7208512196892851,-0.22634894450555265,-1.4818340171372757,-1.562732723105558,-1.2594861920187106,-1.4818340171372757,48.062873974
ENSG00000141959,PFKL,protein_coding,-1.1179536428811527,-1.3532715546717569,-1.1733349678462055,-1.6026064852756097,-1.041126972492405,-1.2576587246334259,-1.1733349678462055,1759.3668488333335
ENSG00000272758,WDR5B-DT,lncRNA,-1.1784497601609396,-0.8026510536496523,-3.826512848342813,-0.2265853215150151,-0.2533561933381705,-1.257511035401318,-0.8026510536496523,8.547063589133332
ENSG00000197747,S100A10,protein_coding,-1.2657543906515354,-0.9939981590925804,-1.482005943228076,-1.5206481675155974,-1.0242699301313856,-1.257335318123835,-1.2657543906515354,1021.5621297733335
ENSG00000137094,DNAJB5,protein_coding,-1.0036224326268837,-0.20831896489451207,-4.012410048762678,-0.34145336837465745,-0.7131253554040704,-1.2557860340125604,-0.7131253554040704,196.29726784533332
ENSG00000241852,C8orf58,protein_coding,-0.15317782280036774,-0.9770864044087464,-3.1402041428960485,-1.3585610936784525,-0.6409292621090179,-1.2539917451785265,-0.9770864044087464,131.37543746999998
ENSG00000231728,TMSB15B-AS1,lncRNA,-0.5251921881664829,-1.0612146839426162,-2.0154934131487776,-0.7364180424617481,-1.9043805225872306,-1.248539770061371,-1.0612146839426162,5.240939026
ENSG00000006025,OSBPL7,protein_coding,-1.1259052227100108,-0.44263455620533865,-3.2879264715958096,-0.6200031013186162,-0.7565332332117487,-1.246600517008305,-0.7565332332117487,51.66516560826666
ENSG00000165633,VSTM4,protein_coding,-0.9028130732579038,-1.8264683393528331,-1.2966519778619912,-1.22704665258669,-0.9719666485350684,-1.2449893383188972,-1.22704665258669,179.02586256999996
ENSG00000257093,DENND11,protein_coding,-0.37909776054594513,-1.7998192148165275,-2.251318868096,-0.7361824439639593,-1.0512756262964977,-1.2435387827437858,-1.0512756262964977,161.793985794
ENSG00000272344,SNORD114-21,snoRNA,-1.612623725841619,-0.7308063431314569,-0.9528488475192218,-1.4600691962851657,-1.4566238995235379,-1.2425944024602003,-1.4566238995235379,31.435030512133334
ENSG00000106105,GARS1,protein_coding,-1.156162659743364,-1.780741821817342,-0.26456350880120283,-1.5341339698787806,-1.4727869020954998,-1.2416777724672379,-1.4727869020954998,4308.7076076
ENSG00000228232,GAPDHP1,processed_pseudogene,-0.7367412492335301,-1.9514962391680282,-1.0357856843209294,-1.4702193504227008,-1.0103753040361667,-1.2409235654362711,-1.0357856843209294,1000.6193112466667
ENSG00000012171,SEMA3B,protein_coding,-2.2113265925516967,-0.9437700282653116,-0.5592404651437866,-0.7296235172906229,-1.7556227592068874,-1.239916672491661,-0.9437700282653116,123.06315920466668
ENSG00000135083,CCNJL,protein_coding,-0.38801781346248987,-1.2352650521591197,-1.8421665004613383,-1.3437519202233963,-1.3533168604212307,-1.232503629345515,-1.3437519202233963,41.15046971066668
ENSG00000141837,CACNA1A,protein_coding,-0.49953759104895035,-0.6021452393515836,-2.6874214892485413,-0.968021645108391,-1.390240428170896,-1.2294732785856723,-0.968021645108391,34.7930941156
ENSG00000162702,ZNF281,protein_coding,-1.2472074141103882,-1.1553252875512552,-1.492526341837216,-0.6355335310563888,-1.6067183370141311,-1.2274621823138758,-1.2472074141103882,1188.3588725466666
ENSG00000198053,SIRPA,protein_coding,-0.40572290433448366,-1.2708665656329927,-1.5600478865952612,-1.4261739444642405,-1.4684667868042638,-1.2262556175662485,-1.4261739444642405,726.3537580599999
ENSG00000105290,APLP1,protein_coding,-1.0636312419585305,-0.6906465619125672,-2.579812743851284,-0.3213188085489689,-1.4640694881812983,-1.2238957688905299,-1.0636312419585305,69.99097025600001
ENSG00000124243,BCAS4,protein_coding,-0.9062591875863344,-0.9139975255320962,-2.1525452888795167,-1.145669342975058,-1.0004286331108965,-1.2237799956167803,-1.0004286331108965,131.24429369133333
ENSG00000091592,NLRP1,protein_coding,-0.7946909803724793,-0.880733531625487,-1.594226126108234,-1.4319832494320686,-1.4091711838381462,-1.222161014275283,-1.4091711838381462,234.75129131333333
ENSG00000263528,IKBKE,protein_coding,-0.841199438454213,-0.5132539606254936,-2.8605759723989825,-0.8202823511188182,-1.0722358165555743,-1.2215095078306164,-0.841199438454213,107.84076538333332
ENSG00000260920,AL031985.3,lncRNA,-1.4985688636256485,-1.0470675550162323,-1.4332074736828377,-1.087804542461018,-1.0402338444239732,-1.221376455841942,-1.087804542461018,20.316168938133334
ENSG00000168159,RNF187,protein_coding,-1.2407670825094979,-1.4520705619891494,-0.8184186511705924,-1.4695281669402167,-1.123264285768549,-1.2208097496756012,-1.2407670825094979,1024.2118590399998
ENSG00000164638,SLC29A4,protein_coding,-1.2253123136452362,-0.7308063431314569,-0.8962749662919451,-2.223630635894957,-1.0260435162780581,-1.2204135550483308,-1.0260435162780581,19.75787721733333
ENSG00000262209,PCDHGB3,protein_coding,-0.5046012321247657,-1.0074414954790214,-2.4880637455404417,-0.7941174836532676,-1.299243926276196,-1.2186935766147384,-1.0074414954790214,38.265726064733336
ENSG00000261474,AC026471.4,lncRNA,-1.609645775304063,-0.22020475909932813,-3.1882693951781667,-0.3019144319416167,-0.7728912198418625,-1.2185851162730075,-0.7728912198418625,6.135501732000001
ENSG00000151835,SACS,protein_coding,-1.364011482552657,-1.1655603290510026,-0.7633050937432095,-1.037598584805231,-1.7550906252156846,-1.2171132230735568,-1.1655603290510026,2761.7215452000005
ENSG00000188157,AGRN,protein_coding,-0.36769540830030856,-2.0072650384344026,-0.3632967574031625,-1.7631721617955654,-1.5784581499449768,-1.2159775031756832,-1.5784581499449768,638.69307338
ENSG00000116661,FBXO2,protein_coding,-1.4109544894323778,-0.5398962536221048,-2.8250481595780608,-0.23056816206806818,-1.0729990949963542,-1.2158932319393931,-1.0729990949963542,5.224360211666666
ENSG00000164620,RELL2,protein_coding,-0.9921054857960341,-0.9389217621522938,-1.6766779905895577,-1.3169754136074099,-1.145407796826568,-1.2140176897943726,-1.145407796826568,50.99300447933332
ENSG00000223460,GAPDHP69,processed_pseudogene,-2.0037927413478873,-1.1127889561761135,-1.0754968621496062,-0.7582566897967098,-1.1026060449464414,-1.2105882588833516,-1.1026060449464414,23.56205127153334
ENSG00000067606,PRKCZ,protein_coding,-0.9078581607675651,-0.9914093072645564,-3.3405003238118716,-0.7364180424617481,-0.07410585606150821,-1.21005833807345,-0.9078581607675651,6.280943531999999
ENSG00000197415,VEPH1,protein_coding,-0.8039754904758842,-1.340139190662394,-1.5156044572531275,-1.7363818128279904,-0.6483341244230125,-1.2088870151284818,-1.340139190662394,223.103984724
ENSG00000171130,ATP6V0E2,protein_coding,-1.211274529883144,-0.9186766927464616,-2.0408503582079973,-0.9347711173392561,-0.9201476074146138,-1.2051440611182946,-0.9347711173392561,120.22247593200001
ENSG00000141068,KSR1,protein_coding,-0.967764852101376,-1.3350705542228427,-1.5252016046814072,-0.6703099965750683,-1.5250566764414675,-1.2046807368044323,-1.3350705542228427,44.854927369600006
ENSG00000183049,CAMK1D,protein_coding,-0.04665435229462922,-1.6259508320469793,-1.0079086904184562,-1.9644455828768193,-1.3724012566062607,-1.203472142848629,-1.3724012566062607,87.39763862066665
ENSG00000120708,TGFBI,protein_coding,-0.34405202262072976,-1.445821892238989,-1.1137113617504877,-2.2246170640056295,-0.8859824491108306,-1.2028369579453333,-1.1137113617504877,100755.03368266666
ENSG00000224020,MIR181A2HG,lncRNA,-0.5251921881664829,-1.4422127435754803,-1.124897569128947,-1.7309036338718469,-1.1883179482170676,-1.202304816591965,-1.1883179482170676,10.395677171666664
ENSG00000233467,HAX1P1,processed_pseudogene,-1.1784497601609396,-1.2091098552676964,-1.0504166759079618,-1.034373749281074,-1.5358940577133082,-1.201648819666196,-1.1784497601609396,9.628892374200001
ENSG00000214297,ALDOAP2,processed_pseudogene,-0.7535188875584962,-0.48575650008849913,-1.5915673522195406,-2.3918316982480645,-0.7827805448100902,-1.2010909965849381,-0.7827805448100902,9.317670012533334
ENSG00000167601,AXL,protein_coding,-0.7368135166832914,-1.4174418184164086,-1.1233484809493532,-1.5488435355848171,-1.1699889973393223,-1.1992872697946386,-1.1699889973393223,4181.168172133333
ENSG00000196365,LONP1,protein_coding,-1.4032232089658283,-1.4024675069967056,-0.3062170564199338,-1.5890742778461835,-1.2877708712326523,-1.1977505842922607,-1.4024675069967056,1099.0305601733335
ENSG00000145242,EPHA5,protein_coding,-1.2746021684583524,-1.4770251638671956,-0.5570460825594958,-1.5262120940171409,-1.1531672307121452,-1.1976105479228658,-1.2746021684583524,68.45706088733333
ENSG00000096696,DSP,protein_coding,-0.05076802855456819,-1.714191328319929,-1.4203561762675925,-1.481030004189245,-1.2933893500050715,-1.1919469774672813,-1.4203561762675925,3468.4864715333333
ENSG00000161682,FAM171A2,protein_coding,-0.9257872915805052,-1.39287974470803,-1.8604511122810532,-1.7471635583471938,-0.03297879904518464,-1.1918521011923935,-1.39287974470803,51.16745165133334
ENSG00000228328,PGK1P1,processed_pseudogene,-0.4448549887391291,-1.4385475035665438,-1.0754968621496062,-1.5673887375244115,-1.4217021344763943,-1.189598045291217,-1.4217021344763943,64.853819876
ENSG00000162409,PRKAA2,protein_coding,-0.2987892025291856,-1.888473457270412,-2.591183393883895,-0.5903222050800716,-0.578803075207432,-1.1895142667941991,-0.5903222050800716,33.14795867586667
ENSG00000167074,TEF,protein_coding,-1.7950283607221218,-0.8875105168196749,-0.08889046056444627,-1.651776398271501,-1.5099949490443576,-1.1866401370844204,-1.5099949490443576,165.70093098533334
ENSG00000255138,GLTPP1,processed_pseudogene,-0.6713542234013645,-0.6257086100171936,-4.0193409073352715,-0.5832190850592802,-0.028284569214623634,-1.1855814790055466,-0.6257086100171936,12.746069818333334
ENSG00000163171,CDC42EP3,protein_coding,-0.5842589608046271,-1.4540030701696889,-0.9483126400079609,-1.808169491697159,-1.130528612353709,-1.185054555006629,-1.130528612353709,3982.5748182133334
ENSG00000275004,ZNF280B,protein_coding,-0.0074274317389093625,-1.732286785926589,-2.9499001145937283,-1.006425009577777,-0.22665947197448144,-1.184539762762297,-1.006425009577777,25.932461983933333
ENSG00000026508,CD44,protein_coding,-0.8785392281427296,-1.7888474832363634,-0.6521547496477993,-1.825379360788487,-0.7692370708626068,-1.1828315785355972,-0.8785392281427296,1865.4291308933336
ENSG00000280132,AC026471.6,TEC,-0.5775077197249066,-0.7193384570912396,-2.8250481595780608,-0.8127708234074631,-0.9654567006622377,-1.1800243720927814,-0.8127708234074631,6.207826852866666
ENSG00000140848,CPNE2,protein_coding,-0.6398989229103371,-1.1394839998351856,-1.3107869351246375,-1.7605769166802876,-1.0433286135066835,-1.1788150776114263,-1.1394839998351856,148.520874862
ENSG00000137821,LRRC49,protein_coding,-0.9224866758321646,-1.4661649067166334,-0.8659676068300266,-1.2394341500036825,-1.3975176780997494,-1.1783142034964513,-1.2394341500036825,111.98714573000001
ENSG00000266677,AC087164.1,lncRNA,-1.5088002012035981,-0.7417407735021522,-2.8250481595780608,-0.6877421236300139,-0.11873598711717914,-1.1764134490062008,-0.7417407735021522,6.203504458600002
ENSG00000134668,SPOCD1,protein_coding,-0.1038944378802995,-0.5424280192923305,-2.7159394029244908,-1.828042448547249,-0.6914261834744124,-1.1763460984237564,-0.6914261834744124,1037.7107220999999
ENSG00000179630,LACC1,protein_coding,-1.3368701520002837,-1.8337286292566803,-0.492759454848148,-0.5176216944077492,-1.6931161604768938,-1.174819218197951,-1.3368701520002837,366.9407979133333
ENSG00000128596,CCDC136,protein_coding,-0.23388417666369943,-1.046532230598884,-3.115964364023536,-0.8627201217628988,-0.6126804282553895,-1.1743562642608816,-0.8627201217628988,38.7211697954
ENSG00000261801,LOXL1-AS1,lncRNA,-0.2950170792443494,-0.3136072551409299,-3.4465126645158537,-1.13952482040228,-0.6712754896239206,-1.1731874617854667,-0.6712754896239206,120.315763026
ENSG00000165171,METTL27,protein_coding,-1.8496821114616773,-0.8300665515251424,-0.8351872173151085,-0.6539023543221232,-1.6876256358721577,-1.1712927740992416,-0.8351872173151085,19.238146280866665
ENSG00000196391,ZNF774,protein_coding,-0.1651332781176018,-0.7370943565783055,-4.341525137421162,-0.4874605072288065,-0.11520965683780071,-1.1692845872367355,-0.4874605072288065,12.635399516000003
ENSG00000182492,BGN,protein_coding,-0.14653850474278052,-2.907041938283836,-0.6553305239972804,-1.0727575152558746,-1.0639156304370037,-1.169116822543355,-1.0639156304370037,1320.2919020400002
ENSG00000154678,PDE1C,protein_coding,-1.2486790524899618,-0.5590340156360227,-1.1872071627535927,-1.1657747106847243,-1.6844254094374183,-1.169024070200344,-1.1872071627535927,1782.8406351666665
ENSG00000146094,DOK3,protein_coding,-0.15823515805587451,-1.8333612193886917,-0.8983718818265944,-1.7925621758916925,-1.1512058787603734,-1.1667472627846454,-1.1512058787603734,11.320726585133334
ENSG00000229334,AC046143.1,lncRNA,-1.2293237836833515,-1.1867975919616591,-1.5401789560063173,-0.37031283855806674,-1.5028430173634262,-1.1658912375145642,-1.2293237836833515,16.6671918574
ENSG00000174791,RIN1,protein_coding,-0.7305555491193427,-1.0325157146817938,-1.7660566691106832,-1.7677581496401018,-0.5246271671678366,-1.1643026499439517,-1.0325157146817938,128.07263384799998
ENSG00000154642,C21orf91,protein_coding,-1.1728976313486372,-1.5181655579048563,-0.5564051834800807,-0.9133408301798429,-1.6480449081912427,-1.161770822220932,-1.1728976313486372,172.91117473399999
ENSG00000115548,KDM3A,protein_coding,-1.2342530497485011,-1.7725040880003204,-0.5715500063382581,-1.0042506980488985,-1.214853069108285,-1.1594821822488526,-1.214853069108285,464.09369910666663
ENSG00000124788,ATXN1,protein_coding,-0.7166247649258413,-1.7290583921329503,-1.426543023946813,-0.9049922919771056,-1.0153548397388352,-1.158514662544309,-1.0153548397388352,760.7738658866667
ENSG00000146267,FAXC,protein_coding,-0.3123401233002947,-2.4790779444240316,-0.9127267686961407,-1.4176993000710931,-0.6695303492562683,-1.1582748971495658,-0.9127267686961407,8.950262453800002
ENSG00000162723,SLAMF9,protein_coding,-0.6254508219217936,-0.5792951142310532,-2.8250481595780608,-1.2264264210296538,-0.5333296251006541,-1.157910028372243,-0.6254508219217936,7.183664914466667
ENSG00000139641,ESYT1,protein_coding,-0.8053740379647927,-1.6436514214381823,-0.34904179841146643,-2.01641657903464,-0.9647358376690534,-1.155843934903627,-0.9647358376690534,2145.6906180066667
ENSG00000168056,LTBP3,protein_coding,-0.5875815687555477,-1.416559331365999,-1.1853916666961162,-1.0597464216014023,-1.49382948885083,-1.148621695453979,-1.1853916666961162,331.549940184
ENSG00000187801,ZFP69B,protein_coding,-0.4084589476580298,-1.4698976648550954,-1.6245083839543013,-1.0107890741303684,-1.2267170840261246,-1.148074230924784,-1.2267170840261246,31.429710438933334
ENSG00000226137,BAIAP2-DT,lncRNA,-0.890314701260877,-0.7228116695166173,-2.4708420163603133,-0.9465648088135392,-0.7002748202948235,-1.146161603249234,-0.890314701260877,137.172780558
ENSG00000075711,DLG1,protein_coding,-0.7744401578185105,-1.1427620372771816,-0.7874394676808532,-1.6847728318012898,-1.3378998549703702,-1.145462869909641,-1.1427620372771816,1198.7079274066666
ENSG00000160271,RALGDS,protein_coding,-0.04234038952248831,-1.8555849017575943,-1.9797072606651809,-1.0429931531487862,-0.8035720016806325,-1.1448395413549366,-1.0429931531487862,38.27844817866666
ENSG00000116260,QSOX1,protein_coding,-0.5749962544201974,-1.8453545397692572,-0.3899714478991907,-2.0152685676733633,-0.8928875005771371,-1.1436956620678291,-0.8928875005771371,3385.316546253334
ENSG00000133874,RNF122,protein_coding,-0.7368414529230964,-1.9614913174380937,-0.04047574456342762,-2.0052380045871567,-0.9450376168686736,-1.1378168272760898,-0.9450376168686736,38.576545330866665
ENSG00000228451,SDAD1P1,transcribed_processed_pseudogene,-1.548167362362598,-1.0255159587553706,-2.1756747535509873,-0.8284849668122627,-0.10528480262997597,-1.136625568822239,-1.0255159587553706,41.72657848800001
ENSG00000254481,PTP4A2P2,processed_pseudogene,-0.5775077197249066,-0.23794377038062597,-3.3405003238118716,-0.43863479019151486,-1.0821294559080545,-1.1353432120033946,-0.5775077197249066,9.830832888866665
ENSG00000083444,PLOD1,protein_coding,-0.64614038449721,-1.552835862036595,-1.1271532822843344,-1.4386440804837886,-0.9111776325999799,-1.1351902483803815,-1.1271532822843344,4793.066370933334
ENSG00000013392,RWDD2A,protein_coding,-0.5257391732189234,-0.8999515390550519,-3.0811893841449165,-0.5344109410005,-0.6203353573192505,-1.1323252789477283,-0.6203353573192505,118.68690567133332
ENSG00000198496,NBR2,lncRNA,-1.1737904313093077,-1.4995712367622107,-1.8622533636652325,-0.8527499912750085,-0.2576599960084831,-1.1292050038040486,-1.1737904313093077,24.825578367600006
ENSG00000076513,ANKRD13A,protein_coding,-1.057368831397623,-1.135041110256493,-0.8368997064691133,-1.4370653465152614,-1.1776621432265948,-1.128807427573017,-1.135041110256493,1789.0348651333331
ENSG00000154127,UBASH3B,protein_coding,-1.0332770282742842,-0.8126333295273938,-1.2159281528946053,-1.0487409147939744,-1.52424772725732,-1.1269654305495156,-1.0487409147939744,422.16387216000004
ENSG00000159231,CBR3,protein_coding,-1.0014159224619164,-0.386774679900487,-1.9870743604563046,-1.4097983256887403,-0.8190773817103238,-1.1208281340435544,-1.0014159224619164,95.55937273866668
ENSG00000253210,AC040970.1,lncRNA,-2.557829035854099,-0.9679749241157207,-1.1761028598637013,-0.1763377991281465,-0.7256821383058543,-1.1207853514535047,-0.9679749241157207,16.156103582133333
ENSG00000115363,EVA1A,protein_coding,-0.5652997641266762,-1.4216632955383588,-0.7041414596798585,-2.3769056593326354,-0.5112593438401767,-1.1158539045035412,-0.7041414596798585,275.6312625773333
ENSG00000186104,CYP2R1,protein_coding,-0.8415103422149981,-1.1255489280812103,-1.6670734680987866,-1.2979523849825556,-0.641151250881502,-1.1146472748518106,-1.1255489280812103,111.09324088466666
ENSG00000135766,EGLN1,protein_coding,-0.9966384203364154,-1.4528313141253903,-0.38627626027800055,-1.441375172519237,-1.2849284614772172,-1.1124099257472522,-1.2849284614772172,344.9775133399999
ENSG00000286873,AC012306.3,lncRNA,-1.5238405570676379,-0.3487917897641921,-2.6021671782560802,-0.9045483094844959,-0.17847554580466873,-1.111564676075415,-0.9045483094844959,7.786530653400001
ENSG00000127743,IL17B,protein_coding,-2.028787308939755,-0.8611809043128993,-1.0504166759079618,-0.7854471939747305,-0.8147804323468009,-1.1081225030964295,-0.8611809043128993,5.853283490533333
ENSG00000168502,MTCL1,protein_coding,-0.47040219699747254,-1.3137706344786633,-1.1460714368319138,-1.4543980056937382,-1.1490448712868826,-1.106737429057734,-1.1490448712868826,599.3409951
ENSG00000151276,MAGI1,protein_coding,-1.1318500723030205,-0.9332493622257214,-1.442299339166361,-0.5759407208728629,-1.439796889339359,-1.1046272767814649,-1.1318500723030205,566.6946583933334
ENSG00000116191,RALGPS2,protein_coding,-1.4172604895378598,-0.8994929393663291,-0.9202089074692701,-0.9831910841659788,-1.300947764842613,-1.1042202370764103,-0.9831910841659788,339.19705174666666
ENSG00000023902,PLEKHO1,protein_coding,-0.9800129878781476,-1.0346761712663657,-0.9453094190545599,-1.4512832648957836,-1.1019814547794233,-1.102652659574856,-1.0346761712663657,632.0599094266668
ENSG00000186654,PRR5,protein_coding,-1.5171014830675178,-1.0160268174995446,-1.6245083839543013,-0.7840077850197638,-0.565480860767992,-1.1014250660618239,-1.0160268174995446,29.99322384133333
ENSG00000140323,DISP2,protein_coding,-0.7543515094315909,-0.02836099477974452,-1.5987426174810675,-1.3438734479871028,-1.7767257633462008,-1.100410866605141,-1.3438734479871028,13.480655940266667
ENSG00000230513,THAP7-AS1,lncRNA,-0.8818638233877532,-0.9477367394316003,-2.5922076049721254,-0.6460480584059418,-0.42740890160450284,-1.0990530255603848,-0.8818638233877532,23.018248170933337
ENSG00000184117,NIPSNAP1,protein_coding,-0.576909226155716,-0.9280444091197726,-2.1462563781899284,-1.0127103449937032,-0.8163584663919634,-1.0960557649702167,-0.9280444091197726,359.3734713866668
ENSG00000279030,AC007336.3,TEC,-0.3123401233002947,-0.8330428188382344,-2.546383266364066,-1.7309036338718469,-0.05593568292257389,-1.0957211050594033,-0.8330428188382344,10.1522646082
ENSG00000204576,PRR3,protein_coding,-1.4420093490232073,-0.07198602035885227,-3.658631142820115,-0.0388944177671986,-0.26700784555089285,-1.0957057551040532,-0.26700784555089285,59.38959678646667
ENSG00000138735,PDE5A,protein_coding,-0.5431337814760528,-1.524924377065492,-1.2866827364494942,-0.9828150273134799,-1.128733254730582,-1.0932578354070202,-1.128733254730582,1113.2864805333334
ENSG00000126001,CEP250,protein_coding,-0.5609337195876023,-0.6155452094537424,-2.5550223854676952,-1.1764509492037227,-0.5574091618674366,-1.09307228511604,-0.6155452094537424,313.1665267700001
ENSG00000111640,GAPDH,protein_coding,-0.9009241169472535,-1.1110344448404685,-0.8392110208589667,-1.5558687992980023,-1.0545021800759766,-1.0923081124041336,-1.0545021800759766,51761.13191133333
ENSG00000167972,ABCA3,protein_coding,-0.23095390438869323,-2.5053681035909445,-0.6572205189356599,-1.7030975945141993,-0.3560445696694172,-1.0905369382197827,-0.6572205189356599,18.184585518333332
ENSG00000279631,AL158211.5,TEC,-1.2541640739944069,-0.33811058863035726,-2.499055525665352,-0.3943050598765079,-0.9647539537512024,-1.0900778403835651,-0.9647539537512024,26.237204577866667
ENSG00000256806,C17orf100,protein_coding,-0.8073326634445839,-0.5053245780259408,-1.9137515823054314,-0.7568261285129223,-1.4488255321519965,-1.086412096888175,-0.8073326634445839,16.9363306652
ENSG00000115318,LOXL3,protein_coding,-0.7969092833930116,-1.2092888173138103,-1.081458696179583,-1.1809566655602843,-1.1601910621200933,-1.0857609049133565,-1.1601910621200933,852.20678114
ENSG00000100558,PLEK2,protein_coding,-0.9084564746760111,-0.9479940012540777,-0.732275228480741,-2.1110273610619665,-0.7194967839346442,-1.0838499698814883,-0.9084564746760111,13.93859980486667
ENSG00000131188,PRR7,protein_coding,-0.46301678040197913,-1.5263249726633026,-1.5491369670231174,-1.575549746116133,-0.2960651587653027,-1.082018724993967,-1.5263249726633026,57.564257821333335
ENSG00000198768,APCDD1L,protein_coding,-0.7039027609659847,-0.22866081901094226,-1.6439811907414104,-1.1370472993818277,-1.693536480352976,-1.0814257100906282,-1.1370472993818277,309.28018213333337
ENSG00000144791,LIMD1,protein_coding,-0.5924132756231213,-1.1305532485575318,-1.7984333321914416,-0.9369435935961148,-0.9482433712044074,-1.0813173642345233,-0.9482433712044074,308.37183279333334
ENSG00000145779,TNFAIP8,protein_coding,-2.0813233047311437,-0.8765331468520259,-0.948660481692456,-0.27344799832436184,-1.215010572660347,-1.0789951008520668,-0.948660481692456,273.25148097199997
ENSG00000183010,PYCR1,protein_coding,-1.1147384158926048,-1.5094130210021675,-0.4510498287577036,-1.2926022457738355,-1.0185763075280256,-1.0772759637908673,-1.1147384158926048,1433.5248509866663
ENSG00000151693,ASAP2,protein_coding,-0.6729028665323895,-1.155964962122562,-0.802342526223244,-1.4261742025670436,-1.3276861512355111,-1.07701414173615,-1.155964962122562,553.5992598066666
ENSG00000213760,ATP6V1G2,protein_coding,-2.9566948206253274,-0.559111936643496,-0.19112455216916224,-1.0814483894051805,-0.5858855253517401,-1.074853044838981,-0.5858855253517401,8.002580527400001
ENSG00000196810,CTBP1-DT,lncRNA,-1.057319019961282,-0.952769526136203,-1.8038291506947681,-0.7052769458814936,-0.8532135150259981,-1.074481631539949,-0.952769526136203,98.35342887866668
ENSG00000105767,CADM4,protein_coding,-1.2641973249273555,-1.790657795713487,-0.9127267686961407,-1.2264264210296538,-0.1670036937284367,-1.0722024008190147,-1.2264264210296538,11.852630034333334
ENSG00000250071,AC093214.1,processed_pseudogene,-0.6482214324230666,-0.5649312368015109,-2.8250481595780608,-0.7746527747504284,-0.5450702456316567,-1.0715847698369447,-0.6482214324230666,7.884088414999998
ENSG00000205213,LGR4,protein_coding,-0.9448095326779011,-1.1777184223514823,-1.9682750155515247,-0.6114527289013694,-0.6500775296792458,-1.0704666458323047,-0.9448095326779011,424.4913507399999
ENSG00000100027,YPEL1,protein_coding,-1.69763108223591,-1.4003302255327963,-0.6390804353461395,-0.5638442681011195,-1.0474062604780445,-1.0696584543388021,-1.0474062604780445,17.892667898600003
ENSG00000152465,NMT2,protein_coding,-1.297576087307144,-0.8059323768678119,-0.9116675625381419,-1.232197540509933,-1.0955500534680915,-1.0685847241382245,-1.0955500534680915,578.6614334
ENSG00000073008,PVR,protein_coding,-0.8666462806206567,-1.085975584354662,-0.0824917562244778,-2.0251415489808995,-1.2824679551568376,-1.0685446250675068,-1.085975584354662,1323.9293106666667
ENSG00000152422,XRCC4,protein_coding,-0.4658764715912671,-2.2037300662249732,-1.3752179438035554,-0.5267179920156977,-0.7701046610875641,-1.0683294269446115,-0.7701046610875641,122.47820883133335
ENSG00000225210,DUXAP9,transcribed_processed_pseudogene,-1.4236328915760401,-1.1570017024337602,-0.05727483690882451,-1.029757903101117,-1.67129081696966,-1.0677916301978805,-1.1570017024337602,15.529547833733334
ENSG00000102409,BEX4,protein_coding,-2.058030286141037,-0.9770899515428315,-1.3987392932270821,-0.13113464557140597,-0.7535672440364163,-1.0637122841037545,-0.9770899515428315,21.429426599400003
ENSG00000005884,ITGA3,protein_coding,-0.4342684840962914,-1.6129622461670152,-0.5253697506845416,-1.846138732343647,-0.8976080299901721,-1.0632694486563334,-0.8976080299901721,2046.4171701266664
ENSG00000259891,AC107375.1,lncRNA,-0.5251921881664829,-0.3663993271757646,-2.6021671782560802,-0.45383009452218825,-1.3648444905956314,-1.0624866557432295,-0.5251921881664829,5.5717710793999995
ENSG00000166986,MARS1,protein_coding,-1.0817366193010027,-0.9227181669696449,-0.3941400038151599,-1.6859499176513069,-1.2275475016873436,-1.0624184418848917,-1.0817366193010027,1892.6797679066667
ENSG00000248180,GAPDHP60,processed_pseudogene,-0.7120394068714706,-2.5911627578501615,-0.7078565031192934,-0.22283541526734618,-1.0750637217070729,-1.0617915609630688,-0.7120394068714706,37.65288505859999
ENSG00000099849,RASSF7,protein_coding,-0.5060085668648222,-1.8520649272208312,-0.36490577939494173,-1.3028605887222273,-1.2766601033052876,-1.060499993101622,-1.2766601033052876,106.50261590266665
ENSG00000124831,LRRFIP1,protein_coding,-0.6787793276561107,-1.1663564113222566,-1.233997902183921,-1.1848543657264052,-1.037171762879586,-1.060231953953656,-1.1663564113222566,1170.2043037733333
ENSG00000124496,TRERF1,protein_coding,-0.4491669137463905,-1.1179921489259819,-2.0906079908549287,-0.9816965217028599,-0.6523654374022332,-1.0583658025264788,-0.9816965217028599,33.287493336
ENSG00000033867,SLC4A7,protein_coding,-0.47113022604727917,-2.2023611220299344,-0.30886587889766837,-1.1042938293168518,-1.2023655361659475,-1.0578033184915363,-1.1042938293168518,1002.5166750466669
ENSG00000176845,METRNL,protein_coding,-1.0663043624899604,-1.2437657634541228,-0.4100716742746364,-1.5971073686373156,-0.9521972370707363,-1.0538892811853544,-1.0663043624899604,609.3077532666666
ENSG00000274602,PI4KAP1,transcribed_unprocessed_pseudogene,-0.40525689236854534,-1.071889763451976,-1.5915673522195406,-0.42101554745138214,-1.770701964370073,-1.0520863039723034,-1.071889763451976,12.94778356613333
ENSG00000254454,RCC2P6,processed_pseudogene,-1.0210847846080275,-1.011275597451065,-0.39727460446232987,-1.4313741505192517,-1.3966709469791878,-1.0515360168039725,-1.0210847846080275,8.1160252382
ENSG00000087245,MMP2,protein_coding,-0.31390394164877655,-1.6062366914770578,-1.5857244522090763,-1.3944220050398943,-0.35232270006845035,-1.0505219580886511,-1.3944220050398943,8076.336270933334
ENSG00000011422,PLAUR,protein_coding,-0.8405208443206611,-1.292394014488666,-0.49495534734920454,-2.1038442366310797,-0.5177972120641634,-1.049902330970755,-0.8405208443206611,606.21834714
ENSG00000204622,HLA-J,transcribed_unprocessed_pseudogene,-0.7549033024746445,-0.7377229964970813,-2.0154934131487776,-1.2579305767675248,-0.47204998204828263,-1.0476200541872622,-0.7549033024746445,6.3629415687333335
ENSG00000170571,EMB,protein_coding,-0.43124097281195617,-2.2106159844179825,-1.8531191402224714,-0.4490274661639386,-0.2934771040011359,-1.047496133523497,-0.4490274661639386,214.13152114533332
ENSG00000259319,AF111167.2,lncRNA,-1.0029540668780341,-0.3597207200055843,-1.7616346562130434,-0.852488457923537,-1.2563574278305625,-1.0466310657701523,-1.0029540668780341,11.837810413800002
ENSG00000171033,PKIA,protein_coding,-1.020763597539636,-0.9394958743342015,-1.3575048183286995,-0.8247539625284759,-1.088285793800317,-1.046160809306266,-1.020763597539636,63.928554341333324
ENSG00000137309,HMGA1,protein_coding,-0.464508880088621,-0.8024207128514371,-1.1700699075904932,-1.957694364886005,-0.8361059871962784,-1.046159970522567,-0.8361059871962784,249.379115524
ENSG00000141510,TP53,protein_coding,-0.6744095356875324,-0.6134949987812748,-2.042979282122343,-1.107467944827742,-0.7854081481172379,-1.044751981907226,-0.7854081481172379,278.5470494
ENSG00000275880,AL139385.1,lncRNA,-0.2987892025291856,-1.2935179421971548,-0.9127267686961407,-1.3696167094152347,-1.3439431182027013,-1.0437187482080834,-1.2935179421971548,7.741178649199999
ENSG00000167100,SAMD14,protein_coding,-0.16671330536976559,-0.9786604867806559,-2.546383266364066,-0.8642435517308034,-0.6622119885141222,-1.0436425197518826,-0.8642435517308034,25.2100983578
ENSG00000104419,NDRG1,protein_coding,-0.6499120164698908,-1.3762007948001962,-0.9504356983702635,-1.6508340641819892,-0.5680430380523518,-1.0390851223749382,-0.9504356983702635,1770.7673086399998
ENSG00000068971,PPP2R5B,protein_coding,-1.274622018286804,-1.0439365625571142,-0.25503419194583543,-1.6647019260587497,-0.9525427953890153,-1.0381674988475038,-1.0439365625571142,380.51232633333325
ENSG00000148700,ADD3,protein_coding,-0.8196904334742054,-1.2706339561106308,-1.258018068651177,-1.0135438201266656,-0.8277694061291374,-1.0379311368983632,-1.0135438201266656,2387.259373066667
ENSG00000156030,MIDEAS,protein_coding,-0.45277276330756955,-0.49570558873191484,-2.230928189933582,-0.7600915415336544,-1.2498439196351132,-1.037868400628367,-0.7600915415336544,236.79779852133333
ENSG00000137193,PIM1,protein_coding,-0.014444783559530272,-2.2762259422876907,-0.3433278952468264,-1.7556887703486792,-0.7949420189158918,-1.0369258820717238,-0.7949420189158918,391.1930006893333
ENSG00000179476,C14orf28,protein_coding,-0.4900739925853568,-0.939028119609925,-1.8943027611129581,-1.1290615383666402,-0.7211601664597538,-1.0347253156269267,-0.939028119609925,90.67385472533333
ENSG00000237975,FLG-AS1,lncRNA,-0.5954744453877652,-1.441507001416701,-0.6666892475530535,-1.9721971229259427,-0.49415601539754483,-1.0340047665362015,-0.6666892475530535,49.12150128559999
ENSG00000115641,FHL2,protein_coding,-0.4417607687536673,-1.0714842407806415,-1.7073841197540531,-1.1225375188802076,-0.8268031178613864,-1.0339939532059912,-1.0714842407806415,3531.326745733333
ENSG00000255400,AC124276.2,lncRNA,-0.5251921881664829,-0.6790664834631372,-1.3987392932270821,-0.7979975417755862,-1.7628672758911028,-1.0327725565046784,-0.7979975417755862,7.030959922866669
ENSG00000110619,CARS1,protein_coding,-1.200226450239267,-1.2167323564818862,-0.20289998846331692,-1.443870251225496,-1.0946200039230138,-1.031669810066596,-1.200226450239267,1364.3950535199997
ENSG00000261824,LINC00662,lncRNA,-0.7716881722351472,-1.6182422117609878,-1.2858152971880328,-0.6250006552534053,-0.8504038231521003,-1.0302300319179347,-0.8504038231521003,292.87867367333337
ENSG00000237892,KLF7-IT1,lncRNA,-0.16370590424077047,-0.189986524610263,-4.0193409073352715,-0.2920351815167024,-0.4742667016837099,-1.0278670438773436,-0.2920351815167024,13.402632162266666
ENSG00000231095,GYG1P3,processed_pseudogene,-0.7521178709767438,-0.3017502109644583,-3.1882693951781667,-0.6877421236300139,-0.18352419198934333,-1.0226807585477453,-0.6877421236300139,6.084436350400001
ENSG00000123191,ATP7B,protein_coding,-0.9169259401369745,-1.157056515583034,-1.5646895830011767,-0.7098212825437642,-0.7595475229352484,-1.0216081688400396,-0.9169259401369745,108.47682615800001
ENSG00000183060,LYSMD4,protein_coding,-0.19387760145093758,-0.8428004007079428,-2.4098687831444012,-1.1936577110418511,-0.4613281296061702,-1.0203065251902605,-0.8428004007079428,86.42143664866666
ENSG00000197927,NBEAP2,transcribed_unprocessed_pseudogene,-2.326238911879667,-0.5371330889188464,-1.5401789560063173,-0.2393252871307472,-0.4580875151789505,-1.0201927518229055,-0.5371330889188464,10.462113947666667
ENSG00000137486,ARRB1,protein_coding,-0.11108086987817156,-0.6966650774699934,-2.440335646584666,-0.7689819314712159,-1.0828036074176461,-1.0199734265643385,-0.7689819314712159,140.38696018533332
ENSG00000128266,GNAZ,protein_coding,-2.536112567722438,-0.8435652954517678,-0.004611577632039232,-0.9554447480184192,-0.7504901753518327,-1.0180448728352993,-0.8435652954517678,15.398804098533335
ENSG00000233287,AC009362.1,processed_pseudogene,-0.6382174971890717,-0.6737827236115312,-2.0154934131487776,-1.3958904946990716,-0.35081720637120384,-1.0148402670039312,-0.6737827236115312,12.1748513938
ENSG00000167695,TLCD3A,protein_coding,-0.5873159761570097,-1.2621028606100806,-1.4162921634371228,-1.1619854475390161,-0.6460703040173703,-1.01475335035212,-1.1619854475390161,257.88180202666666
ENSG00000160007,ARHGAP35,protein_coding,-0.833735059874293,-0.9039698038154249,-0.9192026135096061,-1.16834481249575,-1.247987793908143,-1.0146480167206433,-0.9192026135096061,1712.7248857733334
ENSG00000134864,GGACT,protein_coding,-0.38345050487147425,-0.41913457557718026,-2.573512587939638,-0.7337239162741591,-0.956196874713636,-1.0132036918752176,-0.7337239162741591,69.70728906266666
ENSG00000171314,PGAM1,protein_coding,-1.1174691549163782,-0.9542646268938046,-0.8197972901586983,-1.0628523126145346,-1.108968574370019,-1.012670391790687,-1.0628523126145346,893.3580517733334
ENSG00000090971,NAT14,protein_coding,-1.1730070509428545,-0.7219032140031025,-1.0186729314457894,-1.1124747481943063,-1.0333741633739457,-1.0118864215919996,-1.0333741633739457,131.47600193866668
ENSG00000269968,AC006064.4,lncRNA,-1.728875713990102,-0.8191606962715854,-0.14301816083805985,-1.7301760787045266,-0.6353802805868645,-1.0113221860782278,-0.8191606962715854,197.71655233733333
ENSG00000142156,COL6A1,protein_coding,-0.36609827286632246,-1.3263684675957652,-0.4352398875179073,-1.848967122582998,-1.0779767986911857,-1.0109301098508356,-1.0779767986911857,7537.249251199999
ENSG00000287185,AC041005.1,lncRNA,-0.9798893175927716,-0.40539825602483814,-1.7616346562130434,-0.3039475743018185,-1.6036096807215343,-1.0108958969708013,-0.9798893175927716,11.580837097066668
ENSG00000173272,MZT2A,protein_coding,-1.0492025426910088,-0.8030010222472539,-1.280242064072259,-1.2267028799423674,-0.6900935092564326,-1.0098484036418642,-1.0492025426910088,257.6081241333333
ENSG00000182791,CCDC87,protein_coding,-0.8073326634445839,-0.8432964069012174,-2.338448510085537,-0.8304160482409699,-0.2289960894946763,-1.0096979436333968,-0.8304160482409699,5.427660136666668
ENSG00000004139,SARM1,protein_coding,-1.9252918449237644,-0.08819389997956328,-0.5733933687216686,-0.6232801090638995,-1.8362076665945626,-1.0092733778566916,-0.6232801090638995,142.556039824
ENSG00000172554,SNTG2,protein_coding,-1.7842559265559002,-0.6855351829106984,-0.31681073612490174,-1.0190912204485478,-1.2404187423107085,-1.0092223616701514,-1.0190912204485478,7.911386775933334
ENSG00000173727,AP000769.1,transcribed_unprocessed_pseudogene,-0.6639635762448153,-0.79723459042944,-1.9797072606651809,-0.4074161358363497,-1.1965479233026706,-1.0089738972956912,-0.79723459042944,40.233197649333334
ENSG00000163359,COL6A3,protein_coding,-0.09648230724223339,-1.7454194530717864,-0.7176048444347458,-1.9482735879962263,-0.5353409836574432,-1.008624235280487,-0.7176048444347458,15332.320489400001
ENSG00000105865,DUS4L,protein_coding,-1.3477464040006355,-0.42489136604465294,-2.4501223803538523,-0.47824464494894103,-0.33659574860718333,-1.007520108791053,-0.47824464494894103,18.901863134133336
ENSG00000186665,C17orf58,protein_coding,-0.4724553542420127,-1.358587051721324,-1.964701840286934,-0.829837742275159,-0.4104503741126768,-1.0072064725276213,-0.829837742275159,68.98999011666665
ENSG00000154328,NEIL2,protein_coding,-0.38681343839120874,-0.5384287343966889,-2.6342330165738828,-1.248409599677144,-0.22546176578111954,-1.0066693109640088,-0.5384287343966889,130.18140895666667
ENSG00000005238,FAM214B,protein_coding,-0.9957855944602585,-0.7394553071210979,-1.662387145347033,-0.940317132874755,-0.6925714041403683,-1.0061033167887026,-0.940317132874755,697.8823013333332
ENSG00000168268,NT5DC2,protein_coding,-0.6644980681953303,-0.7000077118204828,-2.0148991946752126,-0.879114287462821,-0.7623838750424987,-1.004180627439269,-0.7623838750424987,1188.6047824466666
ENSG00000134369,NAV1,protein_coding,-0.3435069485387121,-1.710123382226243,-1.0995417699422756,-0.6390113249364617,-1.2246328459666156,-1.0033632543220616,-1.0995417699422756,2043.228592466667
ENSG00000070159,PTPN3,protein_coding,-0.9523539242443224,-0.8387502581279733,-2.008622283923973,-0.7717042926745323,-0.4439542681049433,-1.003077005415149,-0.8387502581279733,134.76520295
ENSG00000097007,ABL1,protein_coding,-1.1344606702790099,-0.325346029700297,-0.899208737654849,-1.4083830023109005,-1.2457191979976034,-1.002623527588532,-1.1344606702790099,1432.5633593266668
ENSG00000287232,AC079848.2,lncRNA,-1.7982936577657116,-0.26576049257903644,-1.0504166759079618,-1.5475247398676713,-0.3500365329258188,-1.00240641980924,-1.0504166759079618,8.126842140133334
ENSG00000163453,IGFBP7,protein_coding,-0.6520101610939157,-1.7984160293337208,-0.3172839554663476,-1.5632123819705122,-0.6776294809418282,-1.0017104017612648,-0.6776294809418282,31065.141888000002
