Ensembl_ID_base,gene_name,gene_type,log2FC_7043,log2FC_7078,log2FC_7083,log2FC_8004,log2FC_8013,mean_log2FC,median_log2FC,mean_expression
ENSG00000173432,SAA1,protein_coding,9.662429179944677,8.99688735428982,10.201683363794428,12.272705781461891,10.310661144428465,10.288873364783857,10.201683363794428,5072.280160682467
ENSG00000162706,CADM3,protein_coding,10.410996124852112,10.047142114966032,9.522642530413863,9.25318543552864,11.673266762315341,10.181446593615199,10.047142114966032,2581.4565877445334
ENSG00000134339,SAA2,protein_coding,8.363017646050068,9.422640965669508,10.502818499593033,9.98952854996848,8.169460049446919,9.2894931421456,9.422640965669508,1126.5024731486
ENSG00000189221,MAOA,protein_coding,7.098843132639608,8.804713005378275,10.089088397413223,9.61229895696724,9.888875800925602,9.09876385866479,9.61229895696724,2303.600662273933
ENSG00000127083,OMD,protein_coding,9.041748356161444,8.15247465722791,8.227470920716586,10.577514670557612,9.405713084390413,9.080984337810794,9.041748356161444,460.4190151226
ENSG00000109906,ZBTB16,protein_coding,7.855759866153254,9.740630167877894,8.653949612347908,9.946551855033686,8.532474919536368,8.945873284189823,8.653949612347908,541.1664433506668
ENSG00000084674,APOB,protein_coding,8.213158546008254,7.3306311103427975,8.399036644722555,9.80440401699767,10.141132790522729,8.777672621718802,8.399036644722555,601.8551807943334
ENSG00000101938,CHRDL1,protein_coding,8.050656155103447,9.496072239891774,9.337384631607883,9.36179300925637,7.334964127602464,8.716174032692388,9.337384631607883,4320.661806884
ENSG00000129988,LBP,protein_coding,8.595855582936036,7.68495344894307,7.824391992605108,8.760541444695919,10.186961710756995,8.610540835987425,8.595855582936036,301.2532230571333
ENSG00000166510,CCDC68,protein_coding,5.111104106635924,8.083008466861056,10.245313327729441,8.470664233212581,6.724880174119162,7.7269940617116335,8.083008466861056,720.8609714194
ENSG00000174697,LEP,protein_coding,6.092957757200997,7.670067706074437,8.492699175576771,7.636522542647093,8.437827436449327,7.666014923589725,7.670067706074437,633.0441667048
ENSG00000145244,CORIN,protein_coding,5.748674724496871,7.0953003723262915,8.545687100913483,9.754564681445665,6.5719125034099735,7.543227876518456,7.0953003723262915,3255.1666139912672
ENSG00000137673,MMP7,protein_coding,4.836177956138603,8.760119463475254,8.136273176035502,9.110683514068645,6.789392391527389,7.526529300249078,8.136273176035502,178.75179273733335
ENSG00000113494,PRLR,protein_coding,4.94776488359384,12.202444961945766,8.737178206902627,9.977534789821657,1.068060636787782,7.3865966958103355,8.737178206902627,604.9471746042667
ENSG00000163739,CXCL1,protein_coding,5.780874623089461,8.984333367477028,7.2130869562994135,7.017766486739086,7.720965805726818,7.3434054478663615,7.2130869562994135,99.66568407200002
ENSG00000186417,GLDN,protein_coding,4.612481867172322,7.656979780119685,9.907426555983836,8.919790895916893,5.03665579375655,7.226666978589857,7.656979780119685,236.33411991646668
ENSG00000106809,OGN,protein_coding,4.512373079369097,7.806572307332188,9.188106588758986,10.319787610948419,4.180761624859494,7.201520242253636,7.806572307332188,258.0338223930667
ENSG00000104435,STMN2,protein_coding,4.359326273255369,9.219637986115211,9.77663839278751,6.886045353524242,5.492327527969762,7.146795106730418,6.886045353524242,160.77579493553333
ENSG00000099998,GGT5,protein_coding,7.2038569460972095,6.428298848212695,7.831455981636261,7.505079233899502,6.376748837651402,7.069087969499414,7.2038569460972095,285.1571199782
ENSG00000162998,FRZB,protein_coding,4.276249811162773,7.49661538707374,9.155281301024097,11.063254477063829,3.2425478698789028,7.046789769240668,7.49661538707374,474.48276220933326
ENSG00000179593,ALOX15B,protein_coding,6.003823752512342,8.040230507335549,6.539051904530504,7.703197334587153,6.3148177210859515,6.920224244010299,6.539051904530504,108.00081096606667
ENSG00000187288,CIDEC,protein_coding,4.359326273255369,8.790678471715513,9.210389523709425,8.500223090166289,3.555498390283885,6.8832231498260965,8.500223090166289,119.70592791466666
ENSG00000104044,OCA2,protein_coding,5.4804145893463625,8.996400822809925,8.345033459441161,8.233554168290183,2.9214095236401265,6.795362512705552,8.233554168290183,130.59374738746666
ENSG00000133687,TMTC1,protein_coding,4.726065949870555,7.220901249289619,7.7251274136689005,7.317449843976851,6.963363790200209,6.790581649401227,7.220901249289619,1401.461758078
ENSG00000169429,CXCL8,protein_coding,5.741307071300739,6.954320745090619,11.439589741872448,5.390180382723953,4.389410920291174,6.782961772255787,5.741307071300739,485.2044428949333
ENSG00000188783,PRELP,protein_coding,3.7278204954398158,8.3523924583723,8.474198777980366,9.453424256743773,3.8377908978416855,6.769125377275588,8.3523924583723,573.2693632862666
ENSG00000163884,KLF15,protein_coding,4.583209481348511,8.701686064535439,8.551222802336426,6.212791161516442,5.048561591181784,6.61949422018372,6.212791161516442,210.5926672822
ENSG00000188487,INSC,protein_coding,3.3488474056253517,9.12587868696261,9.004313275121824,9.053173141255881,2.2654178129202855,6.55952606437719,9.004313275121824,202.027455525
ENSG00000146374,RSPO3,protein_coding,7.275237391776212,5.965915527194087,7.692715492773831,7.615098744484726,4.056305749648159,6.521054581175403,7.275237391776212,68.64202288206666
ENSG00000135678,CPM,protein_coding,5.548600573666741,6.653339874404777,6.123754107131004,8.58381354095954,5.507568660339339,6.48341535130028,6.123754107131004,1114.5647416738668
ENSG00000103175,WFDC1,protein_coding,5.1086908175676085,7.282137248803746,6.514454981943241,6.170340121350412,7.260384762070716,6.467201586347144,6.514454981943241,746.0642443641999
ENSG00000196549,MME,protein_coding,5.871702104982109,4.780663928512682,6.739365618898961,7.848681787854408,6.96710562033605,6.441503812116842,6.739365618898961,5009.4347202886665
ENSG00000154856,APCDD1,protein_coding,2.7533293681580813,9.674915499864055,7.496698763109648,8.093865531865438,4.114344321484658,6.4266306968963764,7.496698763109648,125.56037733773334
ENSG00000095637,SORBS1,protein_coding,4.424776183694263,5.9352158720416055,6.951590233209449,7.9085168672603405,6.81012261809008,6.406044354859148,6.81012261809008,486.71854899013334
ENSG00000173838,MARCHF10,protein_coding,6.241368861724591,5.896975333318321,7.228253271200919,6.731083541474223,5.483158112619367,6.316167824067485,6.241368861724591,75.73766371533334
ENSG00000102760,RGCC,protein_coding,6.238753475067819,6.543959529058573,6.788106294018819,6.318992984878794,5.57233073907047,6.292428604418895,6.318992984878794,91.0906603268
ENSG00000094963,FMO2,protein_coding,3.637958314075664,4.890814704671196,6.151574478730547,7.38406550845531,9.19026259503609,6.250935120193762,6.151574478730547,163.4706776932
ENSG00000099994,SUSD2,protein_coding,5.297168465507938,6.371483297912141,7.496698763109648,7.171960893121628,4.898543253205622,6.247170934571396,6.371483297912141,97.49320952486667
ENSG00000136160,EDNRB,protein_coding,5.780874623089461,4.138784261294802,10.143639650332029,4.45855906074467,6.643947747221649,6.233161068536521,5.780874623089461,105.50858781826668
ENSG00000258545,RHOXF1-AS1,lncRNA,2.3487672488845046,8.091093431572236,7.185476087904644,6.755305193367004,6.468950415822738,6.169918475510226,6.755305193367004,117.14006632166668
ENSG00000157150,TIMP4,protein_coding,3.9962913541107055,8.456710284053198,7.660851683150998,7.724580876525923,2.9367031155081817,6.155027462669802,7.660851683150998,477.4526495663333
ENSG00000262655,SPON1,protein_coding,4.776971639813334,5.298574486731686,7.692715492773831,5.789690469688803,6.962987746260208,6.104187967053573,5.789690469688803,43.1710733476
ENSG00000104267,CA2,protein_coding,7.465379010428478,8.395022695585876,10.037350129408647,1.4438063612953242,3.0918345681319757,6.08667855297006,7.465379010428478,364.07239734186663
ENSG00000228560,AL513323.1,lncRNA,6.70554736294977,6.475466181161683,7.234078614469897,5.706868498939158,4.30507213521553,6.085406558547208,6.475466181161683,38.9947918884
ENSG00000182853,VMO1,protein_coding,4.080567380603114,7.701070586809821,7.865378895090334,6.2674839528339366,4.444746449689335,6.071849453005308,6.2674839528339366,338.53876231746665
ENSG00000112796,ENPP5,protein_coding,4.776971639813334,8.051683607662639,6.339116036707426,6.265333126408906,4.789497380279962,6.044520358174453,6.265333126408906,40.66977383006667
ENSG00000046653,GPM6B,protein_coding,4.375736565976062,6.047221721231427,7.2497724885737105,6.1820590413581815,6.065548024930505,5.984067568413979,6.065548024930505,167.7520624693333
ENSG00000064886,CHI3L2,protein_coding,3.24136767308275,7.5298476918727015,6.974866537743643,8.57046862935676,3.5213559065278135,5.967581287716734,6.974866537743643,226.51430021719997
ENSG00000128262,POM121L9P,transcribed_unprocessed_pseudogene,6.884492449973663,6.2074114854009395,4.257947208585931,5.250432352176889,6.778710368499885,5.875798772927462,6.2074114854009395,58.2055910216
ENSG00000152583,SPARCL1,protein_coding,4.276249811162773,8.796964264973576,7.000429392593622,7.4447170850442586,1.8599565230011177,5.875663415355069,7.000429392593622,103.57397538319998
ENSG00000124875,CXCL6,protein_coding,3.6421733320900462,7.9322733197682425,6.37735736603099,5.970982066885752,5.279868945791936,5.840531006113394,5.970982066885752,45.9594247682
ENSG00000152154,TMEM178A,protein_coding,8.496673949144958,5.149522946851567,2.7350307468899513,6.350796588925964,6.46255108600659,5.838915063563806,6.350796588925964,209.2044591197333
ENSG00000184292,TACSTD2,protein_coding,9.903484407274512,4.828098431885754,3.623377114217413,2.9954576719760793,7.785733862665886,5.827230297603928,4.828098431885754,134.20798599693333
ENSG00000151692,RNF144A,protein_coding,3.8829033426122255,6.638347355356383,5.54264904628443,6.710103566042711,6.338728146579513,5.822546291375052,6.338728146579513,102.8740768244
ENSG00000060718,COL11A1,protein_coding,5.216921909428207,3.4888750428363746,3.9025644383999616,9.237218839453227,6.918972852977518,5.752910616619057,5.216921909428207,18126.52475627267
ENSG00000189058,APOD,protein_coding,5.584602520465728,6.744252329386886,6.085570168420224,5.297498805636133,4.963080832858135,5.7350009313534205,5.584602520465728,43.6489370026
ENSG00000272398,CD24,protein_coding,4.112374185486632,5.539108856450461,4.982120270825231,10.439406117587405,3.5437789674840583,5.723357679566758,4.982120270825231,601.4176693926668
ENSG00000048540,LMO3,protein_coding,2.152387327722048,8.225788105946545,8.019350700644024,9.189057311495564,0.8607533760199129,5.689467364365619,8.019350700644024,144.33428504973335
ENSG00000257017,HP,protein_coding,1.7211913125789249,9.124879649997544,7.141391663765497,7.0495816697379485,3.357248732322007,5.678858605680384,7.0495816697379485,60.54802643373333
ENSG00000108950,FAM20A,protein_coding,5.677837534890282,2.480820478771097,3.4727839900498294,9.046452135376496,7.708259914840678,5.677230810785677,5.677837534890282,412.2508308280667
ENSG00000041353,RAB27B,protein_coding,4.935206269760981,6.4511885122811155,4.6727523058478235,5.755129551901792,6.403998854514762,5.643655098861294,5.755129551901792,426.0242768667333
ENSG00000185149,NPY2R,protein_coding,4.244593916165876,5.955177707537232,6.581769288631972,7.0495816697379485,4.369253327671973,5.640075181949,5.955177707537232,75.52708066153333
ENSG00000140807,NKD1,protein_coding,2.989875926199676,7.6126765297989785,6.668946762902534,7.802271415098862,3.060717951087547,5.62689771701752,6.668946762902534,45.17151834653334
ENSG00000197766,CFD,protein_coding,3.5658382074782553,5.583361607950205,8.297885110900381,6.118817090604231,4.478479616091198,5.608876326604855,5.583361607950205,1003.2250874108001
ENSG00000096060,FKBP5,protein_coding,5.125093057290903,6.234029593942629,5.098961670124616,6.467543511811286,4.998391534801114,5.58480387359411,5.125093057290903,1367.0921435893333
ENSG00000198963,RORB,protein_coding,4.188095568262615,7.002676627236467,6.469438068104243,6.322085810524677,3.669445695513429,5.530348353928286,6.322085810524677,24.8722777322
ENSG00000115252,PDE1A,protein_coding,4.817167803033758,4.919055548456955,6.712596450675605,5.805714854030951,5.327892530423833,5.516485437324221,5.327892530423833,170.84593166726665
ENSG00000175471,MCTP1,protein_coding,3.722245942397793,5.781336161780135,7.179539638518087,7.794270203335773,3.0940404734850233,5.514286483903363,5.781336161780135,115.10371731020001
ENSG00000100336,APOL4,protein_coding,3.6421733320900462,8.23136852108074,3.2870656788545305,7.466936303893141,4.915741846492138,5.508657136482119,4.915741846492138,68.8861205696
ENSG00000091129,NRCAM,protein_coding,6.130899876241256,4.794883114392894,5.745756327491788,5.634052476599962,5.1672246098611945,5.4945632809174185,5.634052476599962,336.8509444446667
ENSG00000153162,BMP6,protein_coding,4.659733852934609,5.516551400997181,6.201043432144644,6.242659225935423,4.8406214125139915,5.49212186490517,5.516551400997181,654.9912214454666
ENSG00000138207,RBP4,protein_coding,3.8022606350211796,5.437575576044794,6.117358292806463,7.039593448540158,4.620683319581156,5.403494254398749,5.437575576044794,95.45093039433333
ENSG00000169071,ROR2,protein_coding,3.966480682625524,4.970742885368616,6.444762952226323,5.091972570476173,6.509210263725032,5.396633870884334,5.091972570476173,175.36231843333334
ENSG00000205221,VIT,protein_coding,2.8495244315810178,6.456755446621478,6.872568942010563,6.1262694990540085,4.6293156547768985,5.3868867948087935,6.1262694990540085,634.1177274147999
ENSG00000108551,RASD1,protein_coding,4.972380479838307,7.250014496151533,5.142675488557442,5.035567688695937,4.447696718183412,5.369666974285326,5.035567688695937,310.8936821740666
ENSG00000115590,IL1R2,protein_coding,5.238533467075705,4.972826242813371,5.777758886821374,6.3659334108057175,4.373566962031411,5.3457237939095155,5.238533467075705,46.94675180266667
ENSG00000003989,SLC7A2,protein_coding,4.651555067113831,6.951279969552378,8.106686599152141,3.6488112627406633,3.2895163800497595,5.329569855721755,4.651555067113831,494.0807912060666
ENSG00000152463,OLAH,protein_coding,5.323746691934906,6.66628597862492,5.226591416205026,5.60868996078176,3.7851181421360396,5.32208643793653,5.323746691934906,78.84812169093334
ENSG00000185432,METTL7A,protein_coding,3.6408051676771667,5.8686995394854575,5.98784626739454,5.842504284837262,5.118587612504003,5.291688574379686,5.842504284837262,391.5065956888
ENSG00000250722,SELENOP,protein_coding,3.176290751477164,6.443769264407493,6.414611158471565,7.089360714751515,3.162723415094518,5.257351060840451,6.414611158471565,41.99428025033333
ENSG00000109819,PPARGC1A,protein_coding,4.836177956138603,6.9696702028475235,6.788106294018819,5.999100166167902,1.6223642676373484,5.24308377736204,5.999100166167902,34.84797109706667
ENSG00000213088,ACKR1,protein_coding,7.547387575947878,3.564224535924492,2.427773555115731,4.965578165832584,7.493815480631945,5.199755862690526,4.965578165832584,33.788602837666666
ENSG00000132170,PPARG,protein_coding,1.8915359775565186,7.375964633067251,7.935081913691134,5.644480157279901,2.803232415245313,5.130059019368024,5.644480157279901,239.23049875393332
ENSG00000029559,IBSP,protein_coding,1.9001239220127681,2.686822488082983,5.259585121363081,10.275929451425599,5.3895576592106496,5.1024037284190165,5.259585121363081,160.50093191746666
ENSG00000068831,RASGRP2,protein_coding,2.191600889923603,7.2260713792985,5.743285811878268,7.802271415098862,2.4088816411998195,5.07442222747981,5.743285811878268,75.083663726
ENSG00000115602,IL1RL1,protein_coding,3.9937699903343566,6.199944877947485,6.237843065448923,5.544637812305489,3.0827100903999045,5.011781167287231,5.544637812305489,24.96973962046667
ENSG00000137959,IFI44L,protein_coding,5.331970039354602,5.904021945142581,3.6632014327418045,6.673778611807833,3.31782418026519,4.978159241862402,5.331970039354602,186.7744486090667
ENSG00000171246,NPTX1,protein_coding,6.229381227343558,5.598482535406137,4.847027577819107,5.084595971180389,3.079416363371217,4.967780735024081,5.084595971180389,159.7405039922667
ENSG00000167244,IGF2,protein_coding,5.297423389080921,4.041736150843197,5.3371979251460315,5.898191509840833,4.240918190959498,4.963093433174096,5.297423389080921,43.3856471692
ENSG00000172179,PRL,protein_coding,2.980255050968342,6.417900575909829,6.237843065448923,5.2953506006504565,3.5370255009859943,4.893674958792709,5.2953506006504565,22.99352811406667
ENSG00000170374,SP7,protein_coding,0.954167685659109,7.953812041021091,4.21120668791653,9.079748365464853,2.2654178129202855,4.892870518596374,4.21120668791653,142.93054871779998
ENSG00000137745,MMP13,protein_coding,6.839973705293888,1.3409305702899479,2.612464070435462,6.449822423333582,7.113088462380116,4.871255846346599,6.449822423333582,87.71418135606667
ENSG00000015413,DPEP1,protein_coding,3.1924429430965153,5.6599938856537895,6.131044256568052,5.773502083399214,3.5713262980860616,4.865661893360726,5.6599938856537895,54.034380603933336
ENSG00000146938,NLGN4X,protein_coding,3.769133853003155,5.102724520436582,4.0961064598419865,6.495449282579248,4.687538321807839,4.830190487533762,4.687538321807839,96.42025700720001
ENSG00000165092,ALDH1A1,protein_coding,2.7533293681580813,7.0680571710644955,6.682368085576386,6.129290000162936,1.4884283877099542,4.824294602534371,6.129290000162936,62.52659095753333
ENSG00000163735,CXCL5,protein_coding,4.836177956138603,5.1775216276778,4.951478217105505,4.564479592891632,4.5414129378212955,4.814214066326967,4.836177956138603,29.792362916466665
ENSG00000168032,ENTPD3,protein_coding,4.437878201502157,3.7205337963758875,5.3371979251460315,6.567163397735187,3.8407429244271962,4.780703249037292,4.437878201502157,15.285290140533334
ENSG00000069535,MAOB,protein_coding,2.0713546270055216,5.344861307996682,4.769969797952023,5.706868498939158,5.958818968228936,4.770374640024464,5.344861307996682,27.316740725
ENSG00000165966,PDZRN4,protein_coding,3.2396585594392175,6.110762684638531,7.000429392593622,6.1192606513617696,1.2536590102803964,4.744754059662708,6.110762684638531,70.65162739573334
ENSG00000130600,H19,lncRNA,3.511368146792205,3.614266512354156,5.543417405042371,4.641113570369973,6.316923968519092,4.72541792061556,4.641113570369973,1226.5604065066666
ENSG00000138449,SLC40A1,protein_coding,2.777007193843791,7.159589716008298,2.6228773399165615,8.215739482006448,2.8350095462615403,4.722044655607327,2.8350095462615403,486.2381656284
ENSG00000117594,HSD11B1,protein_coding,0.9096965102061847,7.096342558457034,5.401686775112554,6.408487572440457,3.6662799319073307,4.696498669624711,5.401686775112554,56.26924952833333
ENSG00000159251,ACTC1,protein_coding,1.6654101459940698,4.214853213326512,5.574146980023208,8.039123466134313,3.9542025630652775,4.689547273708675,4.214853213326512,1340.4046111226
ENSG00000137880,GCHFR,protein_coding,3.317646825380312,5.627660622625633,5.981738818816544,5.44280316435745,3.038254103818215,4.681620706999631,5.44280316435745,218.62476611893334
ENSG00000249242,TMEM150C,protein_coding,2.672986664629354,6.679933801789344,2.8595551425171433,6.399318905377838,4.7231055111594,4.666980005094616,4.7231055111594,146.37835233006666
ENSG00000145287,PLAC8,protein_coding,6.003823752512342,4.2803742877898845,3.7596223907545783,4.648061415740506,4.61357335399602,4.6610910401586665,4.61357335399602,19.646369038066666
ENSG00000117525,F3,protein_coding,6.68717941884217,5.879230795400684,1.732636016234106,5.5498209101856535,3.2082841154297785,4.6114302512184775,5.5498209101856535,123.51422457006666
ENSG00000155307,SAMSN1,protein_coding,5.517060464855736,2.4404289722988475,5.856689826066999,3.669918051855055,5.41543762905491,4.57990698882631,5.41543762905491,17.7005651482
ENSG00000004799,PDK4,protein_coding,2.152387327722048,5.095905643670543,6.944152962793415,7.481958250128741,1.2064179161335526,4.576164420089659,5.095905643670543,141.15035080753336
ENSG00000163251,FZD5,protein_coding,3.7876606468656915,3.2529875902171357,4.625387360650973,7.9239398595493125,3.2693769859783837,4.571870488652299,3.7876606468656915,361.4806646316666
ENSG00000183091,NEB,protein_coding,2.6965476417957204,4.478535962339481,7.42873259763917,4.869359140817097,3.227330369918163,4.540101142501927,4.478535962339481,40.269927504133335
ENSG00000150782,IL18,protein_coding,0.8883191052273167,5.652047008446311,7.3101807918161255,4.920256072207431,3.9135355432314656,4.53686770418573,4.920256072207431,38.09851550733333
ENSG00000169218,RSPO1,protein_coding,4.053018775143897,4.976806903327251,3.2870656788545305,5.6370076590167075,4.60913066302402,4.512605935873282,4.60913066302402,46.912196441333336
ENSG00000215483,LINC00598,lncRNA,4.512373079369097,5.169926427305207,5.719409020116581,4.07708720139738,2.997997229692445,4.495358591576142,4.512373079369097,21.765692713400004
ENSG00000174429,ABRA,protein_coding,2.7533293681580813,3.8027943986854975,8.067262667948258,5.927749887615418,1.8952850040577505,4.4892842652930005,3.8027943986854975,30.897031365733334
ENSG00000159212,CLIC6,protein_coding,3.314153437306158,4.124036985649476,4.769969797952023,6.397966126543246,3.5370255009859943,4.428630369687379,4.124036985649476,13.074481756933332
ENSG00000145358,DDIT4L,protein_coding,3.9545153379651548,2.5613540273430555,1.230318837748567,6.311209351518173,8.0592880055891,4.42333711203281,3.9545153379651548,125.58749583393335
ENSG00000163995,ABLIM2,protein_coding,3.9957423085299015,4.216974961894972,4.1613795895253745,3.9831431866152065,5.733981391857396,4.41824428768457,4.1613795895253745,14.8743562758
ENSG00000275216,AL161431.1,lncRNA,5.281769131414035,3.1785268204107657,6.39629412410745,5.048641760174521,2.1732167310094317,4.415689713423241,5.048641760174521,16.1023341832
ENSG00000162551,ALPL,protein_coding,3.1869247697705934,5.119740519270733,3.812042358234776,5.650523747588962,4.306842735111186,4.415214825995251,4.306842735111186,767.501301594
ENSG00000230333,AC004160.1,lncRNA,4.512373079369097,3.782420911095854,6.39629412410745,3.425767223414478,3.9539209490225016,4.414155257401876,3.9539209490225016,24.573883028199997
ENSG00000169116,PARM1,protein_coding,0.5229716705159857,4.660333478901274,6.682368085576386,8.280132438634139,1.8952850040577505,4.408218135537107,4.660333478901274,69.8690216844
ENSG00000211445,GPX3,protein_coding,2.349246718745124,6.940203049207575,4.314424274556897,5.754048676187938,2.590609410976965,4.389706425934899,4.314424274556897,1000.412840378
ENSG00000180447,GAS1,protein_coding,3.853932043363865,4.279172201113383,3.988064536916891,5.077359261869176,4.749830112281177,4.389671631108898,4.279172201113383,4780.928661566667
ENSG00000170962,PDGFD,protein_coding,1.9882781649129262,4.267035502620724,5.770527473151404,6.798076935110606,3.123309377888967,4.389445490736925,4.267035502620724,173.39082507100002
ENSG00000105664,COMP,protein_coding,3.20217012299476,3.455437010904326,4.990907661711679,6.057411876643382,4.21913156515435,4.385011647481699,4.21913156515435,7390.35279638
ENSG00000011465,DCN,protein_coding,4.615599180124324,3.454024580765582,4.219383240423642,4.347726395958626,5.192049774007655,4.365756634255966,4.347726395958626,53686.1523112
ENSG00000171951,SCG2,protein_coding,4.522603239759785,1.9938141861071061,4.206128541255106,3.0889759062045528,7.91706640848234,4.345717656361778,4.206128541255106,243.35578224473332
ENSG00000235750,KIAA0040,protein_coding,3.170799944741172,3.9285936657161935,4.4086232949617905,7.038975629332962,3.1599131580663045,4.341381138563685,3.9285936657161935,374.74455128426666
ENSG00000125384,PTGER2,protein_coding,3.2597577912413813,6.219875067912812,3.4205882736340705,4.442445041174448,4.315585847426863,4.331650404277915,4.315585847426863,262.2180617133333
ENSG00000163734,CXCL3,protein_coding,3.769133853003155,4.197190172875525,7.170164498915595,3.4907247399718973,3.028646203917364,4.331171893736707,3.769133853003155,30.977740405133332
ENSG00000110723,EXPH5,protein_coding,3.1041320256419436,4.417993465598768,6.611150798002053,5.832920570010415,1.6429991208568921,4.321839196022014,4.417993465598768,55.167420940133326
ENSG00000135917,SLC19A3,protein_coding,1.7211913125789249,5.1065544076036335,6.038615946648473,6.132014395154116,2.5794179471957244,4.315558801836175,5.1065544076036335,30.591067961266663
ENSG00000104953,TLE6,protein_coding,2.15013713238246,5.421497543107791,5.409465152520232,5.650817537887773,2.7511921748741313,4.276621908154477,5.409465152520232,97.65583485146666
ENSG00000158445,KCNB1,protein_coding,2.59424534355026,5.090274710710111,5.620201244502272,4.800537577129131,3.24913148901776,4.2708780729819065,4.800537577129131,24.9355567078
ENSG00000172159,FRMD3,protein_coding,3.314153437306158,5.29895875793536,6.137975856907891,4.635467911633234,1.9419810513812976,4.265707403032788,4.635467911633234,152.6405633492667
ENSG00000178772,CPN2,protein_coding,4.48928570585262,1.6713697524336062,4.98478845177869,5.249268965387272,4.885551084864236,4.256052792063285,4.885551084864236,13.174759243333334
ENSG00000175899,A2M,protein_coding,1.9250048333657386,4.038072959225531,5.0703642840504335,6.63717383005087,3.579639893223324,4.250051159983179,4.038072959225531,762.1471892320002
ENSG00000092068,SLC7A8,protein_coding,1.956010431209326,5.138062598056076,5.631344245187543,6.361910538659454,2.1419724738128,4.245860057385039,5.138062598056076,68.34871573793333
ENSG00000165995,CACNB2,protein_coding,2.8959825316531966,4.31781564746632,4.1613795895253745,5.2953506006504565,4.535886656260038,4.241283005111077,4.31781564746632,26.363786981600004
ENSG00000151136,BTBD11,protein_coding,2.6857337988228434,4.635949922470487,4.0345678522798885,6.152132383604803,3.655445780670955,4.232765947569795,4.0345678522798885,178.01956175166666
ENSG00000241644,INMT,protein_coding,3.6421733320900462,3.7542986726934715,2.811553863513329,6.837827104801434,4.0352344900369435,4.216217492627045,3.7542986726934715,45.327834122199995
ENSG00000137869,CYP19A1,protein_coding,4.282194947283424,5.785124204533846,4.951478217105505,2.875563792862474,3.140465299740839,4.206965292305218,4.282194947283424,36.3868209758
ENSG00000113594,LIFR,protein_coding,2.138818262131661,5.7151617496359215,4.476523716199413,5.688669058564198,2.889642339932415,4.181763025292722,4.476523716199413,7612.794342353333
ENSG00000138615,CILP,protein_coding,0.954167685659109,5.764744760659331,5.856689826066999,6.397966126543246,1.8952850040577505,4.173770680597287,5.764744760659331,17.844737501733334
ENSG00000135378,PRRG4,protein_coding,2.7533293681580813,6.1497485654501425,6.319242835487056,3.4518871967069,2.1419724738128,4.1632360879229955,3.4518871967069,21.0904344206
ENSG00000243089,AC107029.1,lncRNA,4.989366481757361,5.1487220166209635,0.9486171687689935,5.373937509451369,4.273550439256359,4.146838723171009,4.989366481757361,41.075088639
ENSG00000081041,CXCL2,protein_coding,3.2396585594392175,3.717135581375288,6.1828217566717845,4.0216774079872,3.441599864201288,4.120578633934956,3.717135581375288,38.2767666012
ENSG00000104332,SFRP1,protein_coding,2.958062364310625,5.431499647273575,5.05186472084573,5.508233598879688,1.6347653623442335,4.11688513873077,5.05186472084573,1495.6806070893333
ENSG00000113319,RASGRF2,protein_coding,1.9001239220127681,3.7120522349346223,5.719409020116581,5.285875360666662,3.8945042963625993,4.1023929668186465,3.8945042963625993,25.355416848800004
ENSG00000154188,ANGPT1,protein_coding,3.9435464028707354,3.0228354143890126,4.574990281765993,4.338223411718891,4.461759412647529,4.068270984678432,4.338223411718891,5755.9479963
ENSG00000164379,FOXQ1,protein_coding,4.650729988582247,3.9984244893654433,4.261381037515228,4.2814346446144995,3.038503251240207,4.046094682263525,4.261381037515228,35.04165485199999
ENSG00000122378,PRXL2A,protein_coding,0.39031407004703045,5.5616719351947275,7.565039926290563,6.249651769280783,0.46375105286551976,4.046085750735725,5.5616719351947275,81.0942594538
ENSG00000173208,ABCD2,protein_coding,0.5229716705159857,5.085001779928975,6.898170302255695,5.6370076590167075,1.9970936619377768,4.028049014731027,5.085001779928975,19.7872401522
ENSG00000122176,FMOD,protein_coding,2.4719682344055496,3.476461567307407,5.353595215738436,4.490557112140041,4.322640119471991,4.023044449812685,4.322640119471991,289.13688961733334
ENSG00000152580,IGSF10,protein_coding,2.739576623396615,4.726299839029794,5.122826032123519,7.164229066912419,0.31120472155561796,4.012827256603593,4.726299839029794,118.88219329706666
ENSG00000101230,ISM1,protein_coding,1.014974281950861,5.428846501209096,5.235728518231104,6.553434165117275,1.815939748436055,4.009784642988878,5.235728518231104,69.09997622693332
ENSG00000117643,MAN1C1,protein_coding,2.648728821078158,3.8232063672226593,4.846342418869554,4.5099728300661965,4.212310217479365,4.008112130943187,4.212310217479365,50.23745073759999
ENSG00000150681,RGS18,protein_coding,1.9001239220127681,3.3184459313336565,6.211262338753471,6.080308660958624,2.506922747886655,4.003412720189035,3.3184459313336565,47.88222167166667
ENSG00000120875,DUSP4,protein_coding,0.16439253468047577,5.452292467121052,5.699163236636359,7.3406639176806285,1.353981681460505,4.002098767515804,5.452292467121052,146.54140911933337
ENSG00000150907,FOXO1,protein_coding,2.94747235094649,4.145566486381702,4.777716019434464,5.077116617749922,3.0266878256035934,3.994911860023234,4.145566486381702,427.06325308400005
ENSG00000104043,ATP8B4,protein_coding,3.060306297776374,3.804637216680631,4.7472962656487905,5.5946190595268614,2.7645391892383437,3.9942796057742007,3.804637216680631,72.54228954953334
ENSG00000006747,SCIN,protein_coding,2.705352444561579,3.3973610755850743,2.8179145363993277,5.8407500941693815,5.1529235945556895,3.982860349054211,3.3973610755850743,225.27231563199996
ENSG00000144476,ACKR3,protein_coding,2.5738344411752143,3.8741303769619977,4.1445431943972,3.6442658022381478,5.522428301427855,3.9518404232400832,3.8741303769619977,28.8199927474
ENSG00000163737,PF4,protein_coding,3.769133853003155,4.562201655067834,2.427773555115731,4.61210012301092,4.344237486550706,3.9430893345496694,4.344237486550706,7.019548930799999
ENSG00000138185,ENTPD1,protein_coding,2.361100578827509,3.820809313429213,4.4402814730580005,3.639610798197884,5.300202791670728,3.912400991036667,3.820809313429213,164.9514310434
ENSG00000116741,RGS2,protein_coding,1.7456176834613126,5.235363334259443,4.767685411683389,4.504164107078531,3.308767389425058,3.912319585181547,4.504164107078531,620.1853204506667
ENSG00000116194,ANGPTL1,protein_coding,2.3451062308726467,3.100547405800577,5.6393967029724354,4.649295682504498,3.7120715730973917,3.889283519049509,3.7120715730973917,378.9652521788
ENSG00000132554,RGS22,protein_coding,2.1506277635624125,4.750157792811724,5.227495658251478,4.4985032538846434,2.7951788064175735,3.8843926549855667,4.4985032538846434,14.0693262806
ENSG00000104213,PDGFRL,protein_coding,3.749545241530901,4.20685656330307,3.604707831353495,4.232272075457507,3.5673067391170776,3.8721376901524103,3.749545241530901,40.2380050708
ENSG00000134121,CHL1,protein_coding,1.3326578935252673,4.139948389645496,5.171726996722819,3.4430885223267538,5.205681850764301,3.8586207305969276,4.139948389645496,10.3418513924
ENSG00000109321,AREG,protein_coding,3.7091656529160755,1.2380558927158716,6.854910045297215,2.056285461360482,5.425203718832169,3.856724154224363,3.7091656529160755,50.09095262006667
ENSG00000173918,C1QTNF1,protein_coding,2.6589308421657893,4.8264974027776555,5.376288098050304,4.508343001983756,1.885580191422756,3.851127907280052,4.508343001983756,337.30158657466666
ENSG00000106819,ASPN,protein_coding,1.9474019800914135,4.460207579079393,5.71934858290238,5.064433356420698,2.0220038218686547,3.8426790640725073,4.460207579079393,128.06696003119998
ENSG00000214100,PLAC9P1,transcribed_unprocessed_pseudogene,2.980255050968342,4.261279806374235,5.3371979251460315,4.286709289809254,2.305912042535557,3.8342708229666833,4.261279806374235,14.544048033666666
ENSG00000127863,TNFRSF19,protein_coding,2.815313983764037,4.007341316115908,4.042822179669993,5.193195926973455,3.097722379968409,3.8312791572983604,4.007341316115908,418.57896917266663
ENSG00000123700,KCNJ2,protein_coding,1.8062305274662886,3.153167000325637,7.684458368345699,3.88345833607056,2.624782577204926,3.8304193618826217,3.153167000325637,52.2621183304
ENSG00000183690,EFHC2,protein_coding,2.871598347540832,3.8912530009511084,4.1445431943972,3.519577420995778,4.671230674229982,3.8196405276229797,3.8912530009511084,32.55343326806666
ENSG00000165323,FAT3,protein_coding,1.6169277957108523,3.9041158997434557,5.132589327719796,7.148268523057911,1.0474771930090014,3.769875747848203,3.9041158997434557,264.8272984234667
ENSG00000168685,IL7R,protein_coding,2.1493407202352,5.884658786500438,4.258000728589118,3.8864930725456404,2.6485789594212,3.7654144534583196,3.8864930725456404,586.595859814
ENSG00000185585,OLFML2A,protein_coding,3.2392094676300784,5.346463499017143,3.128937744292372,2.9978978700451613,3.926014532426051,3.727704622682161,3.2392094676300784,81.72534223046665
ENSG00000149131,SERPING1,protein_coding,4.437838071660253,3.155291384242992,2.4116140044191923,4.235818631632351,4.36129128474796,3.7203706753405497,4.235818631632351,255.79488691933332
ENSG00000184500,PROS1,protein_coding,2.517046335715846,3.1142154123525687,4.375188608054439,5.040078390437707,3.5159571096557354,3.7124971712432595,3.5159571096557354,860.845572938
ENSG00000163638,ADAMTS9,protein_coding,3.0568466438307604,2.173895626500447,4.104771767488121,4.728342878978341,4.390681999066398,3.6909077831728134,4.104771767488121,425.08539174133335
ENSG00000109272,PF4V1,protein_coding,2.152387327722048,4.96189075397329,4.769969797952023,3.5981990237749204,2.963453118552095,3.6891800043948755,3.5981990237749204,6.0819041558
ENSG00000162552,WNT4,protein_coding,4.284622584049336,5.15700930784561,3.2008592807190848,2.7704056827157304,3.012905064866074,3.6851603840391673,3.2008592807190848,15.614224603133332
ENSG00000119698,PPP4R4,protein_coding,2.208978905999418,3.9578077083704697,4.674655943808776,5.505355577318534,2.0741584110856084,3.684191309316561,3.9578077083704697,99.65278408073335
ENSG00000196616,ADH1B,protein_coding,0.6402915116363395,5.728372994306835,4.517472310955046,4.683148078268267,2.8317245107157647,3.6802018811764503,4.517472310955046,12.547091682400003
ENSG00000103196,CRISPLD2,protein_coding,2.8724744200632983,3.7520795789679546,2.9602230463671244,5.194358832560099,3.607926981949859,3.6774125719816673,3.607926981949859,5926.840678578001
ENSG00000139209,SLC38A4,protein_coding,2.9471358782987367,3.510525699146142,3.092521619862941,5.835363079304576,2.944156107954774,3.665940476913434,3.092521619862941,162.7493085038
ENSG00000130592,LSP1,protein_coding,1.6760445924287772,3.5840703829056526,3.96768908093998,4.422701152352173,4.62993852060535,3.656088745846387,3.96768908093998,473.7704947574667
ENSG00000116678,LEPR,protein_coding,2.5293624797917467,3.065778194557243,5.525068951990841,3.7617309490728115,3.382985902707139,3.6529852956239566,3.382985902707139,9093.790474653333
ENSG00000203727,SAMD5,protein_coding,1.2857047275252969,4.287940698662776,6.950205681620197,3.4113574556304873,2.2636959984520972,3.6397809123781704,3.4113574556304873,28.1409735512
ENSG00000173698,ADGRG2,protein_coding,1.7211913125789249,4.925633718779693,4.1613795895253745,4.313854637041325,3.0647360253817366,3.6373590566614107,4.1613795895253745,18.938856036666667
ENSG00000187260,WDR86,protein_coding,3.2396585594392175,3.2491868072992087,3.2870656788545305,3.522727346439732,4.8844532459421846,3.6366183275949746,3.2870656788545305,16.1516663666
ENSG00000211448,DIO2,protein_coding,2.7009368956573834,4.0019134913623855,3.173916544250809,6.44166334883611,1.8425335508065874,3.632192766182655,3.173916544250809,587.4862099652668
ENSG00000187950,OVCH1,protein_coding,2.980255050968342,3.4666608986767584,6.729756427314026,3.5981990237749204,1.3823674449945786,3.631447769145725,3.4666608986767584,10.391840220599997
ENSG00000224260,AL023754.1,lncRNA,2.7533293681580813,5.636025126827697,4.21120668791653,3.8658820273386616,1.6671944045210347,3.6267275229524003,3.8658820273386616,10.90489937413333
ENSG00000147257,GPC3,protein_coding,3.502952370869772,3.880616545551226,4.517472310955046,3.8658820273386616,2.346927803168555,3.6227702115766527,3.8658820273386616,6.616008501466666
ENSG00000099869,IGF2-AS,lncRNA,2.22440143311925,4.4038988314257415,3.2870656788545305,4.717401646356413,3.4126073507089716,3.6090749880929813,3.4126073507089716,15.428308754933333
ENSG00000163362,INAVA,protein_coding,5.491363361767421,3.880616545551226,2.427773555115731,1.9808137840252942,4.24425537577203,3.6049645244463404,3.880616545551226,12.867764210866666
ENSG00000183691,NOG,protein_coding,2.8621162136754927,3.1250640996843675,3.6307916913071088,4.767823663441275,3.629208711665865,3.6030008759548218,3.629208711665865,1024.8598825299998
ENSG00000017427,IGF1,protein_coding,0.10794632407750848,2.8491699092156955,3.927397560752476,7.056288146635833,4.0435765588351575,3.5968756999033347,3.927397560752476,106.09411773246667
ENSG00000171476,HOPX,protein_coding,1.7211913125789249,4.14718253161101,5.96182562430295,4.192443790698163,1.9275235461402183,3.5900333610662534,4.14718253161101,10.594460465266668
ENSG00000185950,IRS2,protein_coding,3.5907742175240918,3.185385556991239,5.673706625610715,3.2070319984158457,2.2837895135983226,3.5881375824280424,3.2070319984158457,600.4337492279999
ENSG00000064692,SNCAIP,protein_coding,2.22440143311925,4.592940868231539,2.72942841578202,6.332165139346408,2.028112138840626,3.5814095990639685,2.72942841578202,163.79226534006665
ENSG00000198624,CCDC69,protein_coding,1.904702892636597,4.649694192281377,4.329518456157774,4.480535133690192,2.483056834517776,3.569501501856743,4.329518456157774,476.6545129513334
ENSG00000077942,FBLN1,protein_coding,3.3631393620176295,3.5739827934061354,3.130299478975534,4.5108254010936495,3.266706191098823,3.5689906453183537,3.3631393620176295,1267.3465763733334
ENSG00000167613,LAIR1,protein_coding,1.555109726095142,4.760487043794517,2.427773555115731,5.466232560448724,3.635035674710699,3.5689277120329628,3.635035674710699,8.436552544533333
ENSG00000183160,TMEM119,protein_coding,4.071844602673859,1.6467800014682705,2.318430679886484,5.751329365509234,4.037126658870021,3.5651022616815737,4.037126658870021,2043.5371112773335
ENSG00000239828,AC063944.1,lncRNA,3.580595076972088,3.710443590522959,3.7596223907545783,4.498398239675951,2.059558946806399,3.521723648946395,3.710443590522959,23.757660479000002
ENSG00000162493,PDPN,protein_coding,6.174119773468607,2.4144055141031453,1.6090395096604495,3.0705488053946794,4.3364813190146645,3.520918984328309,3.0705488053946794,15.116022505466667
ENSG00000164188,RANBP3L,protein_coding,3.2952340697501117,1.3433223350005248,1.7519102489869676,5.282606873277319,5.882383631128097,3.5110914316286044,3.2952340697501117,53.024145861200005
ENSG00000002746,HECW1,protein_coding,2.8553727663658988,5.601967119121794,1.2197340924546936,4.290513338677196,3.586747837553176,3.5108670308345515,3.586747837553176,33.492501524733335
ENSG00000231246,LINC02884,lncRNA,3.1041320256419436,4.888441949598496,3.1712271804709555,3.7830264452316236,2.592692143885667,3.507903948965737,3.1712271804709555,20.258517094466665
ENSG00000187134,AKR1C1,protein_coding,1.9507966117418114,4.543878637582002,4.728834507925027,3.8334461470880266,2.441541712669972,3.499699523401368,3.8334461470880266,367.54011586999997
ENSG00000115604,IL18R1,protein_coding,0.753673856277425,4.147967683971235,5.45022073636485,3.2749140993874826,3.8513457227700143,3.4956244197542015,3.8513457227700143,67.45684996
ENSG00000129757,CDKN1C,protein_coding,1.3303687418534649,2.9832268277147485,6.194217397653778,4.616305446645602,2.303597440606164,3.4855431708947515,2.9832268277147485,171.64326317293333
ENSG00000160963,COL26A1,protein_coding,2.1506277635624125,2.638910965903365,5.227495658251478,6.548257422211214,0.8607533760199129,3.4852090371896765,2.638910965903365,27.02566459126667
ENSG00000186205,MTARC1,protein_coding,1.545889944244875,4.132860879209762,4.629292431461208,4.900317005310026,2.2134962029690604,3.4843712926389863,4.132860879209762,91.3865553776
ENSG00000118113,MMP8,protein_coding,1.4811622067533077,3.362982993952583,4.21120668791653,4.4985032538846434,3.8292062953907564,3.4766122875795644,3.8292062953907564,10.953607057733334
ENSG00000106123,EPHB6,protein_coding,3.578751997750395,4.786948901747911,4.6098538373048275,2.6125518718223892,1.772437332052613,3.472108788135627,3.578751997750395,42.0173785554
ENSG00000100342,APOL1,protein_coding,4.09304919236877,3.0039534300315145,3.5701120553854455,3.5702807821546996,3.108741285709108,3.4692273491299077,3.5701120553854455,451.43163628400004
ENSG00000006016,CRLF1,protein_coding,1.210952162881286,3.6836206761198973,4.902180922395724,4.7900272406999385,2.706272596205264,3.4586107196604217,3.6836206761198973,4223.56355266
ENSG00000165899,OTOGL,protein_coding,5.4986014412328705,2.7118245913303927,2.127088656547026,2.933128327259677,3.8134403563378463,3.4168166745415625,2.933128327259677,137.1350491373333
ENSG00000272851,AC096772.1,lncRNA,3.502952370869772,2.2639638088909733,2.427773555115731,4.877438411821456,3.996366161223471,3.4136988615842805,3.502952370869772,10.086876267733334
ENSG00000112297,CRYBG1,protein_coding,3.7566290844270815,4.528501652420946,2.5699095743773688,3.368701629839225,2.795352211104551,3.403818830433835,3.368701629839225,223.0622907733333
ENSG00000171840,NINJ2,protein_coding,3.4519850746456795,3.398147392055251,3.35569259277068,4.120864014912535,2.6219038198369766,3.3897185788442243,3.398147392055251,111.29664209480002
ENSG00000227456,LINC00310,lncRNA,1.7211913125789249,2.1288409396034567,5.743285811878268,5.340005771698508,1.9970936619377768,3.3860834995393865,2.1288409396034567,10.141599448733333
ENSG00000133083,DCLK1,protein_coding,1.9538608904771708,5.213256428589948,2.497795387496616,5.162287857890785,2.041000759552894,3.373640264801483,2.497795387496616,274.75108604999997
ENSG00000162687,KCNT2,protein_coding,4.231536944978612,1.7726762336508903,2.855539508658971,3.0755214957663677,4.883078016612015,3.363670439933371,3.0755214957663677,208.16289097399996
ENSG00000271447,MMP28,protein_coding,4.698431991032855,2.6953240538507632,4.222349652300146,1.4113257686501361,3.789696623305816,3.363425617827943,3.789696623305816,74.35340937126666
ENSG00000181036,FCRL6,protein_coding,3.8858196582887277,2.921168241696521,2.427773555115731,3.173819149462497,4.363428533149448,3.354401827542585,3.173819149462497,6.337716971666667
ENSG00000129951,PLPPR3,protein_coding,0.2246321293630813,3.8391967122699375,5.528704497333059,5.164180074381344,2.0143259292485878,3.3542078685192016,3.8391967122699375,33.093412873266665
ENSG00000109610,SOD3,protein_coding,3.5503935847891146,4.197288163665458,3.745587028925439,3.4913033511473595,1.7718968796892636,3.351293801643327,3.5503935847891146,105.52597854626669
ENSG00000168243,GNG4,protein_coding,2.152387327722048,4.653707552958672,4.517472310955046,5.249268965387272,0.13047902083346818,3.340663035571301,4.517472310955046,11.584530553000002
ENSG00000143869,GDF7,protein_coding,3.902242553244873,2.831153010165651,3.1411186336221877,2.576706794895172,4.180695710521105,3.326383340489798,3.1411186336221877,27.748293895133333
ENSG00000164142,FAM160A1,protein_coding,1.2271804712440662,2.557732836406218,4.398262214337542,6.067087398666142,2.3580181177909036,3.3216562076889744,2.557732836406218,35.257570113666674
ENSG00000196562,SULF2,protein_coding,2.134306613831593,2.5691650670320705,3.6517159544851268,4.631905105354198,3.613965346883769,3.3202116175173515,3.613965346883769,1880.2359501893332
ENSG00000090376,IRAK3,protein_coding,2.7436303711057124,3.970362169989664,3.157487929299708,3.928810002947116,2.7278303031647173,3.305624155301383,3.157487929299708,128.21978555066667
ENSG00000125845,BMP2,protein_coding,1.9780711094142247,2.640838633758642,8.019350700644024,3.293477921708613,0.590471558781243,3.3044419848613495,2.640838633758642,35.52460589573333
ENSG00000162545,CAMK2N1,protein_coding,2.4986329478897895,3.5141397276688675,4.745244132473166,4.058432533327332,1.703111704308708,3.3039122091335726,3.5141397276688675,107.38577358266666
ENSG00000224081,SLC44A3-AS1,transcribed_processed_pseudogene,3.502952370869772,2.112212175556227,2.4315212878664862,3.8658820273386616,4.5757732912978035,3.2976682305857907,3.502952370869772,13.621899745466667
ENSG00000234257,SOD2P1,processed_pseudogene,3.8438724899636627,1.9319626343770446,0.4122801419669533,5.317850953516801,4.975606857386928,3.296314615442278,3.8438724899636627,18.11029757633333
ENSG00000134830,C5AR2,protein_coding,1.8211364987633436,3.7379990411418866,3.313741429287613,3.43909927346197,4.15505040252952,3.2934053290368666,3.43909927346197,198.82016857873333
ENSG00000188277,C15orf62,protein_coding,2.7533293681580813,4.585627977852004,4.98478845177869,2.475254201553981,1.6671944045210347,3.2932388807727575,2.7533293681580813,6.005449422466667
ENSG00000197147,LRRC8B,protein_coding,4.103840437931957,3.627238475674553,2.33799010986686,3.9317035848858337,2.4640788259973334,3.292970286871307,3.627238475674553,66.6861191582
ENSG00000156219,ART3,protein_coding,0.9096965102061847,4.597200018341479,5.3371979251460315,4.3562779474263955,1.2497717219279276,3.290028824609604,4.3562779474263955,18.743844349000003
ENSG00000180616,SSTR2,protein_coding,1.782035408905403,5.624761556751717,2.427773555115731,4.614464039122507,1.9970936619377768,3.289225644366627,2.427773555115731,11.67420170773333
ENSG00000175040,CHST2,protein_coding,3.2851190527346192,2.74399969743291,4.441561152952525,2.5481068070819575,3.393758866500609,3.282509115340524,3.2851190527346192,387.1700869526667
ENSG00000107551,RASSF4,protein_coding,0.23093527712588102,5.934791147025358,3.253118294201193,4.521218256450029,2.4219113447990663,3.2723948639203058,3.253118294201193,644.6501936853333
ENSG00000187151,ANGPTL5,protein_coding,0.954167685659109,3.7878639988131697,4.517472310955046,4.133639893456201,2.963453118552095,3.271319401487124,3.7878639988131697,7.830438081266666
ENSG00000120645,IQSEC3,protein_coding,3.078030169099834,2.7657704104435,3.2870656788545305,4.142895947654363,3.0399368413086534,3.2627398094721762,3.078030169099834,8.451413481133333
ENSG00000140285,FGF7,protein_coding,2.3715704753863687,2.0704529519256827,4.271720268188012,4.018805592532194,3.5707057331816614,3.260651004242784,3.5707057331816614,12323.7467146
ENSG00000156804,FBXO32,protein_coding,4.5899689070557805,1.6478716876280561,2.832388439787282,3.2049668901065953,3.981496649249044,3.2513385147653517,3.2049668901065953,3507.383409173333
ENSG00000135929,CYP27A1,protein_coding,2.4006056317467026,3.344813404920801,3.2495196027357114,4.831492640310927,2.417980821457607,3.24888242023435,3.2495196027357114,155.54559378866668
ENSG00000042062,RIPOR3,protein_coding,1.2857047275252969,5.295992283142381,3.2870656788545305,4.3939911864121495,1.8952850040577505,3.231607775998422,3.2870656788545305,13.6406847828
ENSG00000131386,GALNT15,protein_coding,1.617857738305041,6.316856848465065,3.0510804472568944,3.0595490862806534,2.053465480509895,3.21976192016351,3.0510804472568944,711.175288256
ENSG00000144810,COL8A1,protein_coding,2.910723000111009,2.477811110408224,3.028615021773401,3.858864714748359,3.8147510134120903,3.218152972090617,3.028615021773401,66307.5075668
ENSG00000039537,C6,protein_coding,1.1033584930715474,4.164045080478139,4.98478845177869,3.4073571257727826,2.4200585235516887,3.21592153493057,3.4073571257727826,8.777365132466665
ENSG00000091482,SMPX,protein_coding,3.502952370869772,5.098440710894051,2.427773555115731,4.683148078268267,0.34709351796875026,3.211881646623315,3.502952370869772,5.806229437733334
ENSG00000132854,KANK4,protein_coding,0.954167685659109,4.893904272771434,4.449657783933282,4.1819040717015,1.5380256561339147,3.2035318940398474,4.1819040717015,59.7632241296
ENSG00000047936,ROS1,protein_coding,3.24414355497969,3.793725174057581,2.0524645176424494,3.8518481740614012,3.0227436856714442,3.192985021282513,3.24414355497969,632.1238407860001
ENSG00000153531,ADPRHL1,protein_coding,3.207512927700857,3.046693498293058,3.8863487294490486,3.2182288889147195,2.5802194376467655,3.1878006964008896,3.207512927700857,153.50254663266665
ENSG00000065717,TLE2,protein_coding,1.2328493822442583,3.4739588065138225,4.853925659592043,4.035286796185602,2.3373775533101675,3.1866796395691788,3.4739588065138225,234.69691278066668
ENSG00000111319,SCNN1A,protein_coding,2.6876000162257885,3.4881457440179364,2.9987494150604945,4.263785658553511,2.4861771498519127,3.1848915967419287,2.9987494150604945,25.860276594933335
ENSG00000172476,RAB40A,protein_coding,3.9797996611866333,5.392813815941306,0.9486171687689935,4.304659443162265,1.2133691410803116,3.1678518460279017,3.9797996611866333,43.17445897666666
ENSG00000250048,LINC00603,lncRNA,1.1033584930715474,3.2195442430484125,4.517472310955046,3.173819149462497,3.7849003555256675,3.1598189104126346,3.2195442430484125,5.996501288066667
ENSG00000074211,PPP2R2C,protein_coding,4.768204527699575,2.3532851191487563,3.2870656788545305,2.9578693206773115,2.4144833822343763,3.1561816057229097,2.9578693206773115,30.671512622399998
ENSG00000166833,NAV2,protein_coding,2.755577351481305,3.3997737397788947,3.4927021283662425,4.427465253472142,1.6968151885006675,3.1544667323198503,3.3997737397788947,265.32012842666666
ENSG00000213160,KLHL23,protein_coding,0.9324309623673317,5.045382958516751,4.0807359275932935,4.151894818506234,1.5569878070739414,3.1534864948115104,4.0807359275932935,154.62981460366666
ENSG00000226604,PAPPA-AS2,lncRNA,0.19595272333838887,6.635767772911105,1.417426147918286,5.689717871641458,1.7554101993774864,3.138854943037345,1.7554101993774864,25.728271337066662
ENSG00000165959,CLMN,protein_coding,0.4270294122785758,4.748284396928824,4.119843400424925,5.743325094902069,0.6393781231259545,3.1355720855320697,4.119843400424925,74.92921577766666
ENSG00000151632,AKR1C2,protein_coding,1.7604837377925655,3.652061016598341,4.867875718298751,3.129807312538805,2.261969119953763,3.134439381036445,3.129807312538805,212.57380993733335
ENSG00000166292,TMEM100,protein_coding,1.2586206081495424,5.689410788949336,2.5161895022551275,3.453020743199885,2.7066785947626055,3.124784047463299,2.7066785947626055,34.84563821286667
ENSG00000133392,MYH11,protein_coding,0.6799978870686676,2.3934568312332165,5.3371979251460315,4.3022311920718534,2.9068453295822434,3.1239458330204024,2.9068453295822434,32.15214452373334
ENSG00000197405,C5AR1,protein_coding,1.5185841865709446,2.5147095669114696,5.922758401785109,3.8232968108773115,1.699830833228451,3.0958359598746577,2.5147095669114696,63.16790600046667
ENSG00000197561,ELANE,protein_coding,1.2857047275252969,3.990003447778297,2.427773555115731,4.750860766004396,2.963453118552095,3.083559122995163,2.963453118552095,8.912038834933332
ENSG00000119686,FLVCR2,protein_coding,2.393377450824011,4.222559778953348,1.8064078575619962,3.5065919139180153,3.4607748911323197,3.077942378477938,3.4607748911323197,43.206891397999996
ENSG00000165084,C8orf34,protein_coding,2.7708526569002254,3.5772554732702773,2.7764256105722795,3.0566933188570955,3.203225841622407,3.0768905802444566,3.0566933188570955,85.48968722613334
ENSG00000139508,SLC46A3,protein_coding,3.4844924343492316,2.988956660072981,2.608501163829061,3.6338343836333706,2.628688930033489,3.0688947143836267,2.988956660072981,888.9836589266667
ENSG00000162745,OLFML2B,protein_coding,2.1138042245668567,2.799531053280093,3.6052474461792734,3.9206137942777888,2.9009650863765515,3.068032320936113,2.9009650863765515,437.565876796
ENSG00000162407,PLPP3,protein_coding,3.04482905802716,3.0807642897664227,2.6260354254763048,3.520865781211567,3.0193256745791697,3.058364045812125,3.04482905802716,7743.49143416
ENSG00000140563,MCTP2,protein_coding,3.3357681066510567,1.8241413890664537,2.148928529967865,5.053152220454309,2.925515846867949,3.0575012186015265,2.925515846867949,85.46836486026668
ENSG00000153294,ADGRF4,protein_coding,1.1033584930715474,5.392813815941306,3.2870656788545305,4.877438411821456,0.6266642636662216,3.057468132671012,3.2870656788545305,8.417560771866667
ENSG00000105509,HAS1,protein_coding,2.789924120925951,2.792075805095573,4.196877754724911,2.5094231356600503,2.9671444002254024,3.0510890433263773,2.792075805095573,4045.799854573333
ENSG00000120899,PTK2B,protein_coding,3.521338823061158,3.2545881143857827,2.571362273180589,3.0827174620022335,2.806647650130495,3.0473308645520514,3.0827174620022335,504.2722256333334
ENSG00000143196,DPT,protein_coding,1.7211913125789249,1.473235861217254,4.98478845177869,3.522727346439732,3.467779239458004,3.033944442294521,3.467779239458004,7.1442429859333325
ENSG00000001084,GCLC,protein_coding,1.7198793244501775,3.705039413090357,4.489208502204511,2.4800715876854387,2.7644678390584208,3.031733333297781,2.7644678390584208,989.91597756
ENSG00000101347,SAMHD1,protein_coding,2.471245382745561,3.6548059863819775,3.360117028266301,3.2312746155676084,2.4316687139870394,3.0298223453896975,3.2312746155676084,1203.27048656
ENSG00000164647,STEAP1,protein_coding,3.110697963268227,3.2559273864286586,1.8284266165117895,2.969668872310156,3.9565831673232044,3.024260801168407,3.110697963268227,337.87913586266666
ENSG00000223969,AC002456.1,lncRNA,2.2505693157642392,3.180968256940203,4.130989558018706,3.74956732558364,1.7751117317859708,3.0174412376185518,3.180968256940203,19.536618552666663
ENSG00000286215,AL356534.1,transcribed_processed_pseudogene,2.0880321553535435,2.389377609010091,5.3371979251460315,4.936792435949108,0.29629909292045165,3.009539843675845,2.389377609010091,14.811460135333336
ENSG00000167641,PPP1R14A,protein_coding,2.836678954862437,2.9798502981672845,2.5419952163191413,2.993562617936794,3.670858552210105,3.004589127899153,2.9798502981672845,499.640510622
ENSG00000134343,ANO3,protein_coding,2.061816148581538,2.1945398539036285,2.9692950386299124,5.361825507184922,2.4301403642084796,3.003523382501696,2.4301403642084796,23.240606788333334
ENSG00000158716,DUSP23,protein_coding,2.7465108533511104,2.756253436399353,3.8277364797174744,2.3714975150119697,3.283319768462289,2.9970636105884396,2.756253436399353,806.5458428533333
ENSG00000041515,MYO16,protein_coding,3.5170115634297896,2.630369111667979,4.3268505179485865,2.0782513176298902,2.4088816411998195,2.992272830375213,2.630369111667979,13.674083830333332
ENSG00000266088,AC004585.1,lncRNA,3.7665933334998103,1.0310824771817195,1.5817004027738566,2.7659231569888316,5.812885232584614,2.9916369206057665,2.7659231569888316,27.340037433400003
ENSG00000255366,AC120036.4,lncRNA,4.583209481348511,1.7355927829889306,0.9486171687689935,4.4985032538846434,3.182714185642923,2.9897273745268,3.182714185642923,15.869123904666669
ENSG00000241399,CD302,protein_coding,2.7497489686841963,2.4262882806266717,3.64961153946024,4.159091491411149,1.9440784652969318,2.985763749095838,2.7497489686841963,465.1677632706666
ENSG00000185338,SOCS1,protein_coding,1.2231107090449997,3.726141364263736,3.8993945553633864,4.196067380277576,1.8408161227327833,2.9771060263364966,3.726141364263736,58.107997617799995
ENSG00000179094,PER1,protein_coding,2.6115908847578133,2.665450136023635,5.184677210631986,2.816815025691918,1.6059882189396957,2.9769042952090095,2.665450136023635,295.42699221533337
ENSG00000178199,ZC3H12D,protein_coding,3.176290751477164,3.1871692131344496,2.427773555115731,3.983518779552665,2.090080343940739,2.97296652864415,3.176290751477164,16.4633393334
ENSG00000124107,SLPI,protein_coding,1.7211913125789249,2.92246634499795,4.3268505179485865,2.1963264410740653,3.696861853956385,2.9727392941111823,2.92246634499795,8.6851120592
ENSG00000184226,PCDH9,protein_coding,2.987305348787298,2.7665816669825647,2.1894607466022027,3.3022581990369844,3.6095060129060403,2.971022394863018,2.987305348787298,305.184440942
ENSG00000188488,SERPINA5,protein_coding,0.8883191052273167,3.8338862654261856,3.821901270710774,3.3885272823309274,2.912245734325696,2.96897593160418,3.3885272823309274,15.441433611133334
ENSG00000169242,EFNA1,protein_coding,2.152387327722048,3.880616545551226,2.811553863513329,3.0701865605964826,2.912245734325696,2.9653980063417564,2.912245734325696,9.116200569
ENSG00000151490,PTPRO,protein_coding,0.216701603614049,5.663805226708951,1.8064078575619962,5.2183408451388615,1.9019777945604313,2.9614466655168576,1.9019777945604313,20.670065853666667
ENSG00000171049,FPR2,protein_coding,2.659793237343993,2.224711010736936,3.738455307664964,2.6606216336433395,3.5171092579251226,2.960138089462871,2.6606216336433395,21.989118884933337
ENSG00000287281,AC012101.2,lncRNA,3.1611066311924296,2.8309394776570787,2.5816271379735336,3.7830264452316236,2.4164074408781766,2.9546214265865682,2.8309394776570787,32.24834536153333
ENSG00000107518,ATRNL1,protein_coding,3.7665933334998103,1.4904777008783565,2.5121497655679708,2.8118243652062005,4.157447996541405,2.9476986323387484,2.8118243652062005,24.226717221866668
ENSG00000158246,TENT5B,protein_coding,2.4654605425547604,3.4528368975807444,3.866743968460824,2.9284647963224266,1.9957413856070598,2.9418495181051627,2.9284647963224266,466.9288312946667
ENSG00000137558,PI15,protein_coding,2.483924369588236,2.7657704104435,3.2870656788545305,3.8658820273386616,2.305912042535557,2.941710905752097,2.7657704104435,7.5705425023999995
ENSG00000101336,HCK,protein_coding,1.1033584930715474,2.921168241696521,4.769969797952023,4.965578165832584,0.8607533760199129,2.924165614914518,2.921168241696521,5.7168710808666665
ENSG00000139132,FGD4,protein_coding,4.002876902395935,2.3048077413578705,4.161848717193316,1.9969767109299665,2.130028171236008,2.9193076486226195,2.3048077413578705,291.74725909266664
ENSG00000085741,WNT11,protein_coding,0.954167685659109,2.0025538744829046,5.385946716910005,4.2403463155891705,1.9970936619377768,2.916021650915793,2.0025538744829046,14.557517204466667
ENSG00000110900,TSPAN11,protein_coding,0.4653577219082341,1.7972337467677808,4.870695450623176,4.869359140817097,2.559716516688173,2.912472515360892,2.559716516688173,22.55989171633333
ENSG00000157551,KCNJ15,protein_coding,3.636228592305163,2.4065528301479717,1.230318837748567,3.1414133247694447,4.143260324780967,2.911554781950423,3.1414133247694447,36.83593941233334
ENSG00000183486,MX2,protein_coding,3.229088818605889,3.3708409627528533,1.2917795669283305,3.7830264452316236,2.8350095462615403,2.901949067956047,3.229088818605889,34.54702051460001
ENSG00000165124,SVEP1,protein_coding,2.34685634369968,2.023079015246461,3.0024211344233134,4.004962404440285,3.132150735560229,2.901893926673994,3.0024211344233134,1227.19278678
ENSG00000101955,SRPX,protein_coding,1.9674097650440672,3.9470575137414086,3.620183624142337,2.9710790148741637,2.002326715603207,2.9016113266810364,2.9710790148741637,995.9819128866667
ENSG00000187699,C2orf88,protein_coding,1.2201953987257204,3.545588017806966,4.207479086084366,4.045123157201955,1.4451318505700437,2.89270350207781,3.545588017806966,327.1437470253333
ENSG00000234810,AL603840.1,lncRNA,2.7125086308342716,3.388691780958914,0.8038417217457181,3.0333059141825105,4.508405616767774,2.889350732897838,3.0333059141825105,13.678780577066668
ENSG00000143387,CTSK,protein_coding,1.9660502223297271,2.256347724213679,4.055319523238911,3.6344928732955264,2.52045812283231,2.886533693182031,2.52045812283231,581.3951597653333
ENSG00000248279,LINC02120,lncRNA,3.6421733320900462,2.6090056664839834,4.769969797952023,2.411640682068097,0.9636548682160161,2.879288869362033,2.6090056664839834,7.359017240066667
ENSG00000140022,STON2,protein_coding,3.769133853003155,1.6243284774806994,2.427773555115731,2.961588902653842,3.6135967276864283,2.879284303187971,2.961588902653842,7.285293896066667
ENSG00000153707,PTPRD,protein_coding,0.363429732989343,3.084622629927127,5.595113339038717,5.151426330588997,0.19599850020361598,2.87811810654956,3.084622629927127,23.588799382066668
ENSG00000180785,OR51E1,protein_coding,1.7211913125789249,2.544549447496662,2.427773555115731,5.999100166167902,1.6671944045210347,2.8719617771760504,2.427773555115731,11.856572457133332
ENSG00000230825,AC005532.1,lncRNA,2.1499065552523096,1.6929930695449622,5.445781129060278,2.8852410538212703,2.175366816047405,2.869857724745245,2.175366816047405,25.225363241333334
ENSG00000205835,GMNC,protein_coding,2.8959825316531966,0.6224890546699833,1.2715722657057529,3.269269825406106,6.259550021871161,2.86377273986124,2.8959825316531966,17.273668758400003
ENSG00000128335,APOL2,protein_coding,2.0111287495796137,4.530273922421269,1.748027400135756,3.9635784129099694,2.0557689050665786,2.8617554780226375,2.0557689050665786,3433.940725693333
ENSG00000115041,KCNIP3,protein_coding,3.4854187450675878,2.781189600746107,2.2767182716570855,2.056285461360482,3.700137377888428,2.8599498913439385,2.781189600746107,23.919944065133333
ENSG00000138829,FBN2,protein_coding,1.5671734473218297,2.51310651497416,3.8632260118662254,5.067990982167736,1.283631170071466,2.859025625280283,2.51310651497416,656.3406498166665
ENSG00000115457,IGFBP2,protein_coding,2.2647241024154887,2.8312428644126584,3.806110186130109,2.0964097812207445,3.2387533839587306,2.8474480636275463,2.8312428644126584,10166.594824586666
ENSG00000130066,SAT1,protein_coding,0.6267947940543177,3.8028701444285904,5.367539299862148,3.277872969963118,1.1524035686458998,2.8454961553908147,3.277872969963118,5055.172939380001
ENSG00000147655,RSPO2,protein_coding,0.19595272333838887,2.5478228136081262,4.517472310955046,6.3550958129387585,0.6063955202921804,2.8445478362265,2.5478228136081262,24.789402779800003
ENSG00000151726,ACSL1,protein_coding,1.7681192988411691,3.402861741156805,4.141528120056838,2.8035541275853255,2.084205865492109,2.8400538306264496,2.8035541275853255,2304.9759217533338
ENSG00000154262,ABCA6,protein_coding,2.0491932461126083,3.5389615206348006,3.8358154385928014,3.0314931982059194,1.7002564267371287,2.8311439660566515,3.0314931982059194,242.4525667406667
ENSG00000115594,IL1R1,protein_coding,2.959823262699288,3.0512261622435854,2.3792301673024383,2.767993084329955,2.971813774489018,2.826017290212857,2.959823262699288,3820.5248037266665
ENSG00000116675,DNAJC6,protein_coding,2.6394412002881458,2.4229891232408,2.9609040538231204,2.550578505197201,3.5256660684750427,2.819915790204862,2.6394412002881458,375.800878378
ENSG00000102032,RENBP,protein_coding,1.7211913125789249,3.0614433489713417,4.517472310955046,3.8658820273386616,0.9269953226537897,2.818596864499553,3.0614433489713417,5.504456209333332
ENSG00000187193,MT1X,protein_coding,1.9712998111281985,5.063033024953831,2.2595416603412373,3.498984206916912,1.2840759056778577,2.8153869218036074,2.2595416603412373,455.1966252413333
ENSG00000133800,LYVE1,protein_coding,2.8070971306303507,2.560386296725661,3.623377114217413,3.4735886679363834,1.606627295299315,2.8142153009618247,2.8070971306303507,20.488770297533335
ENSG00000170458,CD14,protein_coding,1.8206084025228493,2.6869178915613086,3.4513785191391877,2.3876132267860606,3.6567501577431565,2.8006536395505126,2.6869178915613086,33.99681210433333
ENSG00000130203,APOE,protein_coding,0.5100275300787436,3.1690693165076493,5.549546513141785,2.772389544160922,1.9677002357633704,2.7937466279304943,2.772389544160922,40.661760359666665
ENSG00000171522,PTGER4,protein_coding,2.9471358782987367,1.9833787901740667,4.23134655552921,2.601550723996141,2.1904579815028002,2.7907739859001905,2.601550723996141,80.45250232186665
ENSG00000123364,HOXC13,protein_coding,1.7211913125789249,1.6091401279972737,5.620201244502272,3.803472192118688,1.1605588583775925,2.7829127471149504,1.7211913125789249,7.8126440976
ENSG00000175356,SCUBE2,protein_coding,0.9481017582163389,3.0461132005291365,4.249081377776927,4.6663892683655,0.9858422342392403,2.779105567825428,3.0461132005291365,196.31797651066663
ENSG00000165244,ZNF367,protein_coding,2.035269423401461,3.4892970816360656,2.1221342730648347,2.9327688074699614,3.3068645049718315,2.7772668181088305,2.9327688074699614,67.2381346504
ENSG00000259863,SH3RF3-AS1,lncRNA,3.431332956631074,2.7320414509430915,1.5892191896976975,3.789091467293794,2.342879816544007,2.776912976221933,2.7320414509430915,67.80426093279999
ENSG00000176532,PRR15,protein_coding,3.307161984733347,2.3155967296317153,2.5213076029471884,3.1437178078542845,2.5815545539683185,2.773867735826971,2.5815545539683185,54.2890001308
ENSG00000182118,FAM89A,protein_coding,0.7077378322318655,3.5122549305018183,3.1893094055980162,3.85326620530938,2.5915606192805454,2.770825798584325,3.1893094055980162,634.6169415433334
ENSG00000226237,GAS1RR,lncRNA,0.7209203495465872,2.111883118688308,3.8261281002923067,3.9481536242566375,3.2387448986811065,2.769166018292989,3.2387448986811065,50.74886471086667
ENSG00000147119,CHST7,protein_coding,2.375055458812957,3.613173247206972,3.2915298032610405,2.4410351096546936,2.124023924069939,2.7689635086011206,2.4410351096546936,367.9487404359999
ENSG00000132874,SLC14A2,protein_coding,3.7091656529160755,0.3936804648122023,2.427773555115731,4.45855906074467,2.851174285652807,2.7680706038482974,2.851174285652807,10.070280442333335
ENSG00000108960,MMD,protein_coding,0.9760179420015991,3.776431263429102,3.4972638932029296,3.6964731656255143,1.869975449549707,2.7632323427617704,3.4972638932029296,461.6430938506667
ENSG00000134539,KLRD1,protein_coding,1.2857047275252969,2.1288409396034567,4.951478217105505,3.071603076232773,2.346927803168555,2.756910952727117,2.346927803168555,8.274257834533334
ENSG00000247311,AC010255.1,lncRNA,1.1366221930164455,4.1200626033894805,3.821901270710774,3.3655070762279227,1.310969713583689,2.7510125713856626,3.3655070762279227,11.896661056733333
ENSG00000104432,IL7,protein_coding,3.176290751477164,3.2197274196295336,3.5071249037576013,1.8746534663713037,1.9698366435229882,2.7495266369517184,3.176290751477164,12.265085438866667
ENSG00000076356,PLXNA2,protein_coding,1.7808079327833335,3.652010219342249,4.093576688108735,3.1792690369457954,1.0387280094260278,2.7488783773212284,3.1792690369457954,645.2569200046668
ENSG00000142632,ARHGEF19,protein_coding,1.037013043037116,3.6225256483063966,4.137384414735576,4.003965534693916,0.9089147606880772,2.741960680292216,3.6225256483063966,578.0096828259999
ENSG00000137460,FHDC1,protein_coding,1.8231218264910352,2.8566623023118805,3.5998368988406524,3.1314154690579774,2.1916005073028795,2.720527400800885,2.8566623023118805,33.1610526868
ENSG00000132386,SERPINF1,protein_coding,1.4412411210095026,2.2485127509746814,3.6999285681076017,3.3721599426946103,2.8262171131952467,2.7176118991963287,2.8262171131952467,1448.204936613333
ENSG00000268894,PLCE1-AS1,lncRNA,2.166841864947748,2.985105480038982,3.94235515286224,3.0629400263921145,1.4302367330570505,2.717495851459627,2.985105480038982,147.6435648273333
ENSG00000130755,GMFG,protein_coding,1.8062305274662886,2.485780515653638,3.5729843792417517,3.158770292296595,2.5516579858162394,2.7150847400949027,2.5516579858162394,22.593074387666665
ENSG00000215018,COL28A1,protein_coding,2.443953690027107,3.8325455648027473,1.417426147918286,3.635349776917712,2.220207297252832,2.7098964953837372,2.443953690027107,12.747090105133333
ENSG00000007933,FMO3,protein_coding,2.2064538223547787,2.9760437240802835,1.9305437118663291,3.1071127978829223,3.287995676089536,2.70162994645477,2.9760437240802835,140.77184829466665
ENSG00000132329,RAMP1,protein_coding,3.5850427875084394,1.853853809397088,3.3006753602667684,3.2609016642787303,1.4593364465715286,2.6919620136045106,3.2609016642787303,343.49777269666663
ENSG00000282988,AL031777.2,protein_coding,1.4670031235769505,1.114788458973023,4.951478217105505,3.449643034504139,2.4256185964802723,2.681706286127978,2.4256185964802723,9.923556064066666
ENSG00000101977,MCF2,protein_coding,2.047351271733147,3.3631941329825796,3.8993945553633864,1.5833165089927381,2.5129978345577415,2.6812508607259185,2.5129978345577415,31.520577948999996
ENSG00000270885,RASL10B,protein_coding,0.8910086516032916,3.5616922768518897,3.8387418187344426,3.7224130716694637,1.3448690858576224,2.671744980943342,3.5616922768518897,263.3636689006666
ENSG00000132840,BHMT2,protein_coding,3.173306173194793,3.130484527877809,1.5369441886455144,2.805123308602365,2.652596487468455,2.6596909371577873,2.805123308602365,87.71944424066666
ENSG00000170214,ADRA1B,protein_coding,2.6965476417957204,3.9414961915912654,2.8110741549186753,2.5152117103596314,1.2946311737349268,2.651792174480044,2.6965476417957204,38.695198004400005
ENSG00000099282,TSPAN15,protein_coding,1.429660504082804,1.7579112379052875,2.4679676847982286,4.772728260881955,2.798273118885189,2.6453081613106924,2.4679676847982286,219.55776986666663
ENSG00000172061,LRRC15,protein_coding,1.2122855708752889,1.9915120297070246,2.0510101906248117,6.411402194277707,1.547717424331024,2.642785481963171,1.9915120297070246,228.90602301093332
ENSG00000123500,COL10A1,protein_coding,3.674655500886229,0.48061724059903765,1.5817004027738566,3.3655070762279227,4.1023879829413765,2.6409736406856843,3.3655070762279227,23.545990611466667
ENSG00000206075,SERPINB5,protein_coding,2.5709142109402157,1.3045757184470652,1.2715722657057529,3.5147540710811427,4.542482640707672,2.6408597813763697,2.5709142109402157,12.970215257333333
ENSG00000286855,AC074024.1,lncRNA,2.989875926199676,0.6971409314126653,6.539051904530504,2.6303647030021478,0.33488927049552863,2.638264547128104,2.6303647030021478,12.7843167388
ENSG00000205639,MFSD2B,protein_coding,3.9937699903343566,1.2465780065598884,2.811553863513329,2.3909610229816223,2.7467222111782954,2.637917018913498,2.7467222111782954,5.748100328933333
ENSG00000198732,SMOC1,protein_coding,1.7020338514820041,2.487172017188797,2.8171905565896553,4.310573988120273,1.8560933198165284,2.6346127466394518,2.487172017188797,820.1835509766667
ENSG00000138356,AOX1,protein_coding,2.4009743306367133,3.31959172677497,3.2105778869216,1.383149736078261,2.857634132958431,2.634385562673995,2.857634132958431,1015.0464060000002
ENSG00000111913,RIPOR2,protein_coding,1.1366221930164455,3.9566279068021966,3.301183286522,0.8201165536108999,3.9271233454733094,2.62833465708497,3.301183286522,35.41324353346667
ENSG00000251301,LINC02384,lncRNA,3.5002808300589487,1.7293543938646345,2.5019788978062687,2.9578693206773115,2.446248702926023,2.627146429066637,2.5019788978062687,25.52164951373333
ENSG00000115598,IL1RL2,protein_coding,2.3627583423324,3.382326064370803,2.9987494150604945,1.713030137922182,2.6462921466919616,2.6206312212755685,2.6462921466919616,15.041621317466667
ENSG00000248079,DPH6-DT,lncRNA,2.1506277635624125,1.335586848573456,1.8727581778309927,4.750860766004396,2.980440966076539,2.618054904409559,2.1506277635624125,15.994724460333336
ENSG00000286965,AC108066.2,lncRNA,3.078030169099834,1.1843849358145917,3.7596223907545783,2.1037687554600004,2.963453118552095,2.61785187393622,2.963453118552095,9.0854416478
ENSG00000158473,CD1D,protein_coding,1.1033584930715474,4.4130448466596235,2.427773555115731,3.358795343754395,1.7857426678452983,2.617742981289319,2.427773555115731,6.701142850999999
ENSG00000170989,S1PR1,protein_coding,0.47643508553829417,3.495390279192507,3.7394630666874997,3.9399685187916855,1.4269917828803713,2.6156497466180717,3.495390279192507,208.9164691446667
ENSG00000161921,CXCL16,protein_coding,2.0089599358363044,4.741216431606942,2.507980118663551,2.683349977746321,1.089886606249408,2.606278614020505,2.507980118663551,61.4604116488
ENSG00000001561,ENPP4,protein_coding,2.7599914468923705,1.723628059369715,2.6173228795332824,2.6374355131773806,3.2813537466794456,2.6039463291304386,2.6374355131773806,160.79315367080002
ENSG00000151468,CCDC3,protein_coding,0.8883191052273167,2.8228688802617627,6.39629412410745,2.6965829263729253,0.20913354221518254,2.6026397156369274,2.6965829263729253,20.960963999599997
ENSG00000142347,MYO1F,protein_coding,2.1506277635624125,3.6360341591100656,1.9449216383739625,4.27814437351819,0.9986355954719444,2.6016727060073146,2.1506277635624125,27.2281107724
ENSG00000138821,SLC39A8,protein_coding,1.7439098481287312,2.573259081526011,3.6205967449057646,1.721464055788812,3.3068997926635184,2.5932259046025674,2.573259081526011,86.20842231200001
ENSG00000148053,NTRK2,protein_coding,3.2077043254278035,1.211625251232308,2.5697812757646368,3.5852686226079236,2.374810819130818,2.589838058832698,2.5697812757646368,31.365812342866672
ENSG00000233806,LINC01237,lncRNA,0.9096965102061847,3.7205337963758875,4.517472310955046,2.835637871345915,0.9636548682160161,2.58939907141981,2.835637871345915,6.125161277933333
ENSG00000134532,SOX5,protein_coding,0.954167685659109,3.409892767849363,2.9692950386299124,4.537371234390517,1.0676329576737835,2.587671936840537,2.9692950386299124,14.358927387333333
ENSG00000076555,ACACB,protein_coding,0.5193406349304608,4.056225581778323,2.941167423047589,4.819078846148424,0.5848646378921076,2.5841354247593804,2.941167423047589,149.39761569933333
ENSG00000000971,CFH,protein_coding,2.089095827152919,2.0092599492260366,3.62520829436429,1.9661464675303169,3.2218301502670457,2.5823081377081216,2.089095827152919,4924.420451133334
ENSG00000155530,LRGUK,protein_coding,3.2396585594392175,2.0980222814673253,2.811553863513329,2.549672167378624,2.1732167310094317,2.5744247205615856,2.549672167378624,7.3029425014000005
ENSG00000116774,OLFML3,protein_coding,1.125515028681134,3.142751548165169,2.556350206165753,4.142324594193843,1.896980590835975,2.5727843936083747,2.556350206165753,7840.253664806666
ENSG00000205111,CDKL4,protein_coding,2.659793237343993,1.8261752995842828,4.7472962656487905,1.4302272427035776,2.195317417607697,2.571761892577668,2.195317417607697,29.257230533799998
ENSG00000152217,SETBP1,protein_coding,2.096451957648486,1.0177236504209324,2.90498133146634,3.564418129370755,3.2341840570214364,2.56355182518559,2.90498133146634,158.3999824853333
ENSG00000050628,PTGER3,protein_coding,1.2857047275252969,1.3483708235195446,6.059817368997226,3.9831431866152065,0.13047902083346818,2.5615030254981486,1.3483708235195446,7.223708967333333
ENSG00000118785,SPP1,protein_coding,1.781626029303169,2.4892928837018116,1.7519102489869676,4.435888895256491,2.347679723529297,2.5612795561555473,2.347679723529297,23.96461051406667
ENSG00000172817,CYP7B1,protein_coding,1.74301871505733,1.1449954519869596,2.5206356576495175,4.304659443162265,3.057989836892731,2.5542598209497607,2.5206356576495175,54.22775893266667
ENSG00000219693,FGF7P8,unprocessed_pseudogene,1.505214547673455,1.4389689185940622,3.0316416664889383,2.9071502906391253,3.8407429244271962,2.5447436695645553,2.9071502906391253,18.996497434000002
ENSG00000156218,ADAMTSL3,protein_coding,0.1267800532120278,3.0028170694839957,4.332385458086396,5.008031966520996,0.25328804328093835,2.5446605181168707,3.0028170694839957,241.67629843466665
ENSG00000139155,SLCO1C1,protein_coding,0.30875446977015164,3.7622503167164716,2.2767182716570855,3.803472192118688,2.5361491036162693,2.5374688707757334,2.5361491036162693,5.076862322466667
ENSG00000187391,MAGI2,protein_coding,2.985853364797606,1.231300968675157,3.1039602452364754,2.881873854554037,2.472205823941178,2.5350388514408904,2.881873854554037,281.61340346266667
ENSG00000148488,ST8SIA6,protein_coding,2.548206309888756,2.3853603509615384,2.4319318493241058,3.7073554029728344,1.6021668293827398,2.535004148505995,2.4319318493241058,40.20858750493333
ENSG00000030304,MUSK,protein_coding,1.1366221930164455,2.990866559056463,4.21120668791653,3.3637942802514784,0.9636548682160161,2.5332289176913863,2.990866559056463,11.018572296733335
ENSG00000042832,TG,protein_coding,2.484853054239773,1.3402320205344376,2.6793146320354917,2.8839963913226656,3.2261134947911216,2.522901918584698,2.6793146320354917,89.66126262666666
ENSG00000169252,ADRB2,protein_coding,1.505214547673455,0.7373560559108854,5.528704497333059,2.7659231569888316,2.0753764831346766,2.522514948208181,2.0753764831346766,14.883941701800001
ENSG00000144668,ITGA9,protein_coding,0.8883191052273167,1.508720114748753,5.367625577017,3.176066640460466,1.6408350069702833,2.516313288884764,1.6408350069702833,34.787111063466675
ENSG00000141401,IMPA2,protein_coding,3.346351019027682,2.7421621827030354,1.1544054930022583,2.167358833608313,3.1645710913946825,2.5149697239471944,2.7421621827030354,430.8695991726666
ENSG00000181885,CLDN7,protein_coding,0.8883191052273167,3.144613688679618,3.5071249037576013,3.272511994816398,1.6931524413631913,2.501144426768825,3.144613688679618,9.9610404716
ENSG00000160255,ITGB2,protein_coding,2.0102675304593607,0.3929934453671047,2.1322335713952754,3.0806728512989072,4.812686341788718,2.4857707480618734,2.1322335713952754,91.38311223206667
ENSG00000285744,AC083837.1,lncRNA,3.176290751477164,2.386484083310494,4.21120668791653,1.2659111107215688,1.3715992804411368,2.4822983827733784,2.386484083310494,7.171287494933333
ENSG00000135324,MRAP2,protein_coding,1.9076963791927168,3.364856796034337,2.7687653866835475,2.6408380958422377,1.7272233779199317,2.4818760071345545,2.6408380958422377,57.28472607626668
ENSG00000083782,EPYC,protein_coding,1.9780711094142247,0.9002330031240349,2.2767182716570855,4.683148078268267,2.5711876534732916,2.4818716231873807,2.2767182716570855,7.724722834133332
ENSG00000170873,MTSS1,protein_coding,0.5196677595119716,3.4326872054792856,2.7087620909269203,3.4606233989642305,2.281907219611364,2.4807295348987544,2.7087620909269203,46.742851093866655
ENSG00000143127,ITGA10,protein_coding,3.1360154500436943,2.8419675384464744,2.026380894963973,2.601184490415889,1.7976028622061104,2.4806302472152284,2.601184490415889,957.5825186666666
ENSG00000130303,BST2,protein_coding,2.208978905999418,2.8401050870348588,2.3826212735226098,2.650530228283725,2.3115740290639186,2.4787619047809057,2.3826212735226098,19.151506742
ENSG00000225511,LINC00475,transcribed_unprocessed_pseudogene,0.3530560008291568,3.822377703998355,3.7500630401772264,3.615169058957748,0.8479409957086426,2.477721359934226,3.615169058957748,59.99439907093334
ENSG00000162267,ITIH3,protein_coding,2.1499065552523096,1.9319626343770446,2.2767182716570855,3.4907247399718973,2.5361491036162693,2.4770922609749215,2.2767182716570855,10.247668228466667
ENSG00000213996,TM6SF2,protein_coding,4.188095568262615,2.364651120110608,1.4834527606252368,1.623424841350118,2.7034055388689646,2.4726059658435084,2.364651120110608,12.205965021
ENSG00000171812,COL8A2,protein_coding,2.4521787964018618,0.6479088640018258,3.416883911995999,3.0033526597424522,2.842044946263856,2.472473835681199,2.842044946263856,2094.810764506667
ENSG00000106804,C5,protein_coding,2.400394889022075,2.4365919519510504,2.8790557748528247,2.600746528904808,2.033239133761991,2.47000565569855,2.4365919519510504,228.27490218399996
ENSG00000107317,PTGDS,protein_coding,1.5162675788067572,0.9290151640532889,4.041865707601558,3.063053107365481,2.760540914383262,2.4621484944420695,2.760540914383262,117.35721243666667
ENSG00000113448,PDE4D,protein_coding,1.5129215970529666,3.5020762321325023,3.4236541065907087,2.6971750833081103,1.1257779847691287,2.4523210007706835,2.6971750833081103,889.1771159
ENSG00000224687,RASAL2-AS1,lncRNA,2.648728821078158,1.0381834355888921,4.218586342120435,3.0698927230054838,1.2026376025566554,2.4356057848699253,2.648728821078158,49.68949447326666
ENSG00000235997,LINC01936,lncRNA,2.989875926199676,2.0980222814673253,1.417426147918286,3.014099676465003,2.620192754522529,2.427923357314564,2.620192754522529,21.265366492133335
ENSG00000182752,PAPPA,protein_coding,2.6754401399652927,1.4985303778921768,3.3377841568942515,1.2979739909963115,3.323833909263204,2.4267125150022473,2.6754401399652927,5204.515844066666
ENSG00000203799,CCDC162P,transcribed_unitary_pseudogene,2.0880321553535435,3.741927412661565,2.7350307468899513,2.2138115606371467,1.332659874585377,2.422292350025517,2.2138115606371467,17.08174920946667
ENSG00000184371,CSF1,protein_coding,3.1393336999806163,1.709990241264558,2.3309153002879377,2.4143893407813533,2.512964664786974,2.421518649420288,2.4143893407813533,1065.16040514
ENSG00000118526,TCF21,protein_coding,2.8959825316531966,1.7716077821585017,3.5729843792417517,1.8076302565888298,2.009754588417127,2.4115919076118812,2.009754588417127,9.734231509666667
ENSG00000260549,MT1L,transcribed_unprocessed_pseudogene,2.9968099701830146,2.1701561165951215,2.0133561757888234,2.1660103009124496,2.6824397303410743,2.405754458764097,2.1701561165951215,88.29234295933334
ENSG00000125968,ID1,protein_coding,1.3043390873083398,3.259306750723052,2.5766091210335773,3.563147354106629,1.3161750582132354,2.4039154742769666,2.5766091210335773,1658.9965384933334
ENSG00000271503,CCL5,protein_coding,3.2568293373559154,1.1111796979649424,1.417426147918286,1.1599595716494198,5.072082422112622,2.403495435400237,1.417426147918286,6.1121635291333325
ENSG00000132031,MATN3,protein_coding,1.4285291415774717,2.2500706736445704,3.1146250459504277,3.5040146495591005,1.7139364122676035,2.4022351845998346,2.2500706736445704,187.01643580266665
ENSG00000176659,C20orf197,lncRNA,3.2694525829566086,2.949320855403974,1.7965190566005234,2.5207271587396005,1.4710093886921376,2.401405808478569,2.5207271587396005,25.289266679133327
ENSG00000117479,SLC19A2,protein_coding,1.502314236519097,2.401953966357918,4.94105410608216,1.9490091325872303,1.2110924300141086,2.401084774312103,1.9490091325872303,622.8749714733332
ENSG00000198133,TMEM229B,protein_coding,1.8683344750728161,2.7786739117990917,1.7965190566005234,3.7553900095715766,1.7991216683068112,2.3996078242701637,1.8683344750728161,25.8801210892
ENSG00000197580,BCO2,protein_coding,0.12613031801889596,2.0630476635385304,4.732938404680823,4.00523631339176,1.045463900857019,2.3945633200974057,2.0630476635385304,16.113051015066667
ENSG00000171509,RXFP1,protein_coding,2.7533293681580813,1.406280648241381,3.1712271804709555,2.031664697247626,2.559716516688173,2.384443682161243,2.559716516688173,5.620267329133332
ENSG00000134242,PTPN22,protein_coding,1.9486764681595519,2.0943026124530038,1.1769719871431747,3.3402590059838695,3.316153073007632,2.375272629349446,2.0943026124530038,44.346091092533335
ENSG00000171051,FPR1,protein_coding,2.4404963425656367,2.3441812499544596,2.7505232491760108,1.8256563704889093,2.4640428271854633,2.364980007874096,2.4404963425656367,274.01292555466665
ENSG00000135821,GLUL,protein_coding,1.8494619133722647,3.1084351180134195,2.2330352932593662,2.8256645075596296,1.7734715527590588,2.3580136769927478,2.2330352932593662,3959.7867694133333
ENSG00000062282,DGAT2,protein_coding,0.2747431290882094,3.0218709655744345,4.685038045847196,3.3642284519015018,0.4374412036705966,2.3566643592163876,3.0218709655744345,179.1443108286667
ENSG00000053747,LAMA3,protein_coding,1.541970897792777,2.5401769631438276,2.633966650469491,2.6837959586566766,2.353669884202419,2.350716070853038,2.5401769631438276,65.45470233066666
ENSG00000099864,PALM,protein_coding,2.0827790364873886,0.12444183858018931,3.1148159735122327,2.6537485485478083,3.7679936622410235,2.3487558118737284,2.6537485485478083,234.86775465133334
ENSG00000110042,DTX4,protein_coding,1.83965310338745,1.9133916514461875,0.6336318755326071,4.198656394246937,3.155583553772902,2.3481833156772165,1.9133916514461875,45.112287704733326
ENSG00000021762,OSBPL5,protein_coding,2.09637733041815,2.4815066167103375,2.1217981130396044,2.8868836404375724,2.1528184394629495,2.3478768280137228,2.1528184394629495,1604.4549077666668
ENSG00000157514,TSC22D3,protein_coding,1.218232155849762,2.835959163530049,3.6853675962292822,2.559918298753315,1.4204834297027311,2.343992128813028,2.559918298753315,4359.08884852
ENSG00000146555,SDK1,protein_coding,0.3708065688584692,3.306705053326456,1.688323061373463,4.2403463155891705,2.1063181228415235,2.3424998243978163,2.1063181228415235,26.07430407053333
ENSG00000120262,CCDC170,protein_coding,2.0745209710458363,2.772358673953936,1.3527306081329709,2.73956896792064,2.7462701089105477,2.337089865992786,2.73956896792064,51.75471381859999
ENSG00000164056,SPRY1,protein_coding,1.1749904272129568,1.7950227986702845,4.267012236150625,2.619223209520736,1.821225220992234,2.3354947785093674,1.821225220992234,31.170216076066666
ENSG00000259358,DEPDC1P1,processed_pseudogene,2.1506277635624125,2.1631224780847322,2.427773555115731,2.898047706565889,1.9983138023468883,2.3275770611351305,2.1631224780847322,5.959678827666666
ENSG00000170312,CDK1,protein_coding,2.3408289445577495,2.6736970154810287,1.0319087011337942,2.7618398971893434,2.7182669939217625,2.3053083104567356,2.6736970154810287,204.06485395533335
ENSG00000125730,C3,protein_coding,5.17950005527725,0.22634021715399744,2.33799010986686,0.8228098556195951,2.95255252267422,2.3038385521183846,2.33799010986686,220.37259649
ENSG00000221866,PLXNA4,protein_coding,1.2544555963209998,2.8912968755381128,2.123502612032464,2.881602419854773,2.3425449983709914,2.298680500423468,2.3425449983709914,816.4085250373332
ENSG00000145284,SCD5,protein_coding,1.118682216971206,3.7086042270006354,2.219360097485743,2.993175815963914,1.4469919906052935,2.297362869605359,2.219360097485743,516.25034497
ENSG00000164654,MIOS,protein_coding,1.560074363115847,3.2326728630653108,1.597200515938935,3.2005678678023273,1.896083814830824,2.2973198849506486,1.896083814830824,1417.7214214133337
ENSG00000104313,EYA1,protein_coding,1.9001239220127681,1.7494178461109575,3.125880012334594,2.2059848286897243,2.503302960325572,2.296941913894723,2.2059848286897243,33.17702336366667
ENSG00000168916,ZNF608,protein_coding,1.5501014697821667,2.176005365026678,3.0015843312567294,2.5492744528997546,2.1956899544048074,2.294531114674027,2.1956899544048074,77.8046635228
ENSG00000164185,ZNF474,protein_coding,3.078030169099834,2.1780271694020827,3.5071249037576013,0.6914758539608172,2.009754588417127,2.2928825369274923,2.1780271694020827,8.033822613800002
ENSG00000253163,AC109479.1,lncRNA,3.399533701665712,1.2947976753950803,2.6228773399165615,2.5443522393047675,1.5922289614030394,2.290757983537032,2.5443522393047675,40.73631409393333
ENSG00000197142,ACSL5,protein_coding,0.8906655141986954,3.0439043979987757,3.5704250601178824,2.1646321580939807,1.7578552301544228,2.2854964721127518,2.1646321580939807,62.42760416866666
ENSG00000127564,PKMYT1,protein_coding,2.3884675149979335,2.92246634499795,1.4185330081609813,2.490534247700594,2.1994544736748844,2.2838911179064687,2.3884675149979335,29.3015760892
ENSG00000204103,MAFB,protein_coding,1.1138957867981754,1.7272857441946377,3.544843467003675,3.576646053790094,1.4306174777172052,2.278657705900758,1.7272857441946377,76.6167952366
ENSG00000168427,KLHL30,protein_coding,0.19595272333838887,2.902426043672654,0.8290309376346634,4.3562779474263955,3.1069969518891396,2.278136920792248,2.902426043672654,15.091974179066664
ENSG00000151617,EDNRA,protein_coding,2.565863602725334,2.833439617355153,1.0941724750249797,3.45875112622,1.4237094293589312,2.27518725013688,2.565863602725334,167.261000726
ENSG00000227496,AC099066.2,lncRNA,1.110541378834033,2.3770857705931574,2.7021326345061407,3.036969380035912,2.145999140220881,2.2745456608380246,2.3770857705931574,199.03854049199998
ENSG00000234323,LINC01505,lncRNA,1.0608757593755045,0.945562943634358,3.738455307664964,3.909604091048683,1.7022629333959327,2.2713522070238885,1.7022629333959327,13.459990674733337
ENSG00000139679,LPAR6,protein_coding,1.9099294051419102,2.2264573621947825,1.2953113455743948,3.603429176627734,2.31368506317971,2.2697624705437063,2.2264573621947825,209.886465512
ENSG00000125378,BMP4,protein_coding,2.026317818989913,1.6302772360468873,4.0620793455336965,2.179015215514986,1.426933364672434,2.2649245961515834,2.026317818989913,48.00645762573333
ENSG00000163131,CTSS,protein_coding,0.8883191052273167,2.621110990641137,3.47013441992818,2.413035029575242,1.9258998980982827,2.263699888694032,2.413035029575242,13.918799863000004
ENSG00000102554,KLF5,protein_coding,1.0907007985926924,0.546020914493405,6.63295892436836,2.12955539799277,0.9125387960346236,2.2623549662963702,1.0907007985926924,219.50616521600003
ENSG00000143476,DTL,protein_coding,3.331350978921578,2.823156119771877,0.9257001489649763,2.0394648361037175,2.1912692648758902,2.262188269727608,2.1912692648758902,77.50107736333332
ENSG00000243244,STON1,protein_coding,1.797316759914568,2.120124719139998,2.4433517567636827,3.3293957329958515,1.57864689065289,2.253767171893398,2.120124719139998,481.08084524733334
ENSG00000168078,PBK,protein_coding,2.5424688008933387,2.671210289114926,0.6732293749015161,2.8699269115046535,2.4933146487487186,2.2500300050326305,2.5424688008933387,98.37472130533334
ENSG00000197442,MAP3K5,protein_coding,2.109749676109246,2.719829113793107,1.889196144742603,2.6117383600211515,1.886331009648642,2.24336886086295,2.109749676109246,609.23806036
ENSG00000154153,RETREG1,protein_coding,1.107041113619169,1.7067516728671244,3.198551580718632,1.2827436072907545,3.9165211814511305,2.2423218311893622,1.7067516728671244,44.977172313266664
ENSG00000261468,AC096921.2,lncRNA,2.7202645584922216,3.1383552349327806,0.4122801419669533,1.9092456760779988,3.026309333722056,2.241290989038402,2.7202645584922216,21.290842745733336
ENSG00000196296,ATP2A1,protein_coding,0.07860290013108306,3.2816741685757256,4.552831861249479,2.8332778841311175,0.4486186514267312,2.2390010931028272,2.8332778841311175,13.783077686466665
ENSG00000126803,HSPA2,protein_coding,0.6055521885558512,3.639012698367284,2.5619392154926635,3.4003442445230903,0.986396180256544,2.2386489054390863,2.5619392154926635,385.3962051286666
ENSG00000150995,ITPR1,protein_coding,1.1911489172926224,2.2126936850902217,3.5506205034254537,2.361996768284106,1.8718935443290432,2.2376706836842892,2.2126936850902217,884.1414470200001
ENSG00000141404,GNAL,protein_coding,1.7040321541273005,3.448648961494774,2.280156240056254,1.9342079024058894,1.821225220992234,2.2376540958152904,1.9342079024058894,44.71345233733334
ENSG00000237276,ANO7L1,transcribed_unprocessed_pseudogene,0.3530560008291568,3.5359718654858012,4.1613795895253745,2.6757702543962516,0.4403010154233611,2.233295745131989,2.6757702543962516,28.704051035200003
ENSG00000203497,PDCD4-AS1,lncRNA,0.7216483554861663,3.448054693638986,4.21120668791653,2.5470247645170625,0.20924644709237228,2.2274361897302235,2.5470247645170625,10.307748120533335
ENSG00000131746,TNS4,protein_coding,3.2396585594392175,0.8355580544845536,2.1790238008695093,2.5548930256669595,2.3272092514261065,2.2272685383772695,2.3272092514261065,9.062099316799998
ENSG00000030419,IKZF2,protein_coding,2.9533467959407496,0.6784999584122238,2.374040455680655,2.522833320953728,2.5878750489102247,2.2233191159795163,2.522833320953728,275.8774627953333
ENSG00000057657,PRDM1,protein_coding,3.5625137341390416,1.1074480120936032,0.9041388384120088,3.341643254374899,2.186835425982716,2.2205158530004536,2.186835425982716,56.93868869813333
ENSG00000249307,LINC01088,lncRNA,2.3047327288068327,3.3888986884501473,2.2767182716570855,1.2313765814197692,1.8724027786398536,2.214825809794738,2.2767182716570855,5.817770850399999
ENSG00000124813,RUNX2,protein_coding,1.8856918309892716,2.316291697613665,1.304908707365283,3.7689026592016432,1.7847171322587814,2.212102405485729,1.8856918309892716,415.2514497686667
ENSG00000107984,DKK1,protein_coding,0.3829368846201131,3.2640037777046746,4.43005045349023,2.581833956850341,0.3985694264790336,2.2114788998288786,2.581833956850341,4450.135277773333
ENSG00000188312,CENPP,protein_coding,0.8679103096874501,4.128442274181538,1.6489656028146777,2.954410749039657,1.4492805971126703,2.2098019065671988,1.6489656028146777,80.28775162779999
ENSG00000168389,MFSD2A,protein_coding,1.2553063729820453,2.6510935255234376,3.686897081322485,2.5066050920212053,0.9451525154150158,2.2090109174528374,2.5066050920212053,121.98568569133333
ENSG00000168646,AXIN2,protein_coding,1.5244684005783755,2.4316435637386187,1.8733819238500997,4.010073144333333,1.1957157326381562,2.2070565530277166,1.8733819238500997,79.91471606513333
ENSG00000132465,JCHAIN,protein_coding,2.443953690027107,1.8496617995707654,2.427773555115731,2.4412296242007683,1.8395070740978472,2.200425148602444,2.427773555115731,8.880502094133334
ENSG00000117262,GPR89A,protein_coding,1.2242969065999336,3.147659921172493,1.5933402050824244,2.8604344627503693,2.1739021111059555,2.199926721342235,2.1739021111059555,128.137331354
ENSG00000153898,MCOLN2,protein_coding,1.8753194889760754,2.3672348027484786,2.7544763848032456,2.6009823852399254,1.3566348064850917,2.190929573650563,2.3672348027484786,13.311457667466666
ENSG00000072571,HMMR,protein_coding,2.0167651885827533,2.952105838120022,1.2331825211798115,2.623807096901344,2.1184019830328946,2.188852525563365,2.1184019830328946,124.65612782666668
ENSG00000185274,GALNT17,protein_coding,1.0921178394970976,2.6813076077471365,2.5019788978062687,2.411640682068097,2.2181538274689467,2.181039770917509,2.411640682068097,9.448564417666667
ENSG00000204634,TBC1D8,protein_coding,1.5327744216671944,3.0517379191038216,2.654779437928588,1.7560006947103641,1.8590877985497207,2.170876054391938,1.8590877985497207,73.065097632
ENSG00000157510,AFAP1L1,protein_coding,1.4009946391916275,2.973913607579073,2.7970367469044817,2.45425572465024,1.2100532328565414,2.1672507902363924,2.45425572465024,242.35217796333333
ENSG00000136205,TNS3,protein_coding,3.4161597889428243,0.3057194440655966,1.998764507834153,2.0026913100736206,3.094631070498031,2.1635932242828453,2.0026913100736206,1760.0251193666666
ENSG00000018236,CNTN1,protein_coding,2.3047327288068327,1.6713697524336062,0.2690061298894748,3.358795343754395,3.208684453023077,2.162517681581477,2.3047327288068327,6.810723292733332
ENSG00000108387,SEPTIN4,protein_coding,1.9076963791927168,2.3277536275610258,1.4758151755089663,2.194423738084799,2.8402113107057962,2.149180046210661,2.194423738084799,53.851993880399995
ENSG00000117650,NEK2,protein_coding,2.615408314018477,3.333913785687782,0.08533020089415455,2.494955731416205,2.1996554642667734,2.145852699256678,2.494955731416205,57.73081916880001
ENSG00000105880,DLX5,protein_coding,1.6676787205565882,2.2524153588823195,0.3566686090358182,3.9560155641156607,2.495976650635513,2.1457509806451798,2.2524153588823195,133.74507437333332
ENSG00000197249,SERPINA1,protein_coding,2.989875926199676,2.4099542386887736,2.8834606548208774,1.143076126042383,1.2991356402781207,2.145100517205966,2.4099542386887736,16.676986007866667
ENSG00000149485,FADS1,protein_coding,0.3618718137675945,3.720936313399365,2.7368715771922805,3.5203702787885067,0.3764594052236241,2.1433018776742743,2.7368715771922805,3496.896540326667
ENSG00000162595,DIRAS3,protein_coding,1.1255890623440994,2.60054649712933,2.4010086363400713,3.0053633797230934,1.5676097515529062,2.1400234654179,2.4010086363400713,66.16632050626667
ENSG00000106415,GLCCI1,protein_coding,1.273222981145394,2.6538331116760885,3.1893667324786747,2.5487024553520152,1.0166568369888607,2.136356423528207,2.5487024553520152,136.91661532133332
ENSG00000170293,CMTM8,protein_coding,0.5100275300787436,3.173234485512441,2.5121497655679708,2.9853139465815275,1.453075998845717,2.12676034531728,2.5121497655679708,26.233009390533333
ENSG00000035664,DAPK2,protein_coding,1.12152754434404,2.5200967263748675,2.1864638111720573,3.932950033363841,0.8700925536735769,2.1262261337856763,2.1864638111720573,68.99168866326667
ENSG00000175779,LINC02694,lncRNA,0.954167685659109,2.2065560939880244,2.2767182716570855,3.3188749690364814,1.8724027786398536,2.1257439597961105,2.2065560939880244,5.067471384466668
ENSG00000085117,CD82,protein_coding,3.5229151740438427,2.1329817597114538,1.1214304075145973,1.545234578837321,2.2992288035042856,2.1243581447223,2.1329817597114538,211.37790868933334
ENSG00000123342,MMP19,protein_coding,1.661065147583355,2.2580850890723427,2.605671054380105,2.7404253972864607,1.355971290367311,2.124243595737915,2.2580850890723427,468.411561778
ENSG00000221818,EBF2,protein_coding,1.1033584930715474,3.564224535924492,1.9667289028136343,2.6009823852399254,1.3660904810840537,2.120276959626731,1.9667289028136343,10.341622981133334
ENSG00000054654,SYNE2,protein_coding,2.6069919231488408,1.4722851799279688,1.7327025891120043,2.541754085231153,2.239564922929448,2.118659740069883,2.239564922929448,777.2794377666667
ENSG00000071282,LMCD1,protein_coding,2.0323741544376013,1.2872679195972374,2.973422789159674,1.79067893171859,2.4979045443188514,2.116329667846391,2.0323741544376013,3358.034000766667
ENSG00000223813,AC007255.1,lncRNA,2.871598347540832,2.381888013617604,1.2197340924546936,2.447288597663388,1.6139337509912406,2.1068885604535517,2.381888013617604,9.435504183733334
ENSG00000206560,ANKRD28,protein_coding,1.2346883868819312,2.295931931713577,3.7827710183203997,1.7689517315418364,1.4265515885120372,2.101778931393956,1.7689517315418364,2146.2135169
ENSG00000120549,KIAA1217,protein_coding,1.8225505876754031,2.5494595882042157,1.636551387007315,2.5296477757417017,1.9575910865425143,2.0991600850342302,1.9575910865425143,614.9247304920001
ENSG00000131979,GCH1,protein_coding,2.403429543013658,1.3729655559025717,3.280825685830971,0.772682557520393,2.664094464140855,2.0987995612816897,2.403429543013658,112.52901672933334
ENSG00000025039,RRAGD,protein_coding,1.0608757593755045,1.761086637731174,5.459090660906798,0.8697271196536589,1.3413516843615805,2.098426372405743,1.3413516843615805,11.023464646933332
ENSG00000076716,GPC4,protein_coding,2.427517126757648,0.444484123574755,1.9215572089539545,3.4070444708331626,2.2906403683371828,2.0982486596913406,2.2906403683371828,969.6846790466666
ENSG00000106823,ECM2,protein_coding,1.8373478003887591,1.3883911457159837,2.8781353116639847,2.3663269556705497,2.0074660027659945,2.0955334432410546,2.0074660027659945,817.33667488
ENSG00000135643,KCNMB4,protein_coding,1.6885147114580157,1.4396021198839617,1.2715722657057529,2.6954651171395594,3.3820682117914815,2.095444485195754,1.6885147114580157,19.3459802532
ENSG00000133048,CHI3L1,protein_coding,3.7888358333807286,0.48543854646461604,1.0723926141990674,2.336655499362405,2.7873427431748548,2.094133047316334,2.336655499362405,301.66487693333335
ENSG00000287335,AL139351.3,lncRNA,2.4272595592428816,1.3078936084420878,0.6284343805808508,3.7305802015206,2.347679723529297,2.0883694946631435,2.347679723529297,26.2893423676
ENSG00000131389,SLC6A6,protein_coding,1.6263598810573772,2.35465031852266,1.9643877872634299,3.0483948602846027,1.4418600895618354,2.087130587337981,1.9643877872634299,2153.3567431733336
ENSG00000091513,TF,protein_coding,3.502952370869772,1.2316705218713326,4.21120668791653,0.7611838579799175,0.7285920831892148,2.087121104365353,1.2316705218713326,5.6915194274
ENSG00000179104,TMTC2,protein_coding,0.1367260929552212,4.077037920543633,3.0176748009145493,2.6757702543962516,0.524550643022121,2.0863519423663552,2.6757702543962516,32.02779553233333
ENSG00000169891,REPS2,protein_coding,1.523570742788098,1.288007149613117,2.5121497655679708,2.165213892048286,2.911494430067978,2.0800871960170904,2.165213892048286,35.52126617773333
ENSG00000152642,GPD1L,protein_coding,0.291615792573487,3.440298437875936,2.8879117977988153,2.848905801000492,0.9301119526115427,2.0797687563720544,2.848905801000492,540.8331112333333
ENSG00000286511,Z95118.2,lncRNA,2.15013713238246,1.924180725927033,4.21120668791653,1.6467205344073397,0.46375105286551976,2.0791992266997767,1.924180725927033,8.961917846066665
ENSG00000215399,HMGB3P7,processed_pseudogene,1.3326578935252673,1.8326228528813404,1.8064078575619962,4.45855906074467,0.9636548682160161,2.0787805065858582,1.8064078575619962,7.033352804800001
ENSG00000197594,ENPP1,protein_coding,1.4875184244061543,3.2933609110756166,1.084654614199085,3.19254593626461,1.3220776455087613,2.076031506290845,1.4875184244061543,1375.2559905533335
ENSG00000158747,NBL1,protein_coding,1.0303653711381653,2.1363820366720194,3.7135225784650565,2.4410470515251035,1.0529539687764817,2.0748542013153655,2.1363820366720194,4452.140853866667
ENSG00000137975,CLCA2,protein_coding,1.7985404741381497,1.4635318432703581,0.9486171687689935,2.411640682068097,3.726808942259308,2.0698278221009816,1.7985404741381497,6.609886542133334
ENSG00000025434,NR1H3,protein_coding,2.0800496557395425,2.389979572827479,1.775950219345087,2.2178391145270595,1.8799524637070801,2.06875420522925,2.0800496557395425,62.249343140666674
ENSG00000143416,SELENBP1,protein_coding,1.0770849613815416,3.2192149141122703,1.7482688104682458,2.870864351049091,1.4273146355885826,2.0685495345199465,1.7482688104682458,342.691127854
ENSG00000231969,MMADHC-DT,lncRNA,1.4811622067533077,1.449997329079003,3.3596584460468697,0.6912360411512299,3.357248732322007,2.0678605510704835,1.4811622067533077,10.525140114133333
ENSG00000101447,FAM83D,protein_coding,2.416735660517709,2.133477199244,1.7098779178949206,2.1986820899194726,1.8729457118116972,2.0663437158775597,2.133477199244,85.84604500933332
ENSG00000108984,MAP2K6,protein_coding,1.0559497662513126,1.3167489397904397,0.29084800830558954,5.214096629924484,2.4391016128891954,2.0633489914322043,1.3167489397904397,60.22290455786667
ENSG00000103723,AP3B2,protein_coding,3.502952370869772,2.0373152997337325,2.5019788978062687,1.8746534663713037,0.3726315708585002,2.0579063211279154,2.0373152997337325,6.5054384132
ENSG00000284977,AL160272.1,lncRNA,2.320565833454655,1.3332287019122955,2.811553863513329,2.576706794895172,1.2362055509415613,2.0556521489434023,2.320565833454655,12.150119553800002
ENSG00000128656,CHN1,protein_coding,2.723787847669705,0.8085132852476615,1.3281781786191145,1.887067237382638,3.5276848482962855,2.0550462794430806,1.887067237382638,310.66493311266663
ENSG00000172572,PDE3A,protein_coding,1.1435240318348585,2.48341857119752,3.1415246242742443,1.8205953557548655,1.6847650454328846,2.0547655256988744,1.8205953557548655,532.2754119133334
ENSG00000008394,MGST1,protein_coding,1.7921741836965772,2.870175136915801,1.762757502665588,2.3957157365597626,1.4296300608321637,2.050090524133979,1.7921741836965772,581.7323300200001
ENSG00000078053,AMPH,protein_coding,1.001352209344466,2.696199605772815,1.209557020286197,2.776951616211784,2.560838011076627,2.048979692538378,2.560838011076627,146.96938765266668
ENSG00000145675,PIK3R1,protein_coding,1.7210546090735548,2.5308436858864516,1.5549017046186346,2.6562103717261794,1.7797204208515716,2.0485461584312783,1.7797204208515716,877.94867926
ENSG00000189184,PCDH18,protein_coding,0.767255411847307,2.5680911968839943,2.552670958794348,2.5520143996390416,1.7970571544335243,2.047417824319643,2.5520143996390416,3191.1873883666663
ENSG00000162944,RFTN2,protein_coding,1.578337150873331,1.8842751748764472,1.728940681807198,3.292073808284795,1.7470461812131672,2.046134599410988,1.7470461812131672,159.37948895466667
ENSG00000140961,OSGIN1,protein_coding,1.403603423552096,2.681482590031348,2.6277554838367694,1.7946104377381973,1.7194060437560648,2.0453715957828953,1.7946104377381973,152.772846442
ENSG00000187678,SPRY4,protein_coding,2.6370934547112572,2.1290410750139355,2.91511666619121,1.7431742136592572,0.7959968555379833,2.044084453022729,2.1290410750139355,157.66433088599996
ENSG00000263426,RN7SL471P,misc_RNA,2.4857333035603943,1.6007048983890506,2.75114407557027,1.5073238562910252,1.8646904157928326,2.0419193099207145,1.8646904157928326,2933.8339067999996
ENSG00000188153,COL4A5,protein_coding,3.394900609123808,1.9636065415386161,2.7544763848032456,0.4813479223669175,1.6088802178564015,2.040642335137798,1.9636065415386161,35.07750822133333
ENSG00000146072,TNFRSF21,protein_coding,1.2650815339022738,2.968293381899602,2.2775947944412858,2.9772099650004975,0.6995211558810386,2.0375401662249395,2.2775947944412858,299.97045602066663
ENSG00000160161,CILP2,protein_coding,3.1806061688009875,0.6217253312213753,1.386158528338469,1.851993702751107,3.1460404038115244,2.0373048269846925,1.851993702751107,27.7293389408
ENSG00000244694,PTCHD4,protein_coding,1.2021668060596795,0.6048436100398851,4.415397120839187,2.2043469164923746,1.7486055384625185,2.035071998378729,1.7486055384625185,148.795592898
ENSG00000175305,CCNE2,protein_coding,2.966914572384676,1.6185086053193025,1.8963179280277611,1.206334514668534,2.4552596718353543,2.0286670584471254,1.8963179280277611,46.9242504528
ENSG00000155966,AFF2,protein_coding,2.0381826386636446,1.3891178901158012,2.8703416542584375,2.5607905183834756,1.2604050030468814,2.0237675408936484,2.0381826386636446,68.86356988066667
ENSG00000061455,PRDM6,protein_coding,1.5773459381500583,0.8668665528185029,2.7104155199787545,3.559145867115079,1.4040319302786624,2.023561161668211,1.5773459381500583,51.35155421106666
ENSG00000107821,KAZALD1,protein_coding,0.35729296464555915,2.712269855584762,2.951843762013482,3.526740144003165,0.562617366853825,2.022152818620159,2.712269855584762,573.4248768053333
ENSG00000122824,NUDT10,protein_coding,1.56089651812343,2.871544120053259,2.1790238008695093,2.9869629136465603,0.507239754064785,2.0211334213515086,2.1790238008695093,15.647046887666669
ENSG00000155926,SLA,protein_coding,2.1506277635624125,2.03939432468109,0.4122801419669533,2.3909610229816223,3.1069969518891396,2.0200520410162435,2.1506277635624125,8.760153792266667
ENSG00000205403,CFI,protein_coding,1.2149807246199247,0.558419244502101,2.167802619695943,4.877438411821456,1.2808217352168012,2.019892547171245,1.2808217352168012,13.043825041133335
ENSG00000115525,ST3GAL5,protein_coding,1.6845327636008678,2.7709109641604996,1.6741804430841647,1.8464463781185998,2.1121119766046563,2.0176365051137575,1.8464463781185998,321.6445168533333
ENSG00000118971,CCND2,protein_coding,1.3959434394527896,1.072897184807732,3.2197835164838677,1.035404874665069,3.362509621408053,2.0173077273635025,1.3959434394527896,92.15003827473333
ENSG00000197301,HMGA2-AS1,lncRNA,2.15013713238246,1.8507337538005268,4.156198439297777,1.3282637220210578,0.5889916639443102,2.0148649422892264,1.8507337538005268,30.74872442986667
ENSG00000076770,MBNL3,protein_coding,1.7057983440845095,2.643508601068908,1.3809120367992578,2.7447957273948163,1.593068123424545,2.013616566554407,1.7057983440845095,14.689051396266667
ENSG00000105643,ARRDC2,protein_coding,1.1330758969378394,3.243427323936306,1.8011166850185836,2.6082403693591427,1.277514659561687,2.0126749869627116,1.8011166850185836,486.184046728
ENSG00000174348,PODN,protein_coding,4.081975541210237,0.06552901663114508,1.4017606744571056,0.7362637626126727,3.765716029562828,2.010249004894798,1.4017606744571056,115.32455992200002
ENSG00000149380,P4HA3,protein_coding,1.6611559008235846,1.831916837720823,1.5730657820500884,2.026382126967804,2.956974684739108,2.0098990664602816,1.831916837720823,449.4597126533333
ENSG00000196139,AKR1C3,protein_coding,1.320270369908167,1.4764063754700274,2.9756524907043023,2.472017067047463,1.8020398670055915,2.00927723402711,1.8020398670055915,191.87603899866662
ENSG00000151623,NR3C2,protein_coding,1.6169277957108523,0.683093959763371,2.3579492093235177,3.123751409020289,2.2627700117441867,2.008898477112443,2.2627700117441867,13.823814853333333
ENSG00000139354,GAS2L3,protein_coding,2.16998331204033,1.5386821563726034,1.9504890248661786,2.2903819687525555,2.0896707297026227,2.007841438346858,2.0896707297026227,123.529210328
ENSG00000112761,CCN6,protein_coding,2.2754273839546357,3.113656699655432,2.252813411087567,2.155235187866654,0.23450677952171528,2.006327892417201,2.252813411087567,56.2443210966
ENSG00000102468,HTR2A,protein_coding,2.3764555756977677,0.3918355922706036,1.417426147918286,2.2845897564351287,3.544472450199123,2.002955904504182,2.2845897564351287,21.579634865266662
ENSG00000163749,CCDC158,protein_coding,2.7533293681580813,1.3241929388816978,0.9486171687689935,4.2403463155891705,0.7285920831892148,1.9990155749174316,1.3241929388816978,7.563407235933332
ENSG00000172465,TCEAL1,protein_coding,1.170354514566152,2.394119570435448,1.741039880856178,2.378212496212555,2.308030896175781,1.998351471649223,2.308030896175781,483.65690300666665
ENSG00000215187,FAM166B,protein_coding,3.078030169099834,1.3241929388816978,0.9486171687689935,1.4319609371299888,3.1953261342938317,1.9956254696348694,1.4319609371299888,10.331359746999999
ENSG00000260971,AC119674.1,lncRNA,2.152387327722048,1.829126028185749,3.3860458342976223,1.6021541019637695,0.9985135832548218,1.993645375084802,1.829126028185749,5.4506132268666665
ENSG00000166979,EVA1C,protein_coding,1.6587831446124346,2.9050867413729797,1.5620255708881299,2.9382932765680367,0.9016012139739518,1.9931579894831066,1.6587831446124346,185.00246625066666
ENSG00000186469,GNG2,protein_coding,0.5832372072237675,3.2874284936063543,0.6197883528666397,3.579879904068637,1.8839338047450909,1.990853552502098,1.8839338047450909,184.360486688
ENSG00000176658,MYO1D,protein_coding,3.0334446364160117,0.710587250123953,1.2085913144256493,1.5253152122360278,3.473144947536852,1.9902166721476988,1.5253152122360278,208.326109872
ENSG00000111335,OAS2,protein_coding,2.517259941071437,1.3834300178070693,2.6021416955372167,0.6442131473273314,2.7529631387948212,1.9800015881075752,2.517259941071437,36.50519832286667
ENSG00000179869,ABCA13,protein_coding,1.934525805301344,0.9024056605516684,2.811553863513329,2.16025761296758,2.0741584110856084,1.9765802706839062,2.0741584110856084,15.0896940348
ENSG00000075391,RASAL2,protein_coding,1.6050948222200088,1.6517810299468785,2.9544226746305036,2.0115216029477363,1.647293405278516,1.9740227070047287,1.6517810299468785,1598.7232139
ENSG00000198121,LPAR1,protein_coding,1.7030315965683638,2.0904230269263433,2.7409256471355743,1.9302025414251993,1.3643337603023848,1.965783314471573,1.9302025414251993,2833.83718564
ENSG00000186185,KIF18B,protein_coding,1.7576957088798992,2.0401139372815185,0.021798476587755466,2.8320829655944646,3.1772002948863607,1.9657782766459995,2.0401139372815185,23.13480467926667
ENSG00000198743,SLC5A3,protein_coding,0.3733596010862854,1.8239581287565247,2.9253008889823473,3.5830311623826656,1.117013878405853,1.9645327319227353,1.8239581287565247,1329.7773926733332
ENSG00000157240,FZD1,protein_coding,0.43716374260308477,2.219020394433354,2.3819489582665074,3.306995771794332,1.4533805346327853,1.9597018803460127,2.219020394433354,2355.40251066
ENSG00000174804,FZD4,protein_coding,0.3112364958930929,2.6619825761497555,3.6493890970884273,2.0981662283357974,1.0634684384903785,1.9568485671914904,2.0981662283357974,1609.3208393400002
ENSG00000177679,SRRM3,protein_coding,0.38635399486365785,2.8746837244902346,3.018034066246192,3.0701865605964826,0.41891057166009293,1.9536337835713318,2.8746837244902346,25.132705914866666
ENSG00000103485,QPRT,protein_coding,1.2343389069554433,2.4487822199166316,1.7498107386695345,2.9978978700451613,1.3220650275854453,1.9505789526344433,1.7498107386695345,46.39078089406667
ENSG00000165071,TMEM71,protein_coding,2.933338781861438,0.31698212745779397,1.386158528338469,2.637307589949336,2.4756644366540344,1.9498902928522142,2.4756644366540344,15.070143481866666
ENSG00000150510,FAM124A,protein_coding,2.553916420469882,1.2921067570802114,0.3846938395737167,2.9578693206773115,2.5234261608986737,1.9424024997399592,2.5234261608986737,44.88314369013333
ENSG00000128016,ZFP36,protein_coding,2.3665158922129734,1.4618469562109366,3.7059417075188916,1.1388916803753402,1.0374418475390232,1.9421276167714328,1.4618469562109366,255.12016975666668
ENSG00000090339,ICAM1,protein_coding,2.931191454033643,1.9083998042481012,2.7543831401954177,0.18798332140386975,1.9045947171400934,1.9373104874042248,1.9083998042481012,267.585944796
ENSG00000114646,CSPG5,protein_coding,1.0921178394970976,1.8719235300583676,2.5019788978062687,3.410347017817341,0.8094142950242302,1.9371563160406609,1.8719235300583676,13.68101240913333
ENSG00000169174,PCSK9,protein_coding,0.8757533207305865,3.8226470136886164,2.9187296934739786,1.5153285513291035,0.5357972298417892,1.9336511618128145,1.5153285513291035,10.744928804066666
ENSG00000163513,TGFBR2,protein_coding,2.81255419562226,1.844741574305596,0.7146431361740184,1.9013648971877561,2.3932227197893514,1.9333053046157964,1.9013648971877561,2717.679018906667
ENSG00000163806,SPDYA,protein_coding,0.6402915116363395,3.26643505642315,3.321704511997254,2.086904636799871,0.34879153535166685,1.9328254504416567,2.086904636799871,9.562994145400001
ENSG00000158234,FAIM,protein_coding,1.0984171797461864,2.7270944558885057,1.9197213497404109,3.1923710626932165,0.7214605364867905,1.931812916911022,1.9197213497404109,373.2494884219999
ENSG00000154319,FAM167A,protein_coding,3.060048901427705,1.3133445057162234,2.450097160768972,0.21650764330715955,2.614855205636072,1.9309706833712261,2.450097160768972,147.378305886
ENSG00000138696,BMPR1B,protein_coding,2.908502077237994,0.406234344502999,2.4320894501113917,1.4168794999205332,2.471857429105456,1.9271125601756751,2.4320894501113917,58.36952329646667
ENSG00000122035,RASL11A,protein_coding,2.6614891819319775,1.816462656150427,0.8728331808219805,1.6450776643528187,2.6323945065963485,1.9256514379707106,1.816462656150427,141.89121020266666
ENSG00000105792,CFAP69,protein_coding,0.12174631009328873,2.203433446270674,2.8008627757768707,2.6921354686354606,1.7981117935214632,1.9232579588595513,2.203433446270674,97.89549346666668
ENSG00000054277,OPN3,protein_coding,1.9059312910207877,0.6475192373872138,2.7258025379150608,2.010408955940684,2.2926041894811586,1.916453242348981,2.010408955940684,338.6113898206667
ENSG00000164342,TLR3,protein_coding,2.4423945202357027,1.590231305273175,1.2786761070811101,2.2056148025493427,2.0524747313421354,1.9138782932962932,2.0524747313421354,37.009403944733336
ENSG00000205861,PCOTH,lncRNA,0.954167685659109,1.4562741014903366,2.7544763848032456,1.6386246150369383,2.7652317181146504,1.9137549010208559,1.6386246150369383,9.0517981878
ENSG00000126860,EVI2A,protein_coding,1.7057983440845095,1.8118550760592007,2.467568284111902,1.3177913360385254,2.2621560541095835,1.9130338188807443,1.8118550760592007,13.746090929000001
ENSG00000228340,MIR646HG,lncRNA,2.043216924478436,2.237690049169129,1.4140502877274228,2.3552541748040685,1.505437970529611,1.9111298813417334,2.043216924478436,141.35612869999997
ENSG00000122691,TWIST1,protein_coding,1.115248859214419,2.0494305662268673,2.889736894638858,1.750572329996654,1.7335312844040454,1.9077039868961687,1.750572329996654,633.0229379
ENSG00000112576,CCND3,protein_coding,2.6249567382710115,2.058822734079718,1.2895621422648649,1.3890842475305298,2.1409509994378713,1.9006753723167988,2.058822734079718,802.1891745133332
ENSG00000147408,CSGALNACT1,protein_coding,1.3766788465454054,3.347097669082385,0.8653898764086847,2.6858773798944187,1.225938288678841,1.9001964121219466,1.3766788465454054,101.53609919800002
ENSG00000166689,PLEKHA7,protein_coding,1.782035408905403,0.8366567507426175,2.467568284111902,2.056285461360482,2.3448091454424422,1.8974710101125694,2.056285461360482,9.179754975999998
ENSG00000138166,DUSP5,protein_coding,3.4344604681263764,1.6841479386602156,3.31756982945196,0.2585061128032251,0.7906436621160369,1.897065602231563,1.6841479386602156,234.36472435333332
ENSG00000070404,FSTL3,protein_coding,1.9145651150763001,1.2075465636639109,2.948657135738477,1.7746653215730284,1.630210361152459,1.895128899440835,1.7746653215730284,4035.004477266667
ENSG00000245552,AP000787.1,lncRNA,1.3326578935252673,1.8665018536763114,0.9486171687689935,4.331628601024251,0.9629631879662417,1.8884737409922132,1.3326578935252673,8.907145781933334
ENSG00000088836,SLC4A11,protein_coding,1.1366221930164455,2.445599146574533,3.5071249037576013,1.491610032959173,0.8517459445445432,1.8865404441704592,1.491610032959173,5.253023244066666
ENSG00000213949,ITGA1,protein_coding,1.7960239807411522,1.2944816940693809,2.406268509048143,2.346094292475355,1.5833019680240739,1.885234088871621,1.7960239807411522,1849.0676490133333
ENSG00000141753,IGFBP4,protein_coding,2.035582705155848,1.7886073811754724,1.754095012409234,2.1346384685756234,1.7009576368822934,1.8827762408396942,1.7886073811754724,20767.198471466665
ENSG00000115919,KYNU,protein_coding,0.30875446977015164,2.441796807007673,3.5071249037576013,2.2615586297042496,0.8881050883359474,1.881467979715125,2.2615586297042496,6.9542799605333325
ENSG00000259278,AC087878.1,lncRNA,1.2857047275252969,1.9791798722555285,0.6848985005984503,3.530668933111871,1.916901316703535,1.8794706700389363,1.916901316703535,11.276537245933332
ENSG00000189320,FAM180A,protein_coding,2.084425532543057,1.3897872534719253,2.2926686910327874,1.6886541422417638,1.941184092379105,1.8793439423337275,1.941184092379105,257.95645701666666
ENSG00000152049,KCNE4,protein_coding,2.361333130555586,0.08786432514666664,2.7878661492820687,1.0022877264402528,3.15269919045304,1.8784101043755228,2.361333130555586,4127.4582924666665
ENSG00000024526,DEPDC1,protein_coding,2.4746092420234493,1.8402495654735693,0.6079652635627752,2.629204761021686,1.832293009871501,1.8768643683905963,1.8402495654735693,148.51345580133332
ENSG00000185924,RTN4RL1,protein_coding,0.31189604879677724,3.787988370843173,1.7965190566005234,2.3452558855666874,1.1353326942790973,1.8753984112172517,1.7965190566005234,66.1731609572
ENSG00000085840,ORC1,protein_coding,3.520904444292004,1.2907063757369528,0.8779093643812255,1.1919684756014512,2.4891122024257526,1.8741201724874774,1.2907063757369528,28.460732200333332
ENSG00000137573,SULF1,protein_coding,1.1035763955992604,1.9459493570814708,2.125920448276821,2.805817567529278,1.3799805436221817,1.8722488624218023,1.9459493570814708,31440.877600600004
ENSG00000119699,TGFB3,protein_coding,0.3398809246231762,2.5838521777870547,2.7950289910513604,3.399153550863822,0.2395998025471906,1.8715030893745208,2.5838521777870547,223.3301346106667
ENSG00000143036,SLC44A3,protein_coding,1.2149807246199247,1.508720114748753,2.8110741549186753,3.22460946992539,0.5889916639443102,1.8696752256314106,1.508720114748753,17.195615157866666
ENSG00000271869,AC026979.2,lncRNA,2.483924369588236,0.13027387138291457,2.9692950386299124,1.4196753402394038,2.3448091454424422,1.8695955530565818,2.3448091454424422,6.478740986333334
ENSG00000117461,PIK3R3,protein_coding,1.8847025873208256,2.5205396064234593,1.0336088202932645,1.9779033470244833,1.9122619233705693,1.8658032568865202,1.9122619233705693,206.01005510000002
ENSG00000241878,PISD,protein_coding,1.3253771591943657,2.687102545655774,2.129639738771954,1.8120441211382463,1.364040259991917,1.8636407649504512,1.8120441211382463,937.14646154
ENSG00000075702,WDR62,protein_coding,1.6578629831191676,2.285230329137868,2.2394573744632815,1.3310074883489484,1.7853781942440792,1.859787273862669,1.7853781942440792,32.80322878046666
ENSG00000060140,STYK1,protein_coding,1.1033584930715474,1.366896383152027,3.018034066246192,2.0442718972520857,1.7554101993774864,1.857594207819868,1.7554101993774864,11.174190473533335
ENSG00000116106,EPHA4,protein_coding,1.4747555833798511,0.7859378888628505,3.5500875859477805,2.0215440864195164,1.42796828527311,1.852058685976622,1.4747555833798511,165.77970681333332
ENSG00000101280,ANGPT4,protein_coding,1.0608757593755045,0.46618987123312383,2.5550164167001013,4.938432374331457,0.2288581813460433,1.8498745205972458,1.0608757593755045,49.873722469
ENSG00000132821,VSTM2L,protein_coding,2.7698211885641184,1.0857483319814127,1.7538803041813589,1.1008339681963468,2.536752479163485,1.849407254417344,1.7538803041813589,78.72908815266666
ENSG00000158402,CDC25C,protein_coding,2.0713546270055216,2.2502599707624733,1.7239449045429964,1.6713253039945877,1.5291930423905873,1.8492155697392334,1.7239449045429964,21.850000297933335
ENSG00000164309,CMYA5,protein_coding,0.877403109726604,1.635813443713933,3.976955385298041,2.3018197060556873,0.4374708115476409,1.8458924912683812,1.635813443713933,49.191152821466666
ENSG00000169764,UGP2,protein_coding,1.1680239045302976,2.758819879371167,1.9349356977846632,2.122159266767291,1.2362002253686448,1.8440277947644126,1.9349356977846632,4907.430889799999
ENSG00000139329,LUM,protein_coding,1.241221604090013,0.3992523030165529,1.9262277862227588,3.1021702448506776,2.546638186083067,1.8431020248526138,1.9262277862227588,11600.073736133336
ENSG00000118193,KIF14,protein_coding,2.201433218159817,2.7600322900971106,0.008892463568089148,2.0780262369304943,2.165260835135446,1.8427290087781913,2.165260835135446,88.69728939533334
ENSG00000251141,MRPS30-DT,lncRNA,0.3708065688584692,1.351344159163546,3.1712271804709555,2.7020837310822823,1.606627295299315,1.8404177869749136,1.606627295299315,10.719391302266667
ENSG00000047648,ARHGAP6,protein_coding,1.956010431209326,2.6739885948265387,1.7333215101665993,0.9289404561027044,1.8942848891633886,1.8373091762937115,1.8942848891633886,17.011782617666668
ENSG00000178773,CPNE7,protein_coding,1.5337168042053486,2.2050982438263453,3.2991494312389715,0.9789722997054451,1.1643269973070804,1.8362527552566381,1.5337168042053486,320.3310347013333
ENSG00000027697,IFNGR1,protein_coding,1.4614609496925883,1.704923199400513,2.478164240108626,1.6742508609229692,1.8551151435814148,1.8347828787412221,1.704923199400513,2163.470037733333
ENSG00000109339,MAPK10,protein_coding,1.3198929006992595,2.016635924869246,2.5697812757646368,2.361896187080035,0.8903119990469381,1.8317036574920231,2.016635924869246,44.017635154999994
ENSG00000257894,AC027288.3,lncRNA,0.9841675074514686,1.4392286132709153,3.417191351057995,2.1914174582867822,1.0869081862868724,1.8237826232708065,1.4392286132709153,20.288127277466668
ENSG00000070214,SLC44A1,protein_coding,1.201213487154826,1.69297306403522,2.4396966518282444,2.2348331151391765,1.5465308349220894,1.8230494306159113,1.69297306403522,2177.508506093333
ENSG00000284052,AC006460.2,lncRNA,2.0988281262468598,0.7475250068370078,2.9187296934739786,2.1171138363956437,1.2325655271094234,1.8229524380125828,2.0988281262468598,11.6732343004
ENSG00000196569,LAMA2,protein_coding,0.722121490765125,1.2887737948539275,2.4606597148289655,2.5992682335951036,2.0319950117509524,1.8205636491588149,2.0319950117509524,494.34792455
ENSG00000170542,SERPINB9,protein_coding,2.2032778730294096,1.2643785344149103,1.7323136107710262,1.5770063743747,2.3227341257186214,1.8199421036617334,1.7323136107710262,76.93918568066665
ENSG00000264672,SEPTIN4-AS1,lncRNA,2.5709142109402157,2.004748386888221,0.8038417217457181,1.7399175688527002,1.971683526013006,1.8182210828879721,1.971683526013006,22.456349326799998
ENSG00000201098,RNY1,misc_RNA,0.7496017444664869,0.6660136875599427,2.792085364891639,2.195145253838504,2.6856416522779814,1.8176975406069107,2.195145253838504,2884.918699566667
ENSG00000113460,BRIX1,protein_coding,1.0259326021215731,1.3534363679200379,3.7327937721282014,2.1704432313922295,0.7903658273892766,1.8145943601902637,1.3534363679200379,687.2149481399999
ENSG00000129195,PIMREG,protein_coding,2.122458665156053,2.1395066071655275,0.40709013696043517,2.269843844587262,2.1323192909492406,1.8142437089637036,2.1323192909492406,102.84880541933333
ENSG00000111058,ACSS3,protein_coding,0.7615258226241419,1.859178957402814,1.552179656478402,3.140019540570485,1.7569767299192396,1.8139761413990165,1.7569767299192396,131.79585287799998
ENSG00000137571,SLCO5A1,protein_coding,1.555109726095142,2.610936341474523,1.7519102489869676,2.3014355046333335,0.8497929697510407,1.8138369581882015,1.7519102489869676,10.737310343333332
ENSG00000236710,AC108448.2,processed_pseudogene,0.5229716705159857,1.027469891775981,3.5071249037576013,2.6984327531747327,1.310969713583689,1.813393786561598,1.310969713583689,5.9350329936
ENSG00000152518,ZFP36L2,protein_coding,2.149283207404374,1.1155526948481578,1.8507765584085476,1.9059804936892766,2.026952159852975,1.8097090228406665,1.9059804936892766,297.2104971973333
ENSG00000137393,RNF144B,protein_coding,2.3572026530094927,0.6692763171748597,3.547032879772437,1.2039346614500754,1.2705376531016839,1.8095968329017098,1.2705376531016839,210.83005587266663
ENSG00000188394,GPR21,protein_coding,1.956010431209326,0.06958575101851361,0.9486171687689935,2.7897150386098133,3.270608062081335,1.806907290337596,1.956010431209326,17.287094320133335
ENSG00000080986,NDC80,protein_coding,1.8238634699788294,2.473094201048431,0.9224924405376518,2.2558743992098087,1.5555248217671158,1.8061698665083674,1.8238634699788294,103.53521106999999
ENSG00000235033,DAAM2-AS1,lncRNA,2.149772589674149,0.9158778060925095,3.5729843792417517,0.3308523713592959,2.0439623000880953,1.8026898892911603,2.0439623000880953,11.133673281200002
ENSG00000164920,OSR2,protein_coding,1.0921178394970976,1.5492120777358327,3.156233583574042,1.7867615141209223,1.4222492919507463,1.8013148613757282,1.5492120777358327,14.886846977066664
ENSG00000144445,KANSL1L,protein_coding,0.9380886973619615,1.2379744947985447,3.70502674069078,2.2803184816511752,0.8450285747503656,1.8012873978505652,1.2379744947985447,312.00168024266674
ENSG00000269113,TRABD2B,protein_coding,1.8135790546554698,1.2881913853027929,0.8290309376346634,4.038383126167452,1.0336741453289666,1.8005717298178692,1.2881913853027929,8.2435950748
ENSG00000183044,ABAT,protein_coding,1.4818194827299784,2.772202421152821,1.0635620900864806,2.0438866414744785,1.6297051567810668,1.7982351584449652,1.6297051567810668,221.6592395853333
ENSG00000183346,CABCOCO1,protein_coding,1.782035408905403,1.2158960096724627,2.007437602053265,2.1050783978525307,1.8711376076977517,1.7963170052362827,1.8711376076977517,25.396781856199997
ENSG00000079215,SLC1A3,protein_coding,0.9777673934845712,0.6765334507646319,2.2017000182287685,2.1136853839431886,3.0070339127843955,1.7953440318411111,2.1136853839431886,269.5977417986667
ENSG00000183549,ACSM5,protein_coding,2.443953690027107,0.6600259881683967,2.427773555115731,0.9046049150211948,2.538706933901258,1.7950130164467375,2.427773555115731,10.411481497266667
ENSG00000175063,UBE2C,protein_coding,1.7337468493664323,2.4504567443828504,0.8499664152186694,1.5852832143779114,2.3387511320513665,1.791640871079446,1.7337468493664323,106.12478493466668
ENSG00000283538,AC005972.3,lncRNA,1.9001239220127681,2.307268899903056,1.4834527606252368,2.152200498923404,1.1129164949935086,1.7911925152915948,1.9001239220127681,20.695134967
ENSG00000115468,EFHD1,protein_coding,1.4922046546417729,0.3171740101607119,3.203453203409002,2.3502632316103655,1.5749272075007852,1.7876044614645274,1.5749272075007852,149.67465685200003
ENSG00000149212,SESN3,protein_coding,0.8298757250777875,1.5495478632031752,2.312376969561779,2.6189801166739937,1.6233457651300398,1.786825287929355,1.6233457651300398,1459.3459794
ENSG00000064655,EYA2,protein_coding,1.1948562542611727,2.16750097768423,1.6051345192776196,2.733485982119511,1.222249055708585,1.7846453578102235,1.6051345192776196,257.4034697133333
ENSG00000141449,GREB1L,protein_coding,0.6922834047184949,2.798186759390087,2.427773555115731,2.898047706565889,0.10090316792206577,1.7834389187424535,2.427773555115731,6.054746054666667
ENSG00000137727,ARHGAP20,protein_coding,0.19595272333838887,1.6752770178718701,2.195713274767752,4.198656394246937,0.6378533079030801,1.7806905436256055,1.6752770178718701,12.538873703733332
ENSG00000156968,MPV17L,protein_coding,2.3047327288068327,0.8557222847456396,1.2715722657057529,2.751368778352432,1.706909263907684,1.7780610643036685,1.706909263907684,10.359327511733335
ENSG00000109667,SLC2A9,protein_coding,2.011613225720911,2.0103533820767656,1.7333215101665993,1.1095529917973685,2.0125413966712964,1.775476501286588,2.0103533820767656,40.500313877800004
ENSG00000170442,KRT86,protein_coding,1.4576741224181098,1.281544608903431,2.660579673498897,1.5068581155253566,1.9491951688952942,1.7711703378482178,1.5068581155253566,28.627302006799997
ENSG00000134215,VAV3,protein_coding,1.3326578935252673,2.9742254732253395,1.2715722657057529,2.2059848286897243,1.066653315790274,1.7702187553872715,1.3326578935252673,6.798127086333333
ENSG00000169083,AR,protein_coding,1.5313252788456237,2.2810462550521304,2.075936415529813,2.185789487764067,0.7600481923979396,1.766829125917915,2.075936415529813,75.50440831600001
ENSG00000150540,HNMT,protein_coding,0.7269094127472293,2.1963943012904164,1.7931575983505263,2.2833086008096455,1.8288006484888966,1.7657141123373428,1.8288006484888966,672.10233856
ENSG00000188649,CC2D2B,protein_coding,1.9780711094142247,2.9220091752353525,1.417426147918286,2.3014355046333335,0.19861173860291315,1.7635107351608224,1.9780711094142247,6.6679707638
ENSG00000042445,RETSAT,protein_coding,1.1858253147061095,1.5616634624864627,2.6887378219459563,2.1760675519393757,1.2038969169722247,1.7632382136100258,1.5616634624864627,2830.7723480600007
ENSG00000122420,PTGFR,protein_coding,0.18408246780884685,2.3867481328536932,2.3850219313323393,2.0239082436546827,1.8286270008904841,1.7616775553080093,2.0239082436546827,339.9673045333333
ENSG00000171451,DSEL,protein_coding,1.3846400591893655,2.070021926750165,1.6306258522464319,1.9872880038217566,1.7338446858570347,1.7612841055729507,1.7338446858570347,2561.0267829333334
ENSG00000286863,AL513166.1,lncRNA,1.354201685840199,1.140875318825238,2.7252262629132122,2.086904636799871,1.4610582383062958,1.753653228536963,1.4610582383062958,12.8627302332
ENSG00000204764,RANBP17,protein_coding,1.8405152535202154,1.5081225873155093,2.055716885211332,1.6880085878169808,1.648592145587556,1.748191091890319,1.6880085878169808,276.07201404666665
ENSG00000115896,PLCL1,protein_coding,0.8011947643632178,1.5428125158978752,2.8195668759113484,2.7354314320148925,0.8397341760844403,1.7477479528543547,1.5428125158978752,73.65473199400002
ENSG00000071073,MGAT4A,protein_coding,1.1366221930164455,0.2371287967954947,3.5071249037576013,2.0307877615622774,1.8253765850685584,1.7474080480400755,1.8253765850685584,9.081875879133332
ENSG00000196352,CD55,protein_coding,1.3550499750935439,1.148950220083492,3.535045764898771,0.907917635204627,1.7843488800118825,1.7462624950584633,1.3550499750935439,295.10840466
ENSG00000143819,EPHX1,protein_coding,1.6511797054213186,1.9604199128811537,0.7735543232426583,2.942978042197045,1.3779979999119476,1.7412259967308246,1.6511797054213186,556.822109472
ENSG00000115163,CENPA,protein_coding,1.6169277957108523,1.8081254870922097,0.5114710115971608,2.1442333413279773,2.6227475314900874,1.7407010334436575,1.8081254870922097,28.449761492999997
ENSG00000168036,CTNNB1,protein_coding,1.276362735767096,1.834200667444616,2.2752307924730104,1.8021257125183627,1.5044967141831584,1.7384833244772486,1.8021257125183627,20635.1140258
ENSG00000233593,LINC02609,lncRNA,0.17211528298678402,1.9476760383250338,0.9135958959756141,4.815537335779991,0.826352769229862,1.7350554644594571,0.9135958959756141,18.038977386266666
ENSG00000125249,RAP2A,protein_coding,0.9674328464692792,1.7370245054735989,2.4797438408300163,2.0467788307124444,1.4348842729377065,1.733172859284609,1.7370245054735989,1634.3024226866667
ENSG00000183111,ARHGEF37,protein_coding,1.3403865466849414,1.3529718211807698,2.000730471442081,2.145563943356974,1.8114134397083967,1.7302132444746328,1.8114134397083967,61.19833874666667
ENSG00000158258,CLSTN2,protein_coding,0.8489884151832898,3.4015374034879122,0.21802485573134156,3.501943076243997,0.6637584246934356,1.7268504350679952,0.8489884151832898,35.17186684386666
ENSG00000105696,TMEM59L,protein_coding,0.927836220758107,2.0125983000596266,1.8198015504018779,3.6553642808967224,0.20300792449490057,1.7237216553222467,1.8198015504018779,76.559161726
ENSG00000169122,FAM110B,protein_coding,0.8161846362451906,1.6842741998899369,3.390360743587305,1.692936855480382,1.034305424520408,1.7236123719446446,1.6842741998899369,144.0785263186667
ENSG00000171791,BCL2,protein_coding,1.6169277957108523,0.7139478305385989,3.144984299957292,2.155654033446923,0.9780672578491849,1.7219162435005704,1.6169277957108523,36.227547821866665
ENSG00000108846,ABCC3,protein_coding,3.387095740678448,0.5301162780423887,1.1244740032236606,1.5789572195620902,1.9843198897079377,1.720992626242905,1.5789572195620902,575.2952249473333
ENSG00000129910,CDH15,protein_coding,1.7985404741381497,0.6588337861248683,2.01632482952284,2.3909610229816223,1.7354090587733606,1.7200138343081683,1.7985404741381497,14.958276575333334
ENSG00000113389,NPR3,protein_coding,1.1317379801362364,1.613004145780124,1.6302453217763624,2.1095849276588687,2.1051155695559025,1.7179375889814987,1.6302453217763624,12208.592429066666
ENSG00000128594,LRRC4,protein_coding,0.6369880509918522,2.662369364504789,1.8727581778309927,2.778528711481496,0.6303534057374107,1.7161995421093081,1.8727581778309927,16.499461813333333
ENSG00000279443,AL513497.1,TEC,0.3708065688584692,2.110039273364311,5.323391671395858,0.18171476800263564,0.5889916639443102,1.7149887891131166,0.5889916639443102,19.31675569813333
ENSG00000188313,PLSCR1,protein_coding,1.4477669175064731,0.9190884890217621,2.7586442761051746,1.4665766008310603,1.9555936139148047,1.709533979475855,1.4665766008310603,327.12417680666664
ENSG00000172260,NEGR1,protein_coding,1.5070112708395929,1.4228938428342541,1.4922596857058945,2.619256466328899,1.5022067570459843,1.708725604550925,1.5022067570459843,1297.5217664866666
ENSG00000125430,HS3ST3B1,protein_coding,2.534301504201685,1.2188541389438612,0.6607432614687454,2.8837644305463055,1.2269579587531192,1.7049242587827433,1.2269579587531192,372.666720826
ENSG00000138180,CEP55,protein_coding,1.4779318894957392,2.1316570153838352,0.24662280063603959,2.5957641614071587,2.0683277140675633,1.7040607161980674,2.0683277140675633,166.31792842533332
ENSG00000220494,YAP1P1,processed_pseudogene,1.2865773546681938,2.429556165882271,1.4834527606252368,3.293477921708613,0.014673940321157986,1.7015476286410944,1.4834527606252368,14.700623003866667
ENSG00000135525,MAP7,protein_coding,0.7295414153547428,1.8195209268951045,2.3116969512482535,2.9315536675218854,0.7106915942682157,1.7006009110576403,1.8195209268951045,26.81275833873333
ENSG00000112742,TTK,protein_coding,2.188594417560215,2.022372407287075,0.15476427686368588,2.0344542283164566,2.0926025769000134,1.6985575813854894,2.0344542283164566,103.26521309333333
ENSG00000117724,CENPF,protein_coding,1.8564471807229062,2.300373883921295,0.021586781145234823,2.4970432552144075,1.7881359144814493,1.6927174030970584,1.8564471807229062,569.1060730466667
ENSG00000120594,PLXDC2,protein_coding,1.8380943556241789,0.26955775483177646,1.2203191846965442,1.357239260450596,3.775630505771896,1.6921682122749986,1.357239260450596,797.2583731666666
ENSG00000203797,DDO,protein_coding,2.483924369588236,1.3576287863514969,1.193147138951474,2.031664697247626,1.3823674449945786,1.6897464874266823,1.3823674449945786,13.0780535732
ENSG00000065328,MCM10,protein_coding,1.9231016112401038,2.02670923145536,0.9838431421491505,1.1576129322476705,2.349090740082179,1.6880715314348926,1.9231016112401038,53.56464555466667
ENSG00000127946,HIP1,protein_coding,1.3754397726261818,2.5219034958308004,1.1002528262252884,2.692884724927028,0.7323809794574405,1.6845723598133477,1.3754397726261818,1787.8150387733335
ENSG00000121152,NCAPH,protein_coding,2.672986664629354,1.7857695577622055,0.1878788826262685,1.6805608915531236,2.0761334579787816,1.6806658909099468,1.7857695577622055,40.96475890766667
ENSG00000137834,SMAD6,protein_coding,0.1900477344538416,2.1901352850197338,1.9838093470801494,2.9935268753143225,1.0333496727013616,1.6781737829138819,1.9838093470801494,692.5078667733334
ENSG00000253368,TRNP1,protein_coding,1.632685610501806,1.6241302807657156,2.413856612375378,0.8287173420352367,1.8833580896433197,1.6765495870642912,1.632685610501806,713.3120386266668
ENSG00000011426,ANLN,protein_coding,1.6984457715530121,2.0505992880131494,0.46404170298722036,1.9516264053134122,2.2079463480261214,1.6745319031785832,1.9516264053134122,745.86725994
ENSG00000101412,E2F1,protein_coding,1.541412843013319,1.420574000063226,1.33636162142151,2.061059948850846,2.013023703590493,1.6744864233878787,1.541412843013319,72.23703359533333
ENSG00000127920,GNG11,protein_coding,1.5892687948754114,1.0706358414206285,1.7497058118526096,1.931253420299294,2.027693457096575,1.6737114651089038,1.7497058118526096,511.9144085533334
ENSG00000136960,ENPP2,protein_coding,1.4578494210994766,1.1841463550167823,1.4323614727555078,2.587800627955886,1.6934103985456321,1.671113655074657,1.4578494210994766,1138.4115356133334
ENSG00000136449,MYCBPAP,protein_coding,1.56089651812343,3.293163841334086,0.4814009468989022,1.5022328687586999,1.5141518176940227,1.670369198561828,1.5141518176940227,17.582537517666665
ENSG00000105889,STEAP1B,protein_coding,2.1399340391969446,1.8611836610860877,0.3480381113297222,1.7133714197155943,2.2824698177833262,1.668999409822335,1.8611836610860877,305.48446204933333
ENSG00000201229,SNORA63D,snoRNA,1.7057983440845095,0.6093096836481533,2.646339941693153,2.1037687554600004,1.25824765988082,1.6646928769533276,1.7057983440845095,9.248361975400002
ENSG00000113504,SLC12A7,protein_coding,2.173772410125689,1.0041997965195986,2.297358437898791,2.1831144496829986,0.6518833759599367,1.6620656940374026,2.173772410125689,46.70584106473333
ENSG00000214954,LRRC69,protein_coding,2.3047327288068327,2.1557186489481834,1.3292029157768797,0.9037061007694724,1.6139337509912406,1.6614588290585217,1.6139337509912406,7.318314482599999
ENSG00000267397,AC090229.1,lncRNA,0.7777437430320768,1.216137799230995,2.026272571113825,2.868511060558658,1.410555953844411,1.659844225555993,1.410555953844411,41.9476103986
ENSG00000110195,FOLR1,protein_coding,2.152387327722048,1.813038117353101,3.2870656788545305,0.7611838579799175,0.28521136375395106,1.6597772691327097,1.813038117353101,5.4507116002
ENSG00000155761,SPAG17,protein_coding,1.7211913125789249,3.306705053326456,1.4834527606252368,0.5175032202106689,1.2536590102803964,1.6565022714043365,1.4834527606252368,5.197408000533333
ENSG00000129465,RIPK3,protein_coding,2.7533293681580813,1.4985341983280436,0.2690061298894748,1.9223307420051383,1.8359284912294709,1.6558257859220418,1.8359284912294709,15.505963429266668
ENSG00000235863,B3GALT4,protein_coding,1.5633356761078225,1.7914377792353253,0.9787938905974158,2.4272958800553477,1.514174033500053,1.6550074518991926,1.5633356761078225,97.93140295333333
ENSG00000197479,PCDHB11,protein_coding,0.9620563717048332,0.4590141798448477,1.8064078575619962,1.7682700774744275,3.2785579390102897,1.654861285119279,1.7682700774744275,9.931484355733334
ENSG00000133142,TCEAL4,protein_coding,1.25722682332305,2.3206436740570027,0.44925815072255304,2.071421856903614,2.1536772131966355,1.650445543640571,2.071421856903614,1671.0498999400002
ENSG00000245812,LINC02202,lncRNA,1.1471845457503083,1.9104124444871315,1.3787487456794931,3.0528545757556413,0.7323940767529633,1.6443188776851074,1.3787487456794931,82.82417269800001
ENSG00000261083,LINC02516,lncRNA,1.1366221930164455,2.3252153735447907,2.2767182716570855,2.383790079035646,0.09057287270211356,1.642583757991216,2.2767182716570855,6.454799141266666
ENSG00000269927,AC004817.3,lncRNA,2.5738344411752143,1.8079160599040884,0.6073302729370975,1.993561926533542,1.1992977451574607,1.6363880891414808,1.8079160599040884,27.61980883093333
ENSG00000260086,AC007611.1,lncRNA,3.176290751477164,1.6505753269830645,0.4122801419669533,2.2888678262215896,0.6378533079030801,1.6331734709103702,1.6505753269830645,10.321394642400001
ENSG00000101017,CD40,protein_coding,0.19595272333838887,2.372570877323997,2.3116969512482535,1.7867615141209223,1.4748409666397908,1.6283646065342705,1.7867615141209223,34.92259548253334
ENSG00000236780,LINC01829,lncRNA,3.502952370869772,1.0789225969912306,0.4122801419669533,1.3005742247296384,1.815092075336561,1.6219642819788311,1.3005742247296384,5.0790563798
ENSG00000110756,HPS5,protein_coding,1.4581030341639227,1.152477236461607,1.921418292396302,2.1783552706756684,1.381822092655252,1.6184351852705503,1.4581030341639227,2709.1684231333334
ENSG00000184588,PDE4B,protein_coding,1.8032419439051441,2.3127026840447966,1.101284904459236,1.4563295451153646,1.4163337611364861,1.6179785677322056,1.4563295451153646,277.2729320013333
ENSG00000121104,FAM117A,protein_coding,1.8565418389323707,1.620698212279323,1.5397791441252995,1.0938328835163649,1.963993986419717,1.614969213054615,1.620698212279323,54.69041946933334
ENSG00000123975,CKS2,protein_coding,0.7899301568967738,1.8693537351686667,2.6739825163563458,1.2923689384736488,1.4474421130581812,1.6146154919907232,1.4474421130581812,215.35760981466666
ENSG00000069702,TGFBR3,protein_coding,1.1064661306898085,1.5508585124105911,3.011463403172029,2.015199719177528,0.38485333810717837,1.613768220711427,1.5508585124105911,321.60285161533335
ENSG00000116819,TFAP2E,protein_coding,2.320565833454655,1.348777944371214,0.9486171687689935,1.491610032959173,1.9503722788308484,1.6119886516769768,1.491610032959173,8.010639696933332
ENSG00000279204,AC134043.3,TEC,1.330730717003778,2.1967593229427695,1.6672816147382248,2.2494984792793575,0.6130474448571706,1.6114635157642603,1.6672816147382248,48.37756569933333
ENSG00000146410,MTFR2,protein_coding,1.0559497662513126,0.8239144106719714,3.128937744292372,2.1280044894406167,0.9194855034820786,1.61125838282767,1.0559497662513126,15.4729133484
ENSG00000136478,TEX2,protein_coding,2.227634382820968,1.7327546366969706,0.37142212000793506,1.3467680876889627,2.351670879217476,1.6060500212864626,1.7327546366969706,1656.2504218266665
ENSG00000175155,YPEL2,protein_coding,0.9961018574724019,1.9951898813402718,2.8316769432425586,1.26035162075683,0.9453133393994637,1.6057267284423051,1.26035162075683,395.28252009333335
ENSG00000138347,MYPN,protein_coding,2.1139940753362776,3.0809671176250264,1.3139259865139206,1.3322687339570631,0.17412093402978535,1.6030553694924143,1.3322687339570631,155.05750769333332
ENSG00000175745,NR2F1,protein_coding,2.0524620530968836,1.1021652649103082,2.0489294918439542,0.7852385775029411,2.0095520570102394,1.5996694888728653,2.0095520570102394,128.1498106
ENSG00000232774,AL355916.1,lncRNA,3.7672477630929952,0.5668390798112446,0.5931312366464443,0.570889235977674,2.4656427291604937,1.5927500089377704,0.5931312366464443,273.4676498993333
ENSG00000232882,PHKA1P1,processed_pseudogene,2.0713546270055216,2.277072547477684,1.022937292738363,1.4873574314089377,1.0886541355666974,1.5894752068394407,1.4873574314089377,13.863051735466666
ENSG00000172292,CERS6,protein_coding,0.9662755018459581,1.1443947103247574,2.9030004749730054,1.7877835080277116,1.1457969668114831,1.5894502323965831,1.1457969668114831,843.3696448
ENSG00000112981,NME5,protein_coding,0.8431583150064492,0.2881474951689409,2.3826212735226098,1.6597119002123302,2.7646818760504215,1.58766417199215,1.6597119002123302,29.97403740853333
ENSG00000166165,CKB,protein_coding,0.4721385679487877,2.4762788147387225,2.093160863424229,1.676301712748593,1.218493984960208,1.587274788764108,1.676301712748593,597.65501566
ENSG00000168461,RAB31,protein_coding,0.11167847960469857,2.767006231006439,1.8537039269868316,2.746214152330083,0.4512803136393213,1.5859766207134747,1.8537039269868316,2999.60369458
ENSG00000162599,NFIA,protein_coding,1.3074854746724531,2.0923526706880784,1.035573009570994,2.7129558218076495,0.7811035543013016,1.5858941062080953,1.3074854746724531,243.5131877726667
ENSG00000114107,CEP70,protein_coding,1.2431988949496153,1.4413987309355258,2.131784953443022,2.6155129024054853,0.4821984478775381,1.5828187859222373,1.4413987309355258,362.8290652333333
ENSG00000140092,FBLN5,protein_coding,1.403647200919,1.1084159153767121,1.4767495834018884,3.016830717874311,0.8761078284474131,1.5763502492038648,1.403647200919,821.5944448933333
ENSG00000010610,CD4,protein_coding,0.23162746447095017,2.6505791234321134,1.2794607849155168,1.6623754324083686,2.0339007985793724,1.5715887207612644,1.6623754324083686,74.99960961413333
ENSG00000148655,LRMDA,protein_coding,1.3608803957858004,1.1243982527176009,1.6203004868817876,2.1361459776248424,1.6138028533625342,1.571105593274513,1.6138028533625342,40.440382154000005
ENSG00000135899,SP110,protein_coding,1.801237093855188,2.1585545691087873,0.7400404933543099,1.5849059331457083,1.569013592320296,1.5707503363568578,1.5849059331457083,159.541423912
ENSG00000255112,CHMP1B,protein_coding,0.40258887865695137,2.4887448280098425,2.322590544047829,2.0629619708178524,0.573496880350227,1.5700766203765404,2.0629619708178524,2581.660209653333
ENSG00000064393,HIPK2,protein_coding,1.4038533996623066,1.4625349936550194,2.2394993614566037,1.6702017895578205,1.0585901891241036,1.5669359466911708,1.4625349936550194,1172.82298012
ENSG00000116711,PLA2G4A,protein_coding,0.5446930726011949,2.2945012291843963,2.8140747008970797,1.7889481398506586,0.38442972746635196,1.5653293739999363,1.7889481398506586,247.2153849126667
ENSG00000000460,C1orf112,protein_coding,1.3465103169390487,2.2294765093981814,0.5441134110920833,1.7266139091360682,1.967754710257319,1.56289377136454,1.7266139091360682,85.37017874333333
ENSG00000049089,COL9A2,protein_coding,1.1033584930715474,1.9890818735360514,0.0893250450301939,4.45855906074467,0.17413120362313572,1.5628911352011197,1.1033584930715474,5.660614544466667
ENSG00000132205,EMILIN2,protein_coding,1.1937553405299868,2.8062357354366627,1.3321684840569592,1.4091308366980568,1.0636718936706666,1.5609924580784664,1.3321684840569592,88.73815500066667
ENSG00000136436,CALCOCO2,protein_coding,2.057507978827614,1.3292661483819241,1.0261293467438612,1.4185450994824862,1.9701468440373056,1.560319083494638,1.4185450994824862,2564.380133673333
ENSG00000213625,LEPROT,protein_coding,1.2924227507429027,1.4342280843328243,1.9338051249167254,1.5683755854898305,1.5584511233975835,1.5574565337759734,1.5584511233975835,3088.2585979999994
ENSG00000196937,FAM3C,protein_coding,0.6347771741898081,2.351741902022697,1.4762534766932207,2.475312846830743,0.8425486474450947,1.5561268094363128,1.4762534766932207,310.17685325800005
ENSG00000148677,ANKRD1,protein_coding,2.2565193214713144,0.867083655644965,1.6589530494074225,1.2342969230292677,1.7554078244623117,1.5544521548030563,1.6589530494074225,6095.276632800001
ENSG00000151892,GFRA1,protein_coding,2.6179684236773824,1.2362519163940568,1.1903687227551183,0.523107242234417,2.199313018248475,1.55340186466189,1.2362519163940568,461.7875844066666
ENSG00000111859,NEDD9,protein_coding,1.4178299555506158,2.3795482720069714,1.908104797837451,1.7624362699709213,0.2935775192892329,1.5522993629310384,1.7624362699709213,2783.49592256
ENSG00000257219,LNCOG,lncRNA,1.6718743784223298,1.6885077251756977,0.9486171687689935,1.4430837757150599,2.0043605229883785,1.5512887142140919,1.6718743784223298,22.68825739
ENSG00000247595,SPTY2D1OS,protein_coding,0.7295414153547428,2.019272354925584,1.4522419681036642,2.7542011460000944,0.7780440710268919,1.5466601910821953,1.4522419681036642,25.3150899344
ENSG00000043143,JADE2,protein_coding,1.4150483646724945,2.4458401002343892,1.8097251042414833,1.1901936864508569,0.8599276635507005,1.5441469838299848,1.4150483646724945,253.60033484199997
ENSG00000229267,SNHG31,lncRNA,1.1033584930715474,0.28181079252086993,1.7965190566005234,2.3909610229816223,2.1419724738128,1.5429243677974724,1.7965190566005234,8.225681673666667
ENSG00000152253,SPC25,protein_coding,1.649050761023588,2.5888519451399272,0.10241624209161859,0.9037061007694724,2.4651474246162506,1.5418344947281715,1.649050761023588,12.98550164046667
ENSG00000047634,SCML1,protein_coding,1.16897053398585,0.9415388458545051,3.4229919536399915,1.054322737859617,1.1141721580752293,1.5403992458830387,1.1141721580752293,332.57000215999994
ENSG00000164932,CTHRC1,protein_coding,2.145485550514838,0.824909077793798,0.26712855191687623,2.3773242437595066,2.059458525983999,1.5348611899938036,2.059458525983999,1873.559929446667
ENSG00000228436,AL139260.1,lncRNA,0.615062282237127,0.7759464590602851,3.604707831353495,0.5661525590381005,2.106629647311744,1.5336997558001504,0.7759464590602851,14.487807396933334
ENSG00000207233,SNORA37,snoRNA,0.6967043573949603,0.0975503885848461,3.0557938002955782,1.0980987829071314,2.7144040123333886,1.532510268303181,1.0980987829071314,37.041266954866664
ENSG00000139567,ACVRL1,protein_coding,0.5367296441632625,1.8264669485072318,2.0133561757888234,1.2194211367391814,2.0570574608913006,1.53060627321796,1.8264669485072318,71.89084303933332
ENSG00000198846,TOX,protein_coding,1.5220051185359482,0.7895896576130266,1.7486659273905243,2.1792672588103725,1.4017199965000855,1.5282495917699914,1.5220051185359482,54.43651415613333
ENSG00000141497,ZMYND15,protein_coding,0.4653577219082341,2.141222378955379,0.4122801419669533,2.0307877615622774,2.559716516688173,1.5218729042162034,2.0307877615622774,5.398545439600001
ENSG00000109099,PMP22,protein_coding,1.4544441010240359,0.9705777028423892,2.2049598354812865,1.2380488472551683,1.7399093636000291,1.5215879700405819,1.4544441010240359,994.2935671666667
ENSG00000267547,AC060766.3,lncRNA,1.8683344750728161,1.2249010983691515,2.1790238008695093,1.765202260853998,0.5618965598325638,1.5198716389996076,1.765202260853998,15.490380924466669
ENSG00000183578,TNFAIP8L3,protein_coding,1.2835038731047366,2.0371332885989206,0.7322263529353377,1.9728162548017876,1.5480969123136106,1.5147553363508786,1.5480969123136106,112.14780772799999
ENSG00000136237,RAPGEF5,protein_coding,1.8199820103921933,0.6487513800324214,1.6940551303016025,1.2669353097226979,2.140116586756697,1.5139680834411222,1.6940551303016025,35.63103205133333
ENSG00000117318,ID3,protein_coding,1.411442884235587,2.00981991138077,0.7338470066375375,2.459051396668478,0.9507055634570083,1.5129733524758762,1.411442884235587,7135.2697395333325
ENSG00000122986,HVCN1,protein_coding,1.678673015947405,1.4413298060488913,1.6935367656991267,0.9204621983475008,1.8044140464600376,1.5076831665005923,1.678673015947405,36.39592664933333
ENSG00000101605,MYOM1,protein_coding,0.5733657619567305,0.09357554942765667,2.4383485544402586,2.354907693404402,2.0625280268370485,1.5045451172132194,2.0625280268370485,230.83539029333332
ENSG00000091651,ORC6,protein_coding,2.015334302830852,1.6393496520011661,1.0399510730908235,0.8607345512579458,1.9633755746221517,1.5037490307605879,1.6393496520011661,67.38796672666668
ENSG00000151491,EPS8,protein_coding,1.2267494448797667,1.6539998220547325,2.2381303981044596,1.5732166575997546,0.7896270489924238,1.4963446743262274,1.5732166575997546,2862.635712666667
ENSG00000134057,CCNB1,protein_coding,1.3941838905967527,2.174989232233475,0.29469967413433906,1.7095250066115497,1.9036039731417667,1.4954003553435766,1.7095250066115497,417.34903185333326
ENSG00000267774,AC010776.2,lncRNA,2.152387327722048,2.4959224704806147,0.9486171687689935,0.9991567767130816,0.8517459445445432,1.4895659376458563,0.9991567767130816,6.876696071533333
ENSG00000136869,TLR4,protein_coding,0.977627158628076,1.3643538814031437,2.513416272901324,1.4272010336328673,1.159494204899369,1.4884185102929561,1.3643538814031437,1076.9260467733334
ENSG00000162804,SNED1,protein_coding,1.2649120584365994,1.2325474937870062,1.5309028380059022,1.8801501655319344,1.5317501654185435,1.488052544235997,1.5309028380059022,222.11243654866666
ENSG00000226674,TEX41,lncRNA,1.934525805301344,2.171328674306,1.5065982207549973,1.166202215232338,0.6573108366696991,1.4871931504528757,1.5065982207549973,20.669371291
ENSG00000249937,LINC02223,lncRNA,1.1033584930715474,1.5880472259182938,2.612464070435462,1.9937545818810691,0.13388416410593607,1.4863017070824618,1.5880472259182938,6.584431935733334
ENSG00000132623,ANKEF1,protein_coding,1.7439098481287312,1.7598564712008509,0.3870513364253956,2.156780284362336,1.3765548142202206,1.4848305508675068,1.7439098481287312,73.62142524199999
ENSG00000100490,CDKL1,protein_coding,1.6513171792031658,1.1876187864576417,1.5695283202428163,2.1687182348234453,0.8345587530903193,1.4823482547634776,1.5695283202428163,105.29609997666667
ENSG00000169047,IRS1,protein_coding,1.2157556162350147,1.9373887968167463,1.6576481935157101,2.0862134000225474,0.5041825691957147,1.4802377151571466,1.6576481935157101,1062.6409992666665
ENSG00000146670,CDCA5,protein_coding,1.46304935842638,1.7224387466546505,0.6678295367282887,1.058931121166041,2.4844510018571437,1.4793399529665008,1.46304935842638,66.961093616
ENSG00000161281,COX7A1,protein_coding,1.6921831175796571,1.1597299037395352,2.278872163648777,1.1931951221729333,1.063694217182844,1.4775349048647493,1.1931951221729333,242.6945561806667
ENSG00000246523,FZD4-DT,lncRNA,2.198810044470553,0.3499045137238874,0.8290309376346634,1.631905587048059,2.3482990065902922,1.4715900178934909,1.631905587048059,9.706348487466666
ENSG00000091831,ESR1,protein_coding,0.7766906725765104,0.7667391206903513,1.2197340924546936,3.8658820273386616,0.7242226504830529,1.470653712708654,0.7766906725765104,11.2282337648
ENSG00000259673,IQCH-AS1,lncRNA,1.595014956172987,0.8226090608466876,3.0217473101485943,1.4050818444853546,0.48675764725765447,1.4662421637822556,1.4050818444853546,48.90927039133333
ENSG00000092445,TYRO3,protein_coding,0.7882760160952182,2.312481573834372,1.6448070969131248,2.162614651702273,0.4195106355509033,1.4655379948191782,1.6448070969131248,214.76608305666664
ENSG00000253958,CLDN23,protein_coding,0.8883191052273167,1.3409305702899479,2.1597402922006292,2.549672167378624,0.38828490528570914,1.4653894080764454,1.3409305702899479,11.964969597400001
ENSG00000233836,AC139769.1,transcribed_unprocessed_pseudogene,0.6402915116363395,0.9125817000721663,3.88688521559589,0.6914758539608172,1.193977134321322,1.465042283117307,0.9125817000721663,8.2509088654
ENSG00000140525,FANCI,protein_coding,1.586544254681666,1.9152129329191228,0.49161612732986804,1.6165473414242362,1.7014446799492218,1.4622730672608228,1.6165473414242362,175.94916369866667
ENSG00000141232,TOB1,protein_coding,0.9698359075609053,0.9324640946589282,2.564310597202126,1.9185012709954457,0.9259689778601761,1.4622161696555163,0.9698359075609053,309.13029486
ENSG00000197653,DNAH10,protein_coding,2.5787624385091035,0.4163087901181366,2.319138376180976,0.07930927219469663,1.916901316703535,1.4620840387412894,1.916901316703535,10.202176390666668
ENSG00000137965,IFI44,protein_coding,1.473937232010269,2.1725858967909177,0.4558491224780461,1.623561314359863,1.5788930504460499,1.4609653232170292,1.5788930504460499,128.23088900733333
ENSG00000213976,AC010615.1,unprocessed_pseudogene,1.7609042018826258,0.6672411913075629,1.688323061373463,1.2526142977467076,1.916901316703535,1.4571968138027789,1.688323061373463,9.809085770666666
ENSG00000165490,DDIAS,protein_coding,1.6919139447554907,1.7629629357948362,0.8219697252036138,1.4399249530626896,1.557884004238412,1.4549311126110083,1.557884004238412,34.625186535333334
ENSG00000184785,SMIM10,protein_coding,1.494855358862364,1.3506996680324308,1.4706183378098023,1.331385024200097,1.6157565958271798,1.452662996946375,1.4706183378098023,102.89786128933332
ENSG00000231566,LINC02595,lncRNA,1.4655435147212152,1.8496617995707654,3.301183286522,0.5712215042937103,0.05162441369665016,1.4478469037608683,1.4655435147212152,20.79508316933333
ENSG00000115935,WIPF1,protein_coding,1.1604920035832862,1.1138799250678648,1.5036881622923248,2.0817004059242716,1.371391126634391,1.4462303247004278,1.371391126634391,424.82836728666666
ENSG00000174028,FAM3C2P,processed_pseudogene,0.17512087924043396,2.9600244008106067,1.5191364624609012,1.7740533549806603,0.8013950627712232,1.445946032052765,1.5191364624609012,284.85140516600006
ENSG00000138061,CYP1B1,protein_coding,1.8120321055339463,0.2812298852919337,1.2421141051166344,1.1282692440533442,2.7648388751916055,1.4456968430374928,1.2421141051166344,14166.702386066663
ENSG00000228158,TLE1P1,processed_pseudogene,0.8757533207305865,0.31668834088735887,5.171726996722819,0.5129499554124908,0.3489969846919414,1.4452231196890395,0.5129499554124908,11.680192457600004
ENSG00000134243,SORT1,protein_coding,1.5304868421961118,1.6990742200359907,0.5957781695527196,1.9527772883499708,1.4475454858932455,1.4451324012056077,1.5304868421961118,5250.6801214
ENSG00000003402,CFLAR,protein_coding,1.1841445390943282,1.6946276895704013,1.7599483605309736,1.601611112622324,0.9843873989279182,1.444943820149189,1.601611112622324,2226.446242706667
ENSG00000170145,SIK2,protein_coding,1.490603863909298,1.1802146645823992,1.5496129715290898,1.4876416944557533,1.4843253010610677,1.4384796991075217,1.4876416944557533,762.6126549133334
ENSG00000164124,TMEM144,protein_coding,1.0096192147113072,1.4326398240404883,1.3961592611238824,1.8368149171140518,1.5039559860145086,1.4358378406008476,1.4326398240404883,71.41910208200001
ENSG00000173085,COQ2,protein_coding,1.0182224417627852,1.9522503423771127,1.3879247613106012,1.4646695449991336,1.3517511278644143,1.4349636436628095,1.3879247613106012,168.14607394466665
ENSG00000221869,CEBPD,protein_coding,1.1508343016767935,0.9884931113260791,2.73226516755412,1.5947745812819,0.7076159385022169,1.4347966200682218,1.1508343016767935,2366.794104073334
ENSG00000179761,PIPOX,protein_coding,0.8883191052273167,0.5872613627727197,2.9187296934739786,1.4681269547954785,1.310969713583689,1.4346813659706366,1.310969713583689,9.6619180372
ENSG00000125257,ABCC4,protein_coding,1.2288221916624131,1.5213003227744757,1.4084747319338593,1.703733464336878,1.3100232612483627,1.4344707943911978,1.4084747319338593,754.3903244066667
ENSG00000140403,DNAJA4,protein_coding,1.778630803948296,1.3160094447749815,1.17741765725075,1.9782113751736077,0.9206265115985994,1.434179158549247,1.3160094447749815,56.42766572313334
ENSG00000273983,H3C8,protein_coding,2.6444348220107177,1.36142839299702,0.38469116838797746,0.4354313140210202,2.340314777854843,1.4332600950543157,1.36142839299702,64.7942492498
ENSG00000115290,GRB14,protein_coding,0.0639603512986966,1.5923000738917277,3.156233583574042,1.2381745709549978,1.0968139752966208,1.429496511003217,1.2381745709549978,17.3246166816
ENSG00000160712,IL6R,protein_coding,1.0069258402342722,0.2976769963881418,2.841052604463363,1.6485771428719609,1.352326553486579,1.4293118274888634,1.352326553486579,35.53130523733333
ENSG00000148426,PROSER2,protein_coding,1.8244898039439743,0.645137110311004,2.658394836146054,0.7240221766638557,1.2612727853440289,1.4226633424817834,1.2612727853440289,112.49055046333335
ENSG00000125864,BFSP1,protein_coding,0.38824752204697077,2.0204356235772734,1.6177128965268763,1.9833887127612666,1.1024914957897858,1.4224552501404344,1.6177128965268763,63.80488762133334
ENSG00000166681,BEX3,protein_coding,1.0497852707896858,1.797114722197188,1.4928221728372435,1.6606408122577179,1.110051868425142,1.4220829693013954,1.4928221728372435,2079.0714350000003
ENSG00000286522,H3C2,protein_coding,1.8257172750216286,1.480089627019658,0.9511188510039243,0.7879469199935176,2.0584135992333543,1.4206572544544165,1.480089627019658,318.4836827146667
ENSG00000076706,MCAM,protein_coding,0.06542645031630556,2.1078931067745277,2.3098204260436255,1.8565150552665717,0.7552049632030364,1.4189720003208133,1.8565150552665717,13484.348671533333
ENSG00000173210,ABLIM3,protein_coding,1.6418353052166044,1.7425302679633319,1.7440167471640473,1.2968653999500352,0.6660033068739128,1.4182502054335864,1.6418353052166044,233.30958516399997
ENSG00000093009,CDC45,protein_coding,1.8156190815825375,1.9741619337720802,0.6077318976073744,1.3016056635459483,1.376229086330854,1.415069532567759,1.376229086330854,34.822115112
ENSG00000185885,IFITM1,protein_coding,2.0949100596968364,0.5244359241979719,1.9662917137877791,0.8923925109224591,1.5876299200074913,1.4131320257225075,1.5876299200074913,79.96033891599998
ENSG00000171444,MCC,protein_coding,0.7208649520535921,1.6598756194333149,1.286541361851664,2.068284402233445,1.3219915927853343,1.41151158567147,1.3219915927853343,476.34589716666665
ENSG00000116117,PARD3B,protein_coding,1.8497999389160444,1.0391926423977198,1.4656678462397181,1.1001648122371392,1.5935665971506365,1.4096783673882516,1.4656678462397181,400.7015745466667
ENSG00000267102,AC060766.1,transcribed_processed_pseudogene,0.8090567965829312,1.3540860273020972,1.825879817465446,1.1536445365673291,1.9007445767620115,1.408682350935963,1.3540860273020972,36.288821926
ENSG00000167513,CDT1,protein_coding,2.498376513377517,1.159365780686246,0.29084800830558954,0.7289636256137468,2.353669884202419,1.4062447624371037,1.159365780686246,27.77873147066667
ENSG00000127955,GNAI1,protein_coding,0.5783390011551024,0.8858778467366193,3.2998005285797767,1.4214593668777145,0.8436248322776585,1.4058203151253743,0.8858778467366193,802.9173291000001
ENSG00000185650,ZFP36L1,protein_coding,1.7363859426337793,0.7852783810439234,2.152864328221656,1.7234453060683839,0.6033246838979558,1.4002597283731397,1.7234453060683839,443.9601536333333
ENSG00000059377,TBXAS1,protein_coding,0.04414494946586123,2.33563773951776,1.7519102489869676,0.8650640263823481,2.0043605229883785,1.4002234974682632,1.7519102489869676,17.4990092064
ENSG00000237978,KCNMB2-AS1,lncRNA,0.6629329024513688,0.1452223454957169,4.3268505179485865,1.3177913360385254,0.5437614208800143,1.3993117045628423,0.6629329024513688,9.820393607466668
ENSG00000176890,TYMS,protein_coding,1.8935511973953751,1.6757335769859916,0.3499659473545922,1.0768672668550083,1.999893271798956,1.3992022520779845,1.6757335769859916,63.58101941266667
ENSG00000179604,CDC42EP4,protein_coding,0.4679344655172102,2.3317121596369095,1.8889086392748906,2.303307198612992,0.0026589212480079283,1.398904276858002,1.8889086392748906,594.5097911133333
ENSG00000249740,OSMR-AS1,lncRNA,1.1441040091514707,1.135541505871605,1.7519102489869676,1.3434787803936876,1.6169857549864837,1.398404059878043,1.3434787803936876,15.239999644266668
ENSG00000254319,AC246817.2,lncRNA,0.9620563717048332,2.9220091752353525,1.2715722657057529,1.2223406600949163,0.6112707186648927,1.3978498382811495,1.2223406600949163,8.543357932266666
ENSG00000166912,MTMR10,protein_coding,0.9744321407752015,1.6839297229137289,1.6155928383027032,1.8718400785198543,0.8397805424606579,1.3971150645944292,1.6155928383027032,601.7816474866667
ENSG00000183856,IQGAP3,protein_coding,1.4875959867476825,2.0207439084734204,0.05137290441981879,1.3941596185950562,2.0230419251718663,1.3953828686815688,1.4875959867476825,136.56718501600002
ENSG00000182796,TMEM198B,transcribed_unitary_pseudogene,1.6485334804569334,2.140323778494226,0.5477982037968232,2.2387641007812533,0.3979243097444538,1.394668774654738,1.6485334804569334,65.0900152
ENSG00000161800,RACGAP1,protein_coding,0.9348315527695492,2.4665708991711943,0.3541912399475251,1.677858283410921,1.5258300356096113,1.39185640218176,1.5258300356096113,414.02052670000006
ENSG00000166900,STX3,protein_coding,0.3758022151900686,0.14487462154241637,5.457703875529207,0.5342669188107241,0.43886781006359143,1.3903030882272014,0.43886781006359143,507.88598486133327
ENSG00000089685,BIRC5,protein_coding,1.0687570295407705,2.111935464585125,0.17133895619524608,2.07602842373659,1.5159937441202338,1.388810723635593,1.5159937441202338,223.882584028
ENSG00000067177,PHKA1,protein_coding,1.3962397906338397,1.697325860033387,1.4340915061930897,1.4390498850837874,0.9592148044912152,1.3851843692870638,1.4340915061930897,250.07458447333332
ENSG00000214595,EML6,protein_coding,1.56089651812343,0.4906040138223551,2.811553863513329,1.6614962113533003,0.4004191684671934,1.3849939550559216,1.56089651812343,9.768794126866668
ENSG00000197381,ADARB1,protein_coding,1.45810173108055,0.6259294353952551,1.8656100203825634,1.4079880367762136,1.5621623524750223,1.3839583152219208,1.45810173108055,2794.0262790400006
ENSG00000099260,PALMD,protein_coding,1.2693043991731408,1.0973904186564134,1.0897218112051723,2.0022779759943523,1.4600457914128118,1.383748079288378,1.2693043991731408,69.57417469866667
ENSG00000134531,EMP1,protein_coding,1.0122977752958349,2.165334326129484,1.6962794022173693,1.333518639593036,0.7077668749437347,1.3830394036358917,1.333518639593036,2244.72238376
ENSG00000166035,LIPC,protein_coding,2.5156934153034722,0.14729755559484925,1.688323061373463,1.5712488570721515,0.9921799750836282,1.3829485728855129,1.5712488570721515,13.428472383733332
ENSG00000242600,MBL1P,transcribed_unitary_pseudogene,0.526908039336969,1.7802642513337732,0.4620175192764697,2.1914174582867822,1.938805285553487,1.3798825107574963,1.7802642513337732,11.686997132533333
ENSG00000131781,FMO5,protein_coding,0.5959634110904544,2.537097425917307,0.2690061298894748,2.0839890986791962,1.4118837866463432,1.3795879704445553,1.4118837866463432,32.424639022466664
ENSG00000258168,AC025569.1,lncRNA,1.8916109819423257,0.7211358042910079,0.4122801419669533,2.2672581856974925,1.5895934390631963,1.3763757105921952,1.5895934390631963,13.839385587
ENSG00000111052,LIN7A,protein_coding,1.1231364182843047,1.024479389997687,1.0488422166017415,2.3886131295063118,1.2966121109365032,1.3763366530653096,1.1231364182843047,474.7595018200001
ENSG00000143507,DUSP10,protein_coding,0.17903278829025915,0.659205784070183,4.213761181450446,1.004134368549467,0.8082639719993185,1.3728796188719348,0.8082639719993185,835.4485098600001
ENSG00000165480,SKA3,protein_coding,1.9791330496905033,1.8308582950128258,0.5686837351361405,1.1085789960262318,1.3692607436014894,1.3713029638934382,1.3692607436014894,43.994975136666675
ENSG00000189129,PLAC9,protein_coding,1.5311017737805575,0.602420155219928,1.9979374785874615,0.9689945729879295,1.7514644989426813,1.3703836959037115,1.5311017737805575,434.77812008800004
ENSG00000278934,AC117489.1,TEC,0.07860290013108306,1.1620440004401429,0.8290309376346634,3.9977438450598113,0.7751377202949707,1.3685118807121341,0.8290309376346634,11.303132732066667
ENSG00000272894,MIOS-DT,lncRNA,0.3708065688584692,1.6875089743674492,2.4319318493241058,2.2845897564351287,0.06421562328178831,1.367810554453388,1.6875089743674492,19.5266757256
ENSG00000279608,AL353795.3,TEC,0.5412485313905426,0.06958575101851361,3.0316416664889383,2.916645498330232,0.2704920213933595,1.3659226937243172,0.5412485313905426,14.473034715999999
ENSG00000251600,AC107223.1,lncRNA,0.3530560008291568,2.29932327303245,1.4834527606252368,2.475254201553981,0.21789669123316147,1.3657965854547975,1.4834527606252368,5.0402995968
ENSG00000166394,CYB5R2,protein_coding,1.014974281950861,1.5014688861045373,1.4746572278127141,1.5933962881438255,1.2174712779978218,1.3603935924019521,1.4746572278127141,37.0426390482
ENSG00000164604,GPR85,protein_coding,0.9009356905482848,1.2984476866453711,1.3548747380246757,2.3705629942719826,0.8711332344229223,1.3591908687826473,1.2984476866453711,116.69491470666665
ENSG00000143228,NUF2,protein_coding,1.8808918701996018,1.6075499090587995,0.7639224801355313,1.1822472200541387,1.3565350520556212,1.3582293063007385,1.3565350520556212,53.09138731066666
ENSG00000168917,SLC35G2,protein_coding,0.5865761516655477,1.4291253882178827,2.7258025379150608,1.2242018491434452,0.8110156502156025,1.3553443154315077,1.2242018491434452,212.7123012553333
ENSG00000121005,CRISPLD1,protein_coding,2.212262164127025,0.16929466995352094,0.6326860501817917,1.159557672646736,2.5946769368375655,1.3536954987493277,1.159557672646736,148.084072778
ENSG00000025423,HSD17B6,protein_coding,1.601090946000598,0.1892096975518216,0.6029299993304287,2.0318932985086002,2.3388843830271853,1.3528016648837267,1.601090946000598,85.47042773399998
ENSG00000231764,DLX6-AS1,lncRNA,0.5806181280790064,1.5217031107600967,1.0897218112051723,2.6390859522409125,0.9322997271808937,1.3526857458932162,1.0897218112051723,80.35106382933333
ENSG00000164611,PTTG1,protein_coding,1.4066029295301634,1.6760405348619623,0.8562396205107037,1.505065825214385,1.3144237709087196,1.3516745362051867,1.4066029295301634,157.94595173466666
ENSG00000124575,H1-3,protein_coding,1.9668419940601338,0.7682594158604852,0.8095372072942366,1.1443121453522966,2.058557530204843,1.349501658554399,1.1443121453522966,49.36368909333333
ENSG00000281376,ABALON,lncRNA,1.555109726095142,1.3409305702899479,2.195713274767752,0.03904084339167957,1.6139337509912406,1.3489456331071523,1.555109726095142,5.8257601225333335
ENSG00000166033,HTRA1,protein_coding,0.8946760574675441,0.5679399671834613,2.7075920271224128,1.431197298808078,1.1403347682144371,1.3483480237591867,1.1403347682144371,17363.228472266666
ENSG00000287255,AC007877.1,lncRNA,0.954167685659109,1.5752611272023027,2.427773555115731,1.3280859750818959,0.4431020903396363,1.3456780866797349,1.3280859750818959,5.517260998799999
ENSG00000137942,FNBP1L,protein_coding,1.1671643180296023,1.337304525717963,1.2517056310973107,1.7607129059929836,1.1967405202514403,1.34272558021786,1.2517056310973107,827.9908577733335
ENSG00000225790,AC007953.1,lncRNA,3.1924429430965153,0.2535247953021016,1.417426147918286,0.4306413233089792,1.4151810172515895,1.3418432453754943,1.4151810172515895,9.70531574
ENSG00000111331,OAS3,protein_coding,2.3998104594634935,1.1146307020540247,1.3809120367992578,0.1223228754622201,1.6847388161682675,1.340482977989453,1.3809120367992578,25.266497691933335
ENSG00000196787,H2AC11,protein_coding,1.6779867426905932,1.1974346010497303,1.2594544395885396,0.7408613566824993,1.818588988547135,1.3388652257116995,1.2594544395885396,262.664219382
ENSG00000119969,HELLS,protein_coding,1.5290728636211792,0.967133627556553,1.4273825414072485,1.1920772160310982,1.5720947671089567,1.3375522031450071,1.4273825414072485,81.109823822
ENSG00000116667,C1orf21,protein_coding,0.455609841932497,2.5158883499648805,1.1660150511328862,1.8827546244856004,0.6620318019433595,1.3364599338918448,1.1660150511328862,514.5628345399999
ENSG00000151117,TMEM86A,protein_coding,0.8398020786090568,2.0411662494737275,0.021798476587755466,2.145563943356974,1.6307623791049135,1.3358186254264854,1.6307623791049135,45.657387449999995
ENSG00000108176,DNAJC12,protein_coding,1.3802272773577946,0.18164519670834434,1.9667289028136343,1.1443121453522966,2.002866386963939,1.3351559818392018,1.3802272773577946,34.380567231266674
ENSG00000234456,MAGI2-AS3,lncRNA,1.3327800947696034,0.9811567275422313,1.5451831326946426,1.59302002073081,1.203508475842014,1.3311296903158603,1.3327800947696034,913.9689286600002
ENSG00000157214,STEAP2,protein_coding,1.0138004406492103,0.8681618293367102,0.22612483690663243,2.3903458396176784,2.153936258102452,1.3304738409225367,1.0138004406492103,268.0289393240001
ENSG00000224080,UBE2FP1,processed_pseudogene,0.7708025720279483,1.3045757184470652,3.4127949058708626,0.8280823951976033,0.3336721953772952,1.3299855573841548,0.8280823951976033,15.216019001466666
ENSG00000176208,ATAD5,protein_coding,1.429073150586075,1.5437298058495714,0.8367086659791427,1.0997837469596243,1.7304221850902612,1.327943510892935,1.429073150586075,26.65213718366666
ENSG00000114270,COL7A1,protein_coding,1.5341045838092349,2.3649568573713813,0.028120954206794835,1.4202930961916955,1.2695812132136215,1.3234113409585455,1.4202930961916955,586.5581311333333
ENSG00000089123,TASP1,protein_coding,1.1982647441829535,1.5402865135818473,1.4599722732510845,1.5078751888808943,0.907206678109894,1.3227210796013347,1.4599722732510845,176.691304554
ENSG00000215861,AC245297.1,transcribed_unprocessed_pseudogene,1.2274847632157826,1.2747782314242526,1.9227550052515934,1.0061350663588087,1.1776054073569915,1.3217516947214858,1.2274847632157826,143.8110911186667
ENSG00000151778,SERP2,protein_coding,0.9752300664143769,1.6309145862417864,1.3787487456794931,0.6001608436937147,2.0193246495589006,1.3208757783176543,1.3787487456794931,37.75698200946667
ENSG00000188610,FAM72B,protein_coding,1.555109726095142,0.8617800527541808,1.4834527606252368,1.010110413286261,1.6835793150260931,1.3188064535573827,1.4834527606252368,5.446307591066667
ENSG00000212402,SNORA74B,snoRNA,0.2216035951098494,0.55826820749812,2.9407934530579602,1.1749294831645347,1.6973218808427415,1.3185833239346412,1.1749294831645347,289.92320068000004
ENSG00000120832,MTERF2,protein_coding,1.864323613345447,1.8114140778910128,0.2545378398288882,1.944686195928516,0.7069766957942143,1.3163876845576157,1.8114140778910128,134.94140509399998
ENSG00000267745,AC060766.6,lncRNA,0.9752300664143769,0.307380949110474,1.3313225638947905,2.5454242870869668,1.4164501350394212,1.315161600309206,1.3313225638947905,23.439399380333334
ENSG00000275131,PDE4DIPP2,transcribed_unprocessed_pseudogene,1.3655046361337817,1.1524657397105162,1.2790527403196874,1.7227401187943405,1.0550561332331307,1.3149638736382914,1.2790527403196874,249.08365535599998
ENSG00000230832,SSBL4P,processed_pseudogene,0.6013002200325128,1.36798159700563,0.6848985005984503,3.269269825406106,0.650817843189996,1.314853597246539,0.6848985005984503,8.938829164866666
ENSG00000170745,KCNS3,protein_coding,1.4423176444590151,0.2531524826961329,2.070925667394847,0.8924242612707154,1.909485764051027,1.3136611639743474,1.4423176444590151,45.049623389999994
ENSG00000166825,ANPEP,protein_coding,2.349226036470272,0.9502651222696823,0.8598583722196818,0.7384190991090875,1.6585999586991917,1.3112737177535831,0.9502651222696823,1035.7700588333335
ENSG00000276012,AL160153.1,lncRNA,0.938439515701516,1.4261632806639195,1.2415524717655817,1.9210865290654926,1.0249169558783722,1.3104317506149763,1.2415524717655817,46.82447928733333
ENSG00000164418,GRIK2,protein_coding,1.5907928757076277,0.709200652026583,0.9816012063860304,1.80887259231792,1.4610582383062958,1.3103051129488914,1.4610582383062958,85.72165862339999
ENSG00000161618,ALDH16A1,protein_coding,1.3057969679549712,1.2891106870365885,1.7272788177004905,1.0868477961058858,1.1274946059954853,1.3073057749586843,1.2891106870365885,261.55436697333334
ENSG00000155011,DKK2,protein_coding,1.9929096040519179,1.2451564321806394,1.8817514180975254,0.8014900275397485,0.5915743071014874,1.3025763577942637,1.2451564321806394,16.07754133486667
ENSG00000137767,SQOR,protein_coding,1.7404630704817317,0.49980492816225386,1.9835906402529124,0.7969331201644962,1.485669698175446,1.3012922914473681,1.485669698175446,259.86504808
ENSG00000035499,DEPDC1B,protein_coding,0.9841675074514686,1.0863509585585347,1.31785701781076,1.5941407249749506,1.520405553108862,1.300584352380915,1.31785701781076,19.494037482266666
ENSG00000085276,MECOM,protein_coding,1.0664761322669278,1.2896636150788519,1.5344172828006872,1.4642370440383594,1.1470620009481465,1.3003712150265945,1.2896636150788519,389.58581838
ENSG00000250511,AC098798.1,lncRNA,1.2857047275252969,2.181140705369341,0.6848985005984503,1.595768978645637,0.752528137215589,1.3000082098708627,1.2857047275252969,8.3364410686
ENSG00000118690,ARMC2,protein_coding,1.3490224430042215,1.057447850695679,1.7491649155668751,1.0417876294395132,1.2976265309217734,1.2990098739256124,1.2976265309217734,59.852458560666676
ENSG00000108556,CHRNE,protein_coding,0.2246321293630813,1.401643650078582,1.3452141483800064,0.6622003068546256,2.851174285652807,1.2969729040658204,1.3452141483800064,16.679981399266666
ENSG00000138193,PLCE1,protein_coding,1.406369887570298,0.9703592830998193,0.4222640035412448,1.9764500966151886,1.7057002237208572,1.2962286989094816,1.406369887570298,399.95343856000005
ENSG00000009413,REV3L,protein_coding,0.7055168030700152,1.127588665505563,2.07872396901956,1.6324825356370045,0.9196640171249939,1.2927951980714272,1.127588665505563,1376.55143494
ENSG00000137285,TUBB2B,protein_coding,0.2191407369455538,1.0634266406803237,3.6510535333854293,0.32536498177459183,1.1942428898874313,1.290645756534666,1.0634266406803237,135.37252653333334
ENSG00000104490,NCALD,protein_coding,0.7679946326416927,1.9734411377038859,0.9042563603535179,1.9470997408763093,0.8526846241980728,1.2890952991546958,0.9042563603535179,45.98444550773334
ENSG00000177076,ACER2,protein_coding,0.6843744678581754,0.19210667386022262,2.660579673498897,0.833962769086309,2.0741584110856084,1.2890363990778426,0.833962769086309,22.896269834733335
ENSG00000164109,MAD2L1,protein_coding,1.0934165564030822,0.816285902324708,1.8636561402292235,1.4968384535762889,1.1721479535258528,1.2884690012118312,1.1721479535258528,141.50434713866667
ENSG00000102393,GLA,protein_coding,0.9400404431021743,0.9989578341713923,2.424201002592473,0.8041338921469761,1.2682219450897314,1.2871110234205494,0.9989578341713923,318.4971840266666
ENSG00000213853,EMP2,protein_coding,1.4256669636357557,1.1334158040537172,0.8879228132243071,1.759330878847777,1.2241906033076955,1.2861054126138505,1.2241906033076955,1282.87676752
ENSG00000134802,SLC43A3,protein_coding,1.7776520511752905,1.1263265217714116,0.08686948307237952,1.0297766913241002,2.396729525255223,1.283470854519681,1.1263265217714116,92.95099882466667
ENSG00000147509,RGS20,protein_coding,1.2987206219088545,0.6865620576044518,1.8817514180975254,1.3177913360385254,1.2283042814698932,1.28262594302385,1.2987206219088545,19.663929489466668
ENSG00000157399,ARSL,protein_coding,1.091308430494971,1.8949202826496885,1.218157196707656,1.5378096350963055,0.6690165560596251,1.2822424202016491,1.218157196707656,42.85710415533333
ENSG00000154556,SORBS2,protein_coding,0.975877070653155,1.536064685172633,1.3138755656216343,1.6475530297795462,0.9377699951767404,1.2822280692807417,1.3138755656216343,1589.4660901333336
ENSG00000226328,NUP50-DT,lncRNA,0.44452477249348377,1.0170981998668882,3.1423484106115707,0.88650903128653,0.9074258968373154,1.2795812622191576,0.9074258968373154,146.13320664066669
ENSG00000060237,WNK1,protein_coding,1.3206360402225208,1.048440713788315,1.2903518034709283,1.872468266739867,0.8414018059788244,1.2746597260400911,1.2903518034709283,2497.5378435866664
ENSG00000260708,AL118516.1,lncRNA,1.2149807246199247,0.7068733208958871,3.208024728929283,0.09529200915893643,1.1426074842713274,1.2735556535750718,1.1426074842713274,14.004574605533334
ENSG00000074416,MGLL,protein_coding,0.793156090665601,1.8773275827448472,2.1458069280641947,0.8756401806821064,0.66883803472955,1.27215376337726,0.8756401806821064,1075.8206042666668
ENSG00000164087,POC1A,protein_coding,1.7756784076947483,1.1990826379072752,0.5841519545934908,1.1849096047259797,1.614286516011827,1.2716218241866641,1.1990826379072752,48.12402902133333
ENSG00000276410,H2BC3,protein_coding,0.5160758173885887,1.0682474493700802,1.4386516398379312,0.8186309976052346,2.506310473777976,1.2695832755959622,1.0682474493700802,104.53205704826665
ENSG00000213514,AL731556.1,processed_pseudogene,0.7405211812527872,0.7476470254079346,2.167802619695943,2.3051064279039237,0.3858244756849971,1.269380345989117,0.7476470254079346,11.494478002333334
ENSG00000115425,PECR,protein_coding,0.5869428263500343,1.623277013675021,1.5333286357904505,1.4463723029165525,1.1539564942117018,1.268775454588752,1.4463723029165525,112.97935871600001
ENSG00000133104,SPART,protein_coding,1.2831559113995574,0.302463836270082,2.9014329080134136,0.9382135280226489,0.9167292815811727,1.268399093057375,0.9382135280226489,1854.8863845466667
ENSG00000130962,PRRG1,protein_coding,0.769606062953768,1.7983135681713769,1.3778656117664996,1.5658684523260487,0.82725602255924,1.2677819435553865,1.3778656117664996,538.6428786533332
ENSG00000042493,CAPG,protein_coding,0.7381404361238761,1.3315227539574561,1.6928950981703625,1.8113667533697129,0.7527972226042987,1.2653444528451412,1.3315227539574561,786.6891746066667
ENSG00000167995,BEST1,protein_coding,1.1146598573658135,1.3606637870287042,1.7981616266157223,0.48073566277026014,1.5671831664591336,1.2642808200479267,1.3606637870287042,122.45777231000002
ENSG00000069869,NEDD4,protein_coding,0.5656854009717698,1.383631579614022,2.321818353725817,1.3086824123582321,0.737749683506788,1.2635134860353259,1.3086824123582321,3111.7829898
ENSG00000185222,TCEAL9,protein_coding,0.7044862011185149,1.301768344424179,1.9797186550488597,1.3070636292806999,1.01922176369699,1.2624517187138486,1.301768344424179,1391.4366430266668
ENSG00000029993,HMGB3,protein_coding,0.6268841698250576,1.622496745807526,1.5599995022527269,1.355567396157383,1.145622081434686,1.2621139790954758,1.355567396157383,327.36253654
ENSG00000119927,GPAM,protein_coding,2.141275972177949,0.4021585881054701,1.331240917669648,1.8808599589628372,0.5533841298094746,1.261783913345076,1.331240917669648,1561.8614138333335
ENSG00000069849,ATP1B3,protein_coding,0.3245058304859665,2.4731577639252116,1.915371071937912,1.349154347747044,0.24421444963594752,1.2612806927464164,1.349154347747044,1638.9828643133335
ENSG00000279569,AC020763.4,TEC,1.1452827494474223,1.1149873875775995,0.8707063641046582,2.222733616896997,0.9403956225793717,1.2588211481212097,1.1149873875775995,17.18153226986666
ENSG00000174899,SLC66A1L,transcribed_unitary_pseudogene,0.47008326129580613,0.4829402989258744,2.3930967212863856,1.386721696016882,1.5582478016064893,1.2582179558262876,1.386721696016882,49.89091972133333
ENSG00000124006,OBSL1,protein_coding,1.1728706114428888,1.4100754737471597,1.450473459527121,1.5225093337944138,0.7315847809942184,1.2575027319011602,1.4100754737471597,1014.90743276
ENSG00000287024,AL022162.1,lncRNA,0.44719525478809263,2.110039273364311,1.2715722657057529,1.6021541019637695,0.8497929697510407,1.2561507731145933,1.2715722657057529,5.262109739066667
ENSG00000188906,LRRK2,protein_coding,0.6290406903423147,1.3524376575785642,1.3977779945922872,1.6646337801384448,1.2327821276124924,1.2553344500528207,1.3524376575785642,88.34192499866666
ENSG00000144362,PHOSPHO2,protein_coding,0.6629329024513688,2.0638804640391504,1.193147138951474,1.453898311760954,0.8970342157974844,1.2541786066000864,1.193147138951474,21.913836007666667
ENSG00000103044,HAS3,protein_coding,0.1648693424149119,0.2846988936037249,1.1699237929672925,4.000674628843587,0.6375492471729789,1.251543181000499,0.6375492471729789,120.15974476666665
ENSG00000287067,AC106791.3,transcribed_processed_pseudogene,1.9001239220127681,0.5001893771455004,2.612464070435462,1.1539740206814533,0.08212868215487257,1.2497760144860113,1.1539740206814533,10.581782505666666
ENSG00000152527,PLEKHH2,protein_coding,0.7900085288209819,0.5792575441676755,2.2894150367099853,1.6617195849585977,0.9229003477077855,1.2486602084730052,0.9229003477077855,49.787101258
ENSG00000099139,PCSK5,protein_coding,1.3553750422846376,0.9637208691338772,1.3102490705774121,1.4504578308606204,1.150197084863267,1.245999979543963,1.3102490705774121,172.1960396226667
ENSG00000171817,ZNF540,protein_coding,0.7766906725765104,1.8697982668413147,0.4814009468989022,1.8379708796335152,1.2586861088916925,1.2449093749683873,1.2586861088916925,17.543577105866667
ENSG00000106571,GLI3,protein_coding,1.1319364517012414,0.8943813033453099,1.511628933512772,2.225049990954173,0.4497385303013335,1.242547041962966,1.1319364517012414,108.06251806200001
ENSG00000185271,KLHL33,protein_coding,1.2864434174253563,1.2434923864767244,0.2690061298894748,1.9937545818810691,1.4131790096007077,1.2411751050546667,1.2864434174253563,6.405955670200001
ENSG00000163017,ACTG2,protein_coding,1.7375685805169345,2.5369485570264416,0.01714345336077283,1.2064214586898734,0.7038499689773285,1.2403864037142702,1.2064214586898734,238.3889518186667
ENSG00000128944,KNSTRN,protein_coding,1.2414602921125049,1.920825689225401,0.22967246193436086,1.1062324594589228,1.6805029540951324,1.2357387713652643,1.2414602921125049,337.0821305400001
ENSG00000010278,CD9,protein_coding,0.7308535295594432,1.7095249489207172,2.5866116517455415,0.8823875277401054,0.2629074459217673,1.234457020777515,0.8823875277401054,170.90541681133334
ENSG00000169026,SLC49A3,protein_coding,1.7972610994482947,1.1489758879805816,1.5220414539972555,1.0723992366160813,0.6309004809773473,1.2343156318039121,1.1489758879805816,66.07861459933333
ENSG00000166803,PCLAF,protein_coding,2.4628851514066414,0.4930294999373652,0.7114415155591942,0.8278477644095323,1.67627930173788,1.2342966466101228,0.8278477644095323,30.40248181786667
ENSG00000112312,GMNN,protein_coding,0.4934449996997845,1.8509144362735528,0.9471475219453982,1.3526998159465258,1.522776619690231,1.2333966787110984,1.3526998159465258,111.007770162
ENSG00000167323,STIM1,protein_coding,0.8109632554868895,0.8241986599271058,2.2222957436168436,1.2502267904017792,1.0550753584024637,1.2325519615670164,1.0550753584024637,941.2822842999999
ENSG00000109705,NKX3-2,protein_coding,0.861624188323054,1.4065883080006651,0.4620175192764697,1.5153285513291035,1.916901316703535,1.2324919767265654,1.4065883080006651,14.929001503
ENSG00000203999,LINC01270,lncRNA,1.956010431209326,1.4327454177111516,0.2690061298894748,0.4030677211411757,2.094147153879024,1.2309953707660306,1.4327454177111516,13.497685258333336
ENSG00000138741,TRPC3,protein_coding,0.6402915116363395,1.8903241403079731,1.417426147918286,1.5712488570721515,0.6266642636662216,1.2291909841201942,1.417426147918286,6.007083036199999
ENSG00000028137,TNFRSF1B,protein_coding,1.3462278211011007,2.3862001963595296,0.6630907105545587,0.5289355955623538,1.2203538332828927,1.228961631372087,1.2203538332828927,48.60294302313333
ENSG00000185339,TCN2,protein_coding,1.4280786468174158,1.3906905022423217,1.9608616591579713,0.17688292543680184,1.182584999404126,1.2278197466117273,1.3906905022423217,62.54035954533333
ENSG00000169604,ANTXR1,protein_coding,0.7552020838569753,0.7864176795723363,1.3456646804520673,2.1874878078349695,1.0628555401601307,1.2275255583752958,1.0628555401601307,2574.5286447999997
ENSG00000165030,NFIL3,protein_coding,1.1629987954525998,1.1899942236107393,3.02324476329264,0.5447633378480656,0.21423622305761647,1.2270474686523323,1.1629987954525998,605.3558905066667
ENSG00000138385,SSB,protein_coding,0.6875764267557418,1.6334979386324893,1.640238894450265,1.3828541302618795,0.7905131756820403,1.226936113156483,1.3828541302618795,1795.7931890133334
ENSG00000174371,EXO1,protein_coding,1.4931141612571466,1.0247900640635654,0.6583831982161099,0.8900128794057043,2.0631420552179263,1.2258884716320906,1.0247900640635654,46.065166429333324
ENSG00000102384,CENPI,protein_coding,1.101995365464762,1.8655419101721442,0.2898851040506223,1.2801846070459746,1.591204279221821,1.2257622531910648,1.2801846070459746,81.94757588866668
ENSG00000112096,SOD2,protein_coding,0.6741111375090032,1.0266253493247728,2.4584192287472604,0.8348871606992159,1.11066516304283,1.2209416078646165,1.0266253493247728,3528.230687933333
ENSG00000177738,AC025171.1,lncRNA,1.458900036731876,0.8535193846110705,1.5538776005494936,1.4009170033213563,0.8288174787966325,1.2192063008020857,1.4009170033213563,32.81097573226667
ENSG00000178752,ERFE,protein_coding,0.19202841693539918,0.7405677404331721,2.225428364529877,2.473897558397358,0.4635633415519109,1.2190970843695434,0.7405677404331721,27.273955579733332
ENSG00000134824,FADS2,protein_coding,0.49216760211933064,1.8400371911886744,1.241501559771029,2.136124149333943,0.37405755380324024,1.2167776112432436,1.241501559771029,2715.552465866667
ENSG00000119977,TCTN3,protein_coding,0.9405427205348502,1.3472324462514127,1.311347424813576,1.0300790465982033,1.446268461591206,1.2150940199578497,1.311347424813576,955.2007445533333
ENSG00000165802,NSMF,protein_coding,0.9440313679389352,2.063485623676197,0.9347109838289409,1.36860458187771,0.7627853556789397,1.2147235826001446,0.9440313679389352,688.9884868400001
ENSG00000165887,ANKRD2,protein_coding,1.2857047275252969,0.3567809823292083,0.9486171687689935,3.015308865842434,0.46451441314797093,1.2141852315227806,0.9486171687689935,5.426822806733332
ENSG00000091409,ITGA6,protein_coding,1.6921175505112167,0.8552971668525338,1.2521133948744554,1.4841905406357903,0.7851498739097611,1.2137737053567514,1.2521133948744554,567.5871211933334
ENSG00000166347,CYB5A,protein_coding,0.9126967162224258,1.32376377159774,1.3327516431952962,0.9975156004402841,1.5018392194420649,1.2137133901795623,1.32376377159774,499.0032609933333
ENSG00000204851,PNMA8B,protein_coding,0.6361366281031993,0.8841916190030754,1.2197340924546936,0.8278477644095323,2.5002383506096515,1.2136296909160305,0.8841916190030754,17.174029475933335
ENSG00000179862,CITED4,protein_coding,1.5634827285203388,1.2300827681434008,1.2641640222318342,0.7448815109654756,1.2609309880266046,1.2127084035775308,1.2609309880266046,34.97026449846667
ENSG00000171552,BCL2L1,protein_coding,1.4907771001756522,1.3937044110527559,1.8569012162006722,0.3936756885967423,0.9242494583601832,1.2118615748772013,1.3937044110527559,866.5566125866667
ENSG00000138031,ADCY3,protein_coding,1.6101688823875904,0.9064751371185702,1.775453387996535,0.4684090023153713,1.287879880978088,1.209677258159231,1.287879880978088,455.55359944
ENSG00000229368,AC090587.1,lncRNA,0.6922834047184949,0.7577705180581784,1.050484769332868,1.555272744469077,1.9806155984839613,1.207285407012516,1.050484769332868,13.0039920132
ENSG00000119042,SATB2,protein_coding,0.949865402409996,1.0550148338839893,1.9780422808414304,1.4616089417386195,0.5901496303349063,1.2069362178417884,1.0550148338839893,631.3174075333333
ENSG00000129116,PALLD,protein_coding,1.090625577063225,0.7998508581103252,1.5032058553996546,1.8391429677589546,0.7800735339463927,1.2025797584557103,1.090625577063225,8306.239764666667
ENSG00000278771,RN7SL3,misc_RNA,1.1280512251089085,1.2782387572679994,1.8434523168990022,0.8746631188084759,0.8704853695337125,1.1989781575236198,1.1280512251089085,21922.972409133334
ENSG00000120158,RCL1,protein_coding,0.9838782744435042,1.8041421018417552,1.36442241724348,0.8091829390684362,1.0321869206638876,1.1987625306522127,1.0321869206638876,138.400389734
ENSG00000132970,WASF3,protein_coding,0.29612619288115205,1.4703476499067403,1.8084640494265738,1.546766506974885,0.8687066988256174,1.1980822196029937,1.4703476499067403,734.4808803333334
ENSG00000186470,BTN3A2,protein_coding,1.6883856892775828,1.3792184263782277,0.1691141632580786,1.398834362362206,1.3480513911796965,1.1967208064911583,1.3792184263782277,188.89788810933337
ENSG00000136895,GARNL3,protein_coding,0.3530560008291568,0.9917669739722537,1.417426147918286,1.7184395624874742,1.5024233331643284,1.1966224036742998,1.417426147918286,8.877330053866666
ENSG00000112769,LAMA4,protein_coding,0.83744974996082,0.4449832099003448,1.6745396567463455,1.9627277172774011,1.0631375593010421,1.1965675786371908,1.0631375593010421,3754.657897
ENSG00000105639,JAK3,protein_coding,1.8134323777949604,0.5684862439241929,0.8974309475851605,1.632017114614805,1.0655283682184145,1.1953790104275066,1.0655283682184145,77.939568504
ENSG00000258445,MAD2L1P1,processed_pseudogene,0.4653577219082341,2.4686777184341846,2.1790238008695093,0.31154020779921376,0.5494557981482449,1.1948110494318773,0.5494557981482449,6.004893790866666
ENSG00000103404,USP31,protein_coding,0.29707441485877784,1.5289248481399307,2.137908259828552,1.9890752586020897,0.019439152365988477,1.1944843867590678,1.5289248481399307,212.08397844000004
ENSG00000256043,CTSO,protein_coding,0.8791836329770195,0.9085682699170796,1.8827597859484877,1.0987403994722271,1.2025445497389455,1.1943593276107518,1.0987403994722271,318.07736217999997
ENSG00000105854,PON2,protein_coding,0.7972979284552792,1.0220699592036553,1.5443935091165013,1.645964624701481,0.9518743260944067,1.1923200695142646,1.0220699592036553,1777.87068102
ENSG00000135951,TSGA10,protein_coding,2.933338781861438,0.4698675321882275,1.6442881279668184,0.42881839234394725,0.482409509726506,1.1917444688173875,0.482409509726506,22.168169650600003
ENSG00000185480,PARPBP,protein_coding,1.3827346684780855,1.046979155103081,1.00030373096903,1.3981786741504054,1.1262480160273807,1.1908888489455964,1.1262480160273807,83.55931710799999
ENSG00000274641,H2BC17,protein_coding,0.8844997451817562,1.3935191228929424,0.9629115968941431,0.9116032752945236,1.7993320707784166,1.1903731622083564,0.9629115968941431,114.683243772
ENSG00000137501,SYTL2,protein_coding,1.1550615221727565,0.5328316569320402,1.126628497215001,1.5168644311040298,1.6194430712141248,1.1901658357275904,1.1550615221727565,349.22614780000004
ENSG00000271270,TMCC1-AS1,lncRNA,1.1855096779274525,1.269870905584531,0.4814009468989022,0.8889385835184509,2.125063016005575,1.1901566259869825,1.1855096779274525,31.3983443204
ENSG00000008226,DLEC1,protein_coding,1.0608757593755045,0.968020121433826,1.417426147918286,1.7273562629916681,0.7723546120223865,1.1892065807483343,1.0608757593755045,5.802694014333334
ENSG00000158023,CFAP251,protein_coding,1.002390521271991,1.515644187924699,1.6534789833233647,1.1101653688297048,0.6620734269430972,1.1887504976585714,1.1101653688297048,80.90301366199998
ENSG00000087086,FTL,protein_coding,1.2254513578475503,0.04064419756517346,2.153407200116394,0.9438684730562592,1.5758791323252463,1.1878500721821248,1.2254513578475503,32060.762260666666
ENSG00000226564,FTH1P20,processed_pseudogene,1.5933584855220682,0.6565218219492284,1.4110518109453616,0.4988137839153932,1.7751899885522988,1.1869871781768702,1.4110518109453616,58.78415287186667
ENSG00000170802,FOXN2,protein_coding,0.579099145429562,0.8271903759263939,2.6296144011515974,1.535187606612718,0.3469326727421205,1.1836048403724784,0.8271903759263939,495.12285218
ENSG00000162840,MT2P1,processed_pseudogene,2.477854041111736,0.9715110901433937,0.21367040337495435,0.6768725927393042,1.5657606435483364,1.181133754183545,0.9715110901433937,63.76200460666667
ENSG00000167487,KLHL26,protein_coding,0.5225041542231184,0.9755743379729269,2.9643154449823585,0.7822786946721259,0.6582910676336517,1.1805927398968363,0.7822786946721259,78.15545042133334
ENSG00000242715,CCDC169,protein_coding,1.1441040091514707,1.27975322522303,2.319138376180976,1.0517055869232506,0.10579342232817757,1.1800989239613808,1.1441040091514707,10.973507120066667
ENSG00000156802,ATAD2,protein_coding,1.11719998616869,1.2725714882092118,1.2973653475089026,0.8868246649660909,1.3205677299056076,1.1789058433517006,1.2725714882092118,345.0590884066667
ENSG00000232973,CYP1B1-AS1,lncRNA,0.9481017582163389,0.6183648644228672,1.5151646886458368,0.9464052729502921,1.8629548370880178,1.1781982842646705,0.9481017582163389,57.957317014
ENSG00000234975,FTH1P2,processed_pseudogene,1.4912684805059637,1.0803190155082767,1.3520827576045669,0.7354091130448248,1.2192362170053057,1.1756631167337876,1.2192362170053057,193.14605435
ENSG00000110328,GALNT18,protein_coding,0.8813748983630054,0.8844355093650673,0.6708335646446626,1.5829559555511992,1.858625379533187,1.1756450614914242,0.8844355093650673,216.88464445933337
ENSG00000173175,ADCY5,protein_coding,0.7106315059701398,2.364651120110608,1.4834527606252368,1.1748150056194362,0.1347662943229775,1.1736633373296796,1.1748150056194362,11.424661881533334
ENSG00000237499,WAKMAR2,lncRNA,1.6448258378020317,1.7560320356067725,1.3809120367992578,0.901025319111934,0.18457208990856344,1.173473463845712,1.3809120367992578,15.992859638133332
ENSG00000106780,MEGF9,protein_coding,1.379604835610122,0.7092684865368195,0.8472309499164545,1.832934105740554,1.0897305539967705,1.1717537863601442,1.0897305539967705,430.60224337999995
ENSG00000196781,TLE1,protein_coding,0.21942602446052994,0.6759677066240135,3.2678133773329465,1.5238948186277446,0.1705245655890435,1.1715252985268556,0.6759677066240135,261.38955666000004
ENSG00000260668,AC093536.1,processed_pseudogene,0.3530560008291568,0.7970189572678774,1.6924241513769855,1.7557617104643914,1.2576652982732486,1.171185223642332,1.2576652982732486,11.256849676799998
ENSG00000237945,LINC00649,lncRNA,1.7985404741381497,0.4926514773399786,1.9449216383739625,1.010110413286261,0.599125793321428,1.169069959291956,1.010110413286261,11.3403870976
ENSG00000137135,ARHGEF39,protein_coding,1.505214547673455,0.9253135638351595,0.733016456892837,1.1996654382387968,1.4708741255308508,1.1668168264342198,1.1996654382387968,11.567095569000001
ENSG00000151725,CENPU,protein_coding,1.1975977873390988,1.7632009159285653,0.16112848129440405,1.386721696016882,1.3210002071854055,1.1659298175528712,1.3210002071854055,80.984135246
ENSG00000180385,EMC3-AS1,transcribed_unprocessed_pseudogene,0.763365085833148,0.34780621023641345,1.050484769332868,1.9313814730728294,1.730174272958664,1.1646423622867847,1.050484769332868,16.5264333442
ENSG00000174564,IL20RB,protein_coding,1.703349773318254,0.5429420976445005,1.6364067244808034,1.135569745038925,0.7988986543504923,1.163433398966595,1.135569745038925,36.671764536
ENSG00000183722,LHFPL6,protein_coding,1.2098083667321209,0.9809313679852387,1.5694904186291723,0.7398351701838628,1.3095700849146912,1.1619270816890173,1.2098083667321209,1717.78684776
ENSG00000175564,UCP3,protein_coding,0.07860290013108306,0.011710467549508552,3.1411186336221877,0.7611838579799175,1.815092075336561,1.1615415869238515,0.7611838579799175,7.023121691533333
ENSG00000071967,CYBRD1,protein_coding,0.897714085522674,0.7518072713169985,1.7417693717803715,1.3064783367540116,1.089311878508676,1.1574161887765464,1.089311878508676,5085.467118133334
ENSG00000164318,EGFLAM,protein_coding,0.5595356194117409,1.7862628608865112,0.26335589734585163,1.6632258802877784,1.5128034302696607,1.1570367376403086,1.5128034302696607,174.492753302
ENSG00000277224,H2BC7,protein_coding,1.2866643537574625,0.7180743026210434,1.3897328620107405,0.5396731931806817,1.844881803199807,1.155805302953947,1.2866643537574625,48.280330099333334
ENSG00000198542,ITGBL1,protein_coding,0.7951201912838517,0.9652294346599835,1.3281714853680455,1.6057170754557077,1.0792998570140515,1.154707608756328,1.0792998570140515,14006.854658133332
ENSG00000099860,GADD45B,protein_coding,1.2374602836438484,0.28101403715174555,2.7430700176281437,0.06726809369304654,1.4425752141057817,1.154277529244513,1.2374602836438484,2165.6974519200003
ENSG00000279118,AC093535.2,TEC,1.768604094130338,0.09884316328867815,0.18012956712763195,1.781000503228527,1.928868742059362,1.1514892139669075,1.768604094130338,74.88081150466668
ENSG00000172123,SLFN12,protein_coding,0.8849130149194391,0.7814676319049143,1.8497141941825914,0.9616943852131454,1.277870668986293,1.1511319790412766,0.9616943852131454,329.50614926000003
ENSG00000178104,PDE4DIP,protein_coding,1.444141292819241,0.7647075004081518,0.8782886930970584,1.5903013014938931,1.0688882767105206,1.1492654129057729,1.0688882767105206,2032.2839345866666
ENSG00000064989,CALCRL,protein_coding,0.2246321293630813,0.4529098396122331,1.825879817465446,1.8943141056781734,1.3477947119306704,1.149106120809921,1.3477947119306704,38.441959442
ENSG00000189045,ANKDD1B,protein_coding,0.7766906725765104,1.1307919594305624,2.9987494150604945,0.3940904646059691,0.4403010154233611,1.1481247054193795,0.7766906725765104,13.463204697133332
ENSG00000123388,HOXC11,protein_coding,1.1465317261342491,1.1091279249320056,1.3452141483800064,1.0186293429757916,1.115478144092414,1.1469962573028933,1.115478144092414,32.70979752466667
ENSG00000280047,AC091825.3,TEC,0.5788740758372404,1.5944532833374412,1.022937292738363,1.7048309063249398,0.8294864200128367,1.1461163956501643,1.022937292738363,16.6384266646
ENSG00000279289,AL136164.3,TEC,1.170652556272152,0.6234201870474063,1.2653034231595348,2.5454242870869668,0.1159457274183362,1.1441492361968792,1.170652556272152,17.7385316412
ENSG00000254109,RBPMS-AS1,lncRNA,0.7216483554861663,0.4441766867616419,1.022937292738363,1.9892380632615159,1.5141518176940227,1.138430443188342,1.022937292738363,17.0532762572
ENSG00000141338,ABCA8,protein_coding,0.9975900846753643,1.3214679446187176,1.8648462383261943,1.0231315499259797,0.48478937490005514,1.1383650384892623,1.0231315499259797,630.94203678
ENSG00000205572,SERF1B,protein_coding,0.8883191052273167,1.8006535328293614,0.6848985005984503,0.4425492986544737,1.8724027786398536,1.1377646431898911,0.8883191052273167,5.3362120714
ENSG00000171533,MAP6,protein_coding,1.1850366246514055,1.7468189406242534,0.7153388256031477,1.1242565207210138,0.9148665944330361,1.1372635012065713,1.1242565207210138,186.30791245933332
ENSG00000163738,MTHFD2L,protein_coding,0.4899160317842952,1.700127284629354,1.9449286780060469,1.126645487537533,0.4230966164798051,1.1369428196874067,1.126645487537533,134.58573490933333
ENSG00000126561,STAT5A,protein_coding,0.48602806245842434,1.5993436248287125,1.388915919637415,1.7208865573428431,0.48114704790340035,1.135264242434159,1.388915919637415,185.56633474733337
ENSG00000175066,GK5,protein_coding,1.0890231415473277,1.2705458388386681,0.3284337938722306,1.8395309587765194,1.1439611029832086,1.1342989672035908,1.1439611029832086,681.1208033933334
ENSG00000111247,RAD51AP1,protein_coding,1.0725319083542573,1.5610740343371203,0.3906802202203892,1.0314071995007676,1.6131927849464525,1.1337772294717974,1.0725319083542573,47.58999523733333
ENSG00000267370,AC008752.3,unprocessed_pseudogene,1.0559497662513126,0.22225692103676664,0.4814009468989022,2.835637871345915,1.068060636787782,1.1326612284641357,1.0559497662513126,13.075451137466667
ENSG00000259345,AC013652.1,lncRNA,0.9510553353295013,0.44116002190511683,1.1022804139233564,0.9551926362022218,2.212927458072418,1.1325231730865228,0.9551926362022218,270.6763196186667
ENSG00000235358,AC093151.2,lncRNA,2.042186800336831,0.18771037897780785,2.612464070435462,0.4155648343388285,0.40222180315985145,1.1320295774497562,0.4155648343388285,5.929712161
ENSG00000169902,TPST1,protein_coding,0.7078428155874832,0.6717634653730862,1.8742043509223745,1.4760265746852852,0.9249494433291616,1.1309573299794782,0.9249494433291616,1138.4513733466665
ENSG00000155754,C2CD6,protein_coding,0.7559586052538059,1.0821123631100242,2.0414433117123902,0.9686185902385542,0.8044753059395982,1.1305216352508745,0.9686185902385542,130.67834699466667
ENSG00000173221,GLRX,protein_coding,0.7796278857719994,1.1842281544992037,1.3660394887188474,1.316270068530752,0.9973169449651085,1.1286965084971823,1.1842281544992037,553.5090736466666
ENSG00000123562,MORF4L2,protein_coding,0.5808664806892256,1.470139264621265,1.5737216460966774,1.0637396385243676,0.9463140083009112,1.1269562076464894,1.0637396385243676,9689.269897933335
ENSG00000187994,RINL,protein_coding,0.01894593086141061,0.4795833078262568,2.766888175674157,0.28392491390350116,2.0832156001165654,1.126511585676378,0.4795833078262568,48.5410048168
ENSG00000139974,SLC38A6,protein_coding,0.8209058392360005,0.8481341236341349,1.4467910028681068,1.6364440514330685,0.8676602386802861,1.1239870511703194,0.8676602386802861,152.10725829999998
ENSG00000156384,SFR1,protein_coding,1.3676692396083965,0.6671688507444422,1.5386893833080366,1.27833605631771,0.7665335810892522,1.1236794222135675,1.27833605631771,72.67963229066667
ENSG00000086289,EPDR1,protein_coding,0.5959723284621088,0.35140985881592357,1.7189114552831093,0.6920130281969037,2.25722276106731,1.1231058863650711,0.6920130281969037,1016.1964099666667
ENSG00000178718,RPP25,protein_coding,0.3259056010471486,1.033409739035938,2.9308647742849256,0.40429149865591185,0.899583482120291,1.118811019028843,0.899583482120291,43.17135873866666
ENSG00000167216,KATNAL2,protein_coding,0.19202841693539918,1.6143457516087807,0.8707063641046582,1.9041524833858268,1.0116297500206706,1.118572553211067,1.0116297500206706,23.022410161200003
ENSG00000077254,USP33,protein_coding,0.1174785154528184,1.4447443468509817,1.7090428455358158,2.0799237441211726,0.23521782134657876,1.1172814546614735,1.4447443468509817,1871.0574271066664
ENSG00000114098,ARMC8,protein_coding,0.9254410568696549,1.1426699632488582,1.745038979738565,0.8586027201424429,0.9063777679720886,1.115626097594322,0.9254410568696549,902.3236370133333
ENSG00000135362,PRR5L,protein_coding,1.1471892188076547,1.035182636893988,1.0071140039485993,0.8038864753684987,1.579307638867089,1.114535994777166,1.035182636893988,359.0512991333333
ENSG00000170017,ALCAM,protein_coding,0.4930768308086346,1.2872458342774529,1.6647096638332552,1.8149419483160774,0.2987244259266628,1.1117397406324165,1.2872458342774529,13143.60457446667
ENSG00000226742,HSBP1L1,protein_coding,1.0378709438139673,0.9863870823740468,2.1621492292479987,0.7208330368034499,0.6441140979073596,1.1102708780293644,0.9863870823740468,170.96427514266668
ENSG00000116663,FBXO6,protein_coding,0.8910086516032916,0.9368886773190894,1.3500041984624938,0.9083092065924188,1.4572263838288633,1.1086874235612314,0.9368886773190894,92.37543338866665
ENSG00000169379,ARL13B,protein_coding,0.6779830451938755,0.16691241511456578,2.8048688849032457,1.1042594849599885,0.7818326450427646,1.107171295042888,0.7818326450427646,248.73534910666666
ENSG00000130988,RGN,protein_coding,0.4653577219082341,1.2859571540144614,1.079627704004924,1.790751808033506,0.8960719705526334,1.1035532717027519,1.079627704004924,29.305083477333337
ENSG00000123219,CENPK,protein_coding,0.6476872879832687,1.1742950408121482,1.009089373938055,1.6791764909839015,1.006989580661914,1.1034475548758576,1.009089373938055,63.00073309866666
ENSG00000259065,AC005520.2,lncRNA,0.19595272333838887,2.0121290167863224,1.6924241513769855,1.1483552203774954,0.4567737785486372,1.101126978085566,1.1483552203774954,14.092624042866666
ENSG00000163072,NOSTRIN,protein_coding,1.1366221930164455,3.479669082296941,0.0893250450301939,0.6023786927432031,0.19599850020361598,1.1007987026580799,0.6023786927432031,7.244324004666667
ENSG00000153930,ANKFN1,protein_coding,1.9175630294819639,0.4983784629990806,0.10241624209161859,1.814572600943547,1.1672782870467988,1.1000417245126015,1.1672782870467988,25.510222127466665
ENSG00000064225,ST3GAL6,protein_coding,0.34901176095248587,1.3580223385315469,0.7979872823358911,1.962160828997337,1.0326736099681009,1.0999711641570724,1.0326736099681009,28.556730644733328
ENSG00000163602,RYBP,protein_coding,0.6648417729157643,0.7900054427830536,2.111520227993976,1.2194791721056406,0.6989160768310594,1.096952538525899,0.7900054427830536,732.3226928933333
ENSG00000114346,ECT2,protein_coding,1.0673727785313147,1.1026265495379963,1.141731403294683,0.7724486659997538,1.3817409759935035,1.0931840746714503,1.1026265495379963,477.39541290666665
ENSG00000233654,AC108047.1,lncRNA,0.6402915116363395,0.9490480317057242,2.5019788978062687,0.9037061007694724,0.4636184225235116,1.0917285928882632,0.9037061007694724,9.717020206199999
ENSG00000271707,ATP1B3P1,processed_pseudogene,1.2495956099807426,0.6324031446413048,1.7965190566005234,0.9129289849988869,0.8477844707163493,1.0878462533875615,0.9129289849988869,19.955206898933334
ENSG00000203722,RAET1G,protein_coding,0.44719525478809263,1.289507426745796,1.1769719871431747,1.6119483683095006,0.9116476392419948,1.0874541352457119,1.1769719871431747,17.607094161666666
ENSG00000184357,H1-5,protein_coding,1.7417661380680487,1.3701759996926803,0.08309981059484883,0.3989262443027677,1.840488219540732,1.0868912824398156,1.3701759996926803,430.89651352733324
ENSG00000267095,AC025048.1,lncRNA,0.6826483291277903,2.7241570317005954,0.8290309376346634,0.46016219270051617,0.7285920831892148,1.084918114870556,0.7285920831892148,7.7687179286666685
ENSG00000174705,SH3PXD2B,protein_coding,0.7793146508667892,1.714117798900972,1.0539458757411708,1.3217627628898168,0.5471853931402126,1.0832652963077922,1.0539458757411708,1714.8498293533335
ENSG00000174010,KLHL15,protein_coding,0.051292557238411085,0.6053370852547966,3.7103128099316987,0.9522945169181583,0.09601059076145724,1.0830495120209043,0.6053370852547966,348.73383184
ENSG00000153721,CNKSR3,protein_coding,0.7564952444759028,0.978228174331683,1.645650072131125,1.3972707251737928,0.6335021526607658,1.082229273754654,0.978228174331683,121.37951191533334
ENSG00000141429,GALNT1,protein_coding,0.960979186898463,0.6232540034314535,1.0149706409703327,1.560947675059479,1.2406949927546975,1.0801692998228851,1.0149706409703327,13334.136510333334
ENSG00000198807,PAX9,protein_coding,0.4653577219082341,0.056394147541456,0.8290309376346634,0.9226515179230952,3.1069969518891396,1.0760862553793176,0.8290309376346634,6.173202633733333
ENSG00000229337,AC079305.2,lncRNA,2.3047327288068327,0.694254892864496,1.9834576015446528,0.33783553251099097,0.05449283158377938,1.0749547174621503,0.694254892864496,9.120046646266669
ENSG00000101849,TBL1X,protein_coding,0.8127174353484676,1.3516360072456672,0.8417880147841483,1.5436374316797625,0.8179010402663698,1.0735359858648832,0.8417880147841483,345.51646468
ENSG00000117632,STMN1,protein_coding,0.9429115991307384,1.6222665826457874,0.40866646809367424,1.366103387700349,1.022648717597674,1.0725193510336446,1.022648717597674,542.9790956933334
ENSG00000267469,AC005944.1,lncRNA,0.3530560008291568,1.6713697524336062,1.688323061373463,0.5827387156376944,1.066653315790274,1.072428169212839,1.066653315790274,6.4604495653333345
ENSG00000197140,ADAM32,protein_coding,0.5367296441632625,0.4607322147289423,2.9593926202736114,0.47281464697086495,0.9294102355609066,1.0718158723395175,0.5367296441632625,70.36730385333334
ENSG00000023171,GRAMD1B,protein_coding,1.5167421902869487,0.5494753331845308,0.5232287878772652,1.542505892015293,1.22668729564311,1.0717278998014295,1.22668729564311,279.0392996133333
ENSG00000184220,CMSS1,protein_coding,0.9127916403577965,1.36945106208809,1.39093926431714,0.9728390897081134,0.700193939310684,1.0692429991563648,0.9728390897081134,323.51967125333334
ENSG00000179859,RNF227,protein_coding,0.8670165640521619,0.04065975898780749,2.7577757982861852,0.3534720108350964,1.325981634473882,1.0689811533270266,0.8670165640521619,48.286618307333335
ENSG00000162194,LBHD1,protein_coding,0.1911940500149294,1.7884516600291471,2.4652029353672757,0.3563562796849453,0.5423224617428746,1.0687054773678344,0.5423224617428746,36.096084360666666
ENSG00000225697,SLC26A6,protein_coding,0.9893273019230673,1.5241254726694908,0.2373381612659511,1.1762801993232896,1.411024609473686,1.0676191489310969,1.1762801993232896,350.1716103333334
ENSG00000204381,LAYN,protein_coding,1.016511329339437,1.1447743343603136,1.2229594066284228,0.25192929230010996,1.6978570116942233,1.0668062748645013,1.1447743343603136,1306.55462132
ENSG00000124635,H2BC11,protein_coding,0.563134968324591,0.6129099719109945,2.0381408498062736,0.29077699769671117,1.8273132818417226,1.0664552139160586,0.6129099719109945,229.505497566
ENSG00000213347,MXD3,protein_coding,0.2662855015291177,1.4228291075092407,1.0230284134391683,1.062905135651973,1.557060290414519,1.0664216897088037,1.062905135651973,67.738758656
ENSG00000133794,ARNTL,protein_coding,0.7193904384050205,0.8996145159325399,2.6576702155557967,0.5334986361949543,0.5173214830322594,1.0654990578241141,0.7193904384050205,283.42120787333334
ENSG00000236824,BCYRN1,scRNA,0.8538790341205438,1.2333745649718608,1.5817004027738566,0.14583757035723544,1.5125579425431646,1.0654699029533323,1.2333745649718608,25.89453154006667
ENSG00000080007,DDX43,protein_coding,0.648678804580733,0.14171385737381836,1.9621662674017726,2.0307877615622774,0.5421799651276773,1.0651053312092558,0.648678804580733,25.120737684933335
ENSG00000106772,PRUNE2,protein_coding,0.19708034611601022,1.8813986193228338,0.45398335739566775,2.1838575915239336,0.6083867643361494,1.064941335738919,0.6083867643361494,2466.75792134
ENSG00000287985,AC073270.2,lncRNA,0.6402915116363395,0.026508458353482922,2.9187296934739786,0.48887419914783936,1.2497717219279276,1.0648351169079135,0.6402915116363395,6.214928070866666
ENSG00000198612,COPS8,protein_coding,0.7010292892145102,1.063751697195503,1.7374032164027575,0.973655581378992,0.83563276810278,1.0622945104589085,0.973655581378992,1431.8387567666666
ENSG00000232442,MHENCR,lncRNA,1.3745976603255143,0.6476580597448645,1.158275603435877,0.38995041183807366,1.738845180694988,1.0618653832078635,1.158275603435877,14.407932364933334
ENSG00000248610,HSPA8P4,processed_pseudogene,0.5590511364227932,0.7624084852447988,2.040476461661955,1.1193223148493825,0.8280499076071561,1.0618616611572171,0.8280499076071561,25.487764654133333
ENSG00000170921,TANC2,protein_coding,1.3787383848670416,0.6864970247251545,1.4354790978409238,1.0532860343889663,0.7551155793054338,1.061823224225504,1.0532860343889663,999.5163631399998
ENSG00000146859,TMEM140,protein_coding,1.2076900296155033,0.4568395442912472,1.6331127906548426,0.8223881427924535,1.1827047612985533,1.06054705373052,1.1827047612985533,55.56071570000001
ENSG00000181804,SLC9A9,protein_coding,0.031915499192679775,1.143276191599174,0.29565054988823114,1.4684608169457807,2.3549185705096645,1.0588443256271058,1.143276191599174,48.747704428000006
ENSG00000278463,H2AC4,protein_coding,1.1108800345665575,0.7874452023871523,1.1669603602126184,0.778999489957501,1.4405197012569664,1.0569609576761592,1.1108800345665575,93.8460452
ENSG00000105419,MEIS3,protein_coding,0.9276284459648165,0.8800662442880194,1.723600258298693,0.283390220781202,1.4663912980483165,1.0562152934762095,0.9276284459648165,186.18497165066668
ENSG00000170498,KISS1,protein_coding,1.2495956099807426,1.2502451132804153,0.19186578058125825,0.6428715701176344,1.9419810513812976,1.0553118250682698,1.2495956099807426,15.363045414399998
ENSG00000229321,AC008269.1,lncRNA,0.8538790341205438,0.45768521988009736,1.8817514180975254,0.9226515179230952,1.1584526940603084,1.054883976816314,0.9226515179230952,15.983915711066667
ENSG00000179119,SPTY2D1,protein_coding,0.5855165159556801,0.6773025789038822,1.7188318585724929,1.3868269247436196,0.9047504797610806,1.0546456715873511,0.9047504797610806,1083.30556728
ENSG00000254337,AC083967.1,lncRNA,1.2857047275252969,0.28977338559055577,1.2715722657057529,1.5712488570721515,0.854112532003564,1.054482353579464,1.2715722657057529,5.8698153488
ENSG00000143217,NECTIN4,protein_coding,0.6922834047184949,1.9377088658554402,1.2197340924546936,1.3177913360385254,0.10090316792206577,1.0536841733978441,1.2197340924546936,5.852026332133334
ENSG00000079150,FKBP7,protein_coding,0.5612497499392592,0.9196447273332673,1.1751922916637678,1.7018584036697835,0.9059623863102404,1.0527815117832637,0.9196447273332673,457.78295160666664
ENSG00000160190,SLC37A1,protein_coding,1.7696251074248242,0.7954332943346252,0.8302018593016571,0.3053209936382171,1.5625719298274658,1.052630636905358,0.8302018593016571,28.536686946333337
ENSG00000139344,AMDHD1,protein_coding,1.3326578935252673,1.0419860079512202,0.9486171687689935,0.18171476800263564,1.7554101993774864,1.0520772075251206,1.0419860079512202,7.564053868666665
ENSG00000058091,CDK14,protein_coding,0.994946114801003,0.9034510131535463,1.3528295296487727,1.221281175218989,0.7833412319096791,1.051169812946398,0.994946114801003,993.78963016
ENSG00000165804,ZNF219,protein_coding,0.9863948555235238,0.5807370482229537,1.8337096668070156,0.6777799602501382,1.1709645246147522,1.0499172110836767,0.9863948555235238,182.7026237633333
ENSG00000111321,LTBR,protein_coding,1.1022813244745784,1.1450712010178563,1.313427793026328,0.6437049737647733,1.0432909974809945,1.0495552579529062,1.1022813244745784,1489.9939716000001
ENSG00000103942,HOMER2,protein_coding,0.26480005843162324,1.1969999444241335,0.9490435771803742,2.4156739520425994,0.4167500042794625,1.0486535072716385,0.9490435771803742,491.6365008133333
ENSG00000116771,AGMAT,protein_coding,2.0733691560999885,1.0993084267285873,0.29084800830558954,0.7440593098911146,1.0270898240767652,1.046934945020409,1.0270898240767652,29.665371182999998
ENSG00000254708,MMADHCP2,processed_pseudogene,2.483924369588236,0.8871567376850353,1.2197340924546936,0.0907211819486391,0.5437614208800143,1.0450595605113238,0.8871567376850353,5.116755935066667
ENSG00000177640,CASC2,lncRNA,0.7577319759362355,1.2447168100011599,1.166093382972591,0.652247402901442,1.4017199965000855,1.0445019136623028,1.166093382972591,23.99083035413333
ENSG00000272841,MAP3K4-AS1,lncRNA,0.16965329040875954,1.3896671691417612,0.5533085286895414,1.5996910329193073,1.507711849561871,1.044006374144248,1.3896671691417612,49.02405096266667
ENSG00000231312,MAP4K3-DT,lncRNA,0.8832125644564499,0.4676388020367055,1.3756553120605197,1.2306816061077992,1.2613552869277491,1.0437087143178447,1.2306816061077992,139.35694463266665
ENSG00000138182,KIF20B,protein_coding,0.8499027869638232,1.3578510145012617,0.035034445528346225,1.4590942833810248,1.5135508218028262,1.0430866704354564,1.3578510145012617,177.60027323599996
ENSG00000166801,FAM111A,protein_coding,1.3284279761070987,1.0098904094102839,0.5732151945039412,1.0613222640240432,1.2410723387829323,1.0427856365656598,1.0613222640240432,321.79382739333334
ENSG00000287080,H3C3,protein_coding,0.9258168665644728,1.150085540270256,0.7615565276619956,0.35419715059694123,2.009888632636896,1.0403089435461124,0.9258168665644728,167.14000538066665
ENSG00000170088,TMEM192,protein_coding,0.6025967504001049,0.40013457746034575,1.8440892073153794,1.851243666726826,0.503194478150851,1.0402517360107013,0.6025967504001049,419.8953040133334
ENSG00000158966,CACHD1,protein_coding,0.2696174866633321,1.26410683538671,1.505984757982052,1.4081116029136709,0.7491524797321834,1.0393946325355896,1.26410683538671,189.66301737
ENSG00000177688,SUMO4,protein_coding,1.2149807246199247,1.0669704223559549,0.0893250450301939,2.7704056827157304,0.05449283158377938,1.0392349412611168,1.0669704223559549,5.611442166466667
ENSG00000123505,AMD1,protein_coding,0.28303890621615224,1.1073175882692698,2.501867870175017,0.7048984800794607,0.5961298040110883,1.0386505297501976,0.7048984800794607,1179.4916786866668
ENSG00000139263,LRIG3,protein_coding,2.0317215486465923,0.23741478795305682,0.35808825997225746,0.7131255160887209,1.851246003485989,1.0383192232293232,0.7131255160887209,273.9400431
ENSG00000185267,CDNF,protein_coding,0.7216483554861663,0.6917853221096566,2.427773555115731,1.3005742247296384,0.04912138735835958,1.0381805689599104,0.7216483554861663,5.403825267800001
ENSG00000095209,TMEM38B,protein_coding,0.06898054125971065,0.31627613087632334,2.798773659628159,1.1182768406072494,0.8787580498049055,1.0362130444352695,0.8787580498049055,216.663839334
ENSG00000225423,TNPO1P1,processed_pseudogene,0.7814679079495539,0.6984363806897482,1.7239449045429964,0.6088488043098428,1.3627947310713813,1.0350985457127044,0.7814679079495539,19.815772620599997
ENSG00000184304,PRKD1,protein_coding,0.8239905312494056,1.291164392931572,0.3865880342844239,1.471839618763381,1.2015363535393373,1.035023786153624,1.2015363535393373,1083.86680242
ENSG00000115841,RMDN2,protein_coding,1.1335948990859945,0.6804728132798328,0.858117064880143,1.0192737543689212,1.4795695990115343,1.0342056261252852,1.0192737543689212,155.80126214199998
ENSG00000167996,FTH1,protein_coding,1.590834201162119,0.3241742642524379,1.1721831670857217,0.5680097152921828,1.513560559762821,1.0337523815110565,1.1721831670857217,7571.375807866667
ENSG00000119655,NPC2,protein_coding,0.9740840793904848,0.3175382433829821,1.8789940660327709,0.8109971704905714,1.182794109962975,1.0328815338519568,0.9740840793904848,958.5258788866668
ENSG00000197385,ZNF860,protein_coding,0.9620563717048332,0.4751683118471872,0.0893250450301939,2.0615155523312265,1.575577542728079,1.032728564728304,0.9620563717048332,10.575682437333333
ENSG00000113732,ATP6V0E1,protein_coding,0.3857037059021131,0.9565308264802415,2.4915992935134277,0.7774498044555607,0.5459232620435674,1.031441378478982,0.7774498044555607,3684.562235466666
ENSG00000042286,AIFM2,protein_coding,1.0914793579205675,1.0365549317551563,1.0330304239699926,1.0207593203111074,0.9742446561969373,1.0312137380307522,1.0330304239699926,248.0513008133333
ENSG00000100605,ITPK1,protein_coding,1.2826930048227414,0.9343504703790195,1.2380699365623666,1.1550333051069614,0.5408446665649205,1.030198276687202,1.1550333051069614,725.50247424
ENSG00000196705,ZNF431,protein_coding,2.5997865384272902,0.12462469809063581,0.23768889094744505,1.1242864951213134,1.062217558761378,1.0297208362696124,1.062217558761378,237.03173293266664
ENSG00000205659,LIN52,protein_coding,0.35739437808059726,0.3491104124172919,2.2472272108365665,1.2870541209669248,0.9050203490688302,1.0291612942740422,0.9050203490688302,136.71476484466666
ENSG00000142207,URB1,protein_coding,1.136007055649923,1.1729113296519955,0.7352915163401637,1.3867269544745042,0.7126946910884087,1.028726309440999,1.136007055649923,1683.5812254733335
ENSG00000079335,CDC14A,protein_coding,1.0399265129418431,0.4141451447165636,2.814819557304248,0.5872539286103731,0.2656485904719865,1.024358746809003,0.5872539286103731,41.47245884066667
ENSG00000166813,KIF7,protein_coding,0.4094032618622645,2.031798183145326,0.7394428523295407,1.2670146263415276,0.6637605176805845,1.0222838882718486,0.7394428523295407,564.8582445333334
ENSG00000219507,FTH1P8,processed_pseudogene,1.6141061265964822,0.7478351544471105,0.8212726866650861,0.5166510789788923,1.409646763186954,1.021902361974905,0.8212726866650861,386.7093523946667
ENSG00000153250,RBMS1,protein_coding,1.069019997980913,0.7653358086405841,1.633026438900604,0.8274535041958373,0.8128516896598121,1.02153748787555,0.8274535041958373,1327.7785672133334
ENSG00000207142,Y_RNA,misc_RNA,0.048503797227112955,1.1909863635827667,1.915305132698966,0.28226694212676073,1.6691785900895928,1.0212481651450398,1.1909863635827667,20.1117322658
ENSG00000092607,TBX15,protein_coding,0.6649561285455388,1.336019458850556,1.0146992029685684,1.033940785604015,1.0557426931097273,1.0210716538156812,1.033940785604015,350.90485280666667
ENSG00000182575,NXPH3,protein_coding,0.8476168870537109,0.7545095402909272,0.8519791522915714,1.5015048296144835,1.1467926082128121,1.020480603492701,0.8519791522915714,462.49676719999997
ENSG00000163702,IL17RC,protein_coding,0.7815285119853179,1.1967603636272814,1.6881386560548233,0.741052112755356,0.6895635693721962,1.019408642758995,0.7815285119853179,302.8907202
ENSG00000110446,SLC15A3,protein_coding,1.3198929006992595,0.14968539752404553,1.050484769332868,0.5794968370241658,1.9953434938477175,1.0189806796856113,1.050484769332868,17.736927844333334
ENSG00000157600,TMEM164,protein_coding,0.4924878148863616,2.310155537489573,0.5429576008477346,1.5135712370771586,0.22123662389306453,1.0160817628387784,0.5429576008477346,268.972382208
ENSG00000111261,MANSC1,protein_coding,1.217537997699198,1.5193640075067156,0.3656121421688088,1.0651673128618597,0.9110164358963049,1.0157395792265773,1.0651673128618597,87.55695117200001
ENSG00000196159,FAT4,protein_coding,0.8536327834732091,0.42466312580930676,1.5667140550527652,1.2149631147124271,1.015568160199015,1.0151082478493447,1.015568160199015,1248.75881824
ENSG00000232699,BDH2P1,processed_pseudogene,0.655140411768933,1.3552686151265032,1.1999931957362993,0.8530946652252238,1.0117233940714945,1.0150440563856908,1.0117233940714945,45.04073695066667
ENSG00000144843,ADPRH,protein_coding,1.0600316138816934,1.3755054625633925,0.3216668112252945,0.9030200013770706,1.412180104325194,1.014480798674529,1.0600316138816934,148.053714524
ENSG00000126804,ZBTB1,protein_coding,0.22694742988474204,1.544772615094118,1.0976065933023467,1.7761559565337919,0.42657461353984516,1.0144114416709686,1.0976065933023467,1418.7870148066665
ENSG00000213638,ADAT3,protein_coding,0.4883227511995316,1.3106661509747797,1.9834576015446528,0.2780390213637265,1.0087754737273382,1.0138521997620056,1.0087754737273382,11.618119840066667
ENSG00000138134,STAMBPL1,protein_coding,0.6308604125169213,1.7938976102196182,0.06516978079470093,1.2371145331156992,1.335985684157432,1.0126056041608744,1.2371145331156992,131.70751370733333
ENSG00000164050,PLXNB1,protein_coding,0.6411748017840395,0.9797663493061313,1.5834159966908956,1.1407337778551776,0.7150370636196337,1.0120255978511756,0.9797663493061313,314.9535779733333
ENSG00000004864,SLC25A13,protein_coding,1.022747297376096,1.1783478154705032,0.9550732576975998,1.1139302443665455,0.7869058564723126,1.0114008942766115,1.022747297376096,318.6577064466666
ENSG00000107249,GLIS3,protein_coding,0.5801272540478131,1.3498810298269168,1.5900180586452413,1.0776334269465062,0.45637617559178345,1.0108071890116521,1.0776334269465062,337.42148671999996
ENSG00000134853,PDGFRA,protein_coding,0.8226992733715282,1.265325478733807,0.5169772540008459,1.1586332284293928,1.2832663660779886,1.0093803201227125,1.1586332284293928,3831.534040866666
ENSG00000225422,RBMS1P1,processed_pseudogene,0.3073820343239593,0.7493858193264797,1.9744833333715812,0.8847266699766312,1.1262480160273807,1.0084451746052063,0.8847266699766312,119.71356341666667
ENSG00000259531,AC022306.1,processed_pseudogene,0.20314620418543328,0.2613468298601247,2.7735562291247833,0.564499530873217,1.2390393816557257,1.0083176351398566,0.564499530873217,19.849862182733332
ENSG00000170540,ARL6IP1,protein_coding,0.5537628698899848,0.6732277339623884,2.0516882821423827,0.8940382461246834,0.8585481275945028,1.0062530519427884,0.8585481275945028,1241.6218153266668
ENSG00000144645,OSBPL10,protein_coding,0.7561255183070799,0.4421005440858661,1.2697737090730312,1.106311345537116,1.451013750277128,1.0050649734560442,1.106311345537116,290.34434824666664
ENSG00000161912,ADCY10P1,transcribed_unprocessed_pseudogene,0.7915848145239046,0.7620786691904313,0.7506288906167518,1.7345836926207387,0.9843323680040772,1.0046416869911807,0.7915848145239046,19.335801132200004
ENSG00000137842,TMEM62,protein_coding,1.5823327329499852,0.8388501263100947,0.995167592334492,0.673231684515077,0.9334702579083567,1.0046104788036012,0.9334702579083567,170.23499941066666
ENSG00000146918,NCAPG2,protein_coding,0.9686302199485732,1.1859052010962312,0.8111943033672668,1.0402491618801735,1.0136658876622402,1.003928954790897,1.0136658876622402,235.55857981333335
ENSG00000143450,OAZ3,protein_coding,0.8757533207305865,1.196213407796419,1.3787487456794931,0.8151127314344606,0.7499047832544496,1.0031465977790819,0.8757533207305865,17.152107171666668
ENSG00000137310,TCF19,protein_coding,1.3331998851035172,1.1809940063027238,0.0765315333410026,0.6207482641224917,1.8036433418097255,1.0030234061358922,1.1809940063027238,153.13698603333333
ENSG00000267272,LINC01140,lncRNA,1.555109726095142,0.2139097345063954,0.6848985005984503,1.5712488570721515,0.9897352494856206,1.0029804135515519,0.9897352494856206,7.882509221466665
ENSG00000157654,PALM2AKAP2,protein_coding,0.5574917095198053,1.7916404943989406,1.193245014687509,0.7190357493880501,0.7455175924662676,1.0013861120921146,0.7455175924662676,7835.469921933333
ENSG00000081320,STK17B,protein_coding,0.4471521996204295,0.5327885299428914,2.0901145873557567,1.0816445454403834,0.8512600521422211,1.0005919829003365,0.8512600521422211,2257.706710266667
ENSG00000258484,SPESP1,protein_coding,0.1530091752141738,1.4681285971776212,2.1654949278167877,0.7860524205400479,0.4298752797365717,1.0005120800970404,0.7860524205400479,70.84128007666666
ENSG00000006534,ALDH3B1,protein_coding,1.076477581931396,1.3829462261368377,0.9931620662191847,0.7017101097191816,0.8462653640296516,1.0001122696072504,0.9931620662191847,654.6368816333332
