source,native,name,p_value,significant,description,term_size,query_size,intersection_size,effective_domain_size,precision,recall,query,parents
GO:BP,GO:0048856,anatomical structure development,2.450104837746772e-30,True,"""The biological process whose specific outcome is the progression of an anatomical structure from an initial condition to its mature state. This process begins with the formation of the structure and ends with the mature structure, whatever form that may be including its natural destruction. An anatomical structure is any biological entity that occupies space and is distinguished from its surroundings. Anatomical structures can be macroscopic such as a carpel, or microscopic such as an acrosome."" [GO_REF:0000021]",5948,520,278,20972,0.5346153846153846,0.04673839946200403,query_1,['GO:0032502']
GO:BP,GO:0032501,multicellular organismal process,9.861280451731156e-28,True,"""Any biological process, occurring at the level of a multicellular organism, pertinent to its function."" [GOC:curators, GOC:dph, GOC:isa_complete, GOC:tb]",7337,520,310,20972,0.5961538461538461,0.04225160147199128,query_1,['GO:0008150']
GO:BP,GO:0032502,developmental process,9.861280451731156e-28,True,"""A biological process whose specific outcome is the progression of an integrated living unit: an anatomical structure (which may be a subcellular structure, cell, tissue, or organ), or organism over time from an initial condition to a later condition."" [GOC:isa_complete]",6535,520,288,20972,0.5538461538461539,0.044070390206579955,query_1,['GO:0008150']
GO:BP,GO:0007275,multicellular organism development,3.51457518635861e-26,True,"""The biological process whose specific outcome is the progression of a multicellular organism over time from an initial condition (e.g. a zygote or a young adult) to a later condition (e.g. a multicellular animal or an aged adult)."" [GOC:dph, GOC:ems, GOC:isa_complete, GOC:tb]",4690,520,230,20972,0.4423076923076923,0.04904051172707889,query_1,"['GO:0032501', 'GO:0048856']"
GO:BP,GO:0048731,system development,3.51457518635861e-26,True,"""The process whose specific outcome is the progression of an organismal system over time, from its formation to the mature structure. A system is a regularly interacting or interdependent group of organs or tissues that work together to carry out a given biological process."" [GOC:dph, GOC:jid]",4023,520,209,20972,0.40192307692307694,0.051951280139199606,query_1,"['GO:0007275', 'GO:0048856']"
GO:BP,GO:0009653,anatomical structure morphogenesis,5.413075106895295e-22,True,"""The process in which anatomical structures are generated and organized. Morphogenesis pertains to the creation of form."" [GOC:go_curators, ISBN:0521436125]",2699,520,155,20972,0.2980769230769231,0.0574286772878844,query_1,"['GO:0032502', 'GO:0048856']"
GO:BP,GO:0007155,cell adhesion,5.897508190894428e-18,True,"""The attachment of a cell, either to another cell or to an underlying substrate such as the extracellular matrix, via cell adhesion molecules."" [GOC:hb, GOC:pf]",1512,520,102,20972,0.19615384615384615,0.06746031746031746,query_1,['GO:0009987']
GO:BP,GO:0048513,animal organ development,1.347261044623894e-17,True,"""Development of a tissue or tissues that work together to perform a specific function or functions. Development pertains to the process whose specific outcome is the progression of a structure over time, from its formation to the mature structure. Organs are commonly observed as visibly distinct structures, but may also exist as loosely associated clusters of cells that work together to perform a specific function or functions."" [GOC:dph, GOC:jid]",3018,520,156,20972,0.3,0.05168986083499006,query_1,['GO:0048856']
GO:BP,GO:0072359,circulatory system development,3.526837602390944e-15,True,"""The process whose specific outcome is the progression of the circulatory system over time, from its formation to the mature structure. The circulatory system is the organ system that passes nutrients (such as amino acids and electrolytes), gases, hormones, blood cells, etc. to and from cells in the body to help fight diseases and help stabilize body temperature and pH to maintain homeostasis."" [GOC:mah, UBERON:0001009]",1135,520,81,20972,0.15576923076923077,0.07136563876651983,query_1,['GO:0048731']
GO:BP,GO:0007154,cell communication,6.0089909305876955e-15,True,"""Any process that mediates interactions between a cell and its surroundings. Encompasses interactions such as signaling or attachment between one cell and another cell, between a cell and an extracellular matrix, or between a cell and any other aspect of its environment."" [GOC:mah]",6598,520,256,20972,0.49230769230769234,0.038799636253410125,query_1,['GO:0009987']
GO:BP,GO:0030154,cell differentiation,6.0089909305876955e-15,True,"""The cellular developmental process in which a relatively unspecialized cell, e.g. embryonic or regenerative cell, acquires specialized structural and/or functional features that characterize a specific cell. Differentiation includes the processes involved in commitment of a cell to a specific fate and its subsequent development to the mature state."" [ISBN:0198506732]",4443,520,194,20972,0.3730769230769231,0.04366419086203016,query_1,['GO:0048869']
GO:BP,GO:0048869,cellular developmental process,6.0089909305876955e-15,True,"""A biological process whose specific outcome is the progression of a cell over time from an initial condition to a later condition."" [GOC:isa_complete]",4444,520,194,20972,0.3730769230769231,0.043654365436543656,query_1,"['GO:0009987', 'GO:0032502']"
GO:BP,GO:0023052,signaling,1.999223088609382e-14,True,"""The entirety of a process in which information is transmitted within a biological system. This process begins with an active signal and ends when a cellular response has been triggered."" [GOC:mtg_signal, GOC:mtg_signaling_feb11, GOC:signaling]",6558,520,253,20972,0.48653846153846153,0.03857883501067399,query_1,['GO:0050789']
GO:BP,GO:0050896,response to stimulus,2.126416204618282e-14,True,"""Any process that results in a change in state or activity of a cell or an organism (in terms of movement, secretion, enzyme production, gene expression, etc.) as a result of a stimulus. The process begins with detection of the stimulus and ends with a change in state or activity or the cell or organism."" [GOC:ai, GOC:bf]",9051,520,318,20972,0.6115384615384616,0.03513423931057342,query_1,['GO:0008150']
GO:BP,GO:0007399,nervous system development,3.0211597000400446e-14,True,"""The process whose specific outcome is the progression of nervous tissue over time, from its formation to its mature state."" [GOC:dgh]",2597,520,133,20972,0.25576923076923075,0.05121293800539083,query_1,['GO:0048731']
GO:BP,GO:0009888,tissue development,3.7285567853204225e-13,True,"""The process whose specific outcome is the progression of a tissue over time, from its formation to the mature structure."" [ISBN:0471245208]",2014,520,110,20972,0.21153846153846154,0.05461767626613704,query_1,['GO:0048856']
GO:BP,GO:0016477,cell migration,4.682287365130876e-13,True,"""The controlled self-propelled movement of a cell from one site to a destination guided by molecular cues."" [GOC:cjm, GOC:dph, GOC:ems, GOC:pf, Wikipedia:Cell_migration]",1532,520,92,20972,0.17692307692307693,0.06005221932114883,query_1,['GO:0048870']
GO:BP,GO:0065007,biological regulation,7.526354123614158e-13,True,"""Any process that modulates a measurable attribute of any biological process, quality or function."" [GOC:dph, GOC:isa_complete, GOC:mah, GOC:pr, GOC:vw]",12804,520,401,20972,0.7711538461538462,0.031318338019368945,query_1,['GO:0008150']
GO:BP,GO:0051239,regulation of multicellular organismal process,7.526354123614158e-13,True,"""Any process that modulates the frequency, rate or extent of a multicellular organismal process, the processes pertinent to the function of a multicellular organism above the cellular level; includes the integrated processes of tissues and organs."" [GOC:ai, GOC:dph, GOC:tb]",2923,520,140,20972,0.2692307692307692,0.04789599726308587,query_1,"['GO:0032501', 'GO:0050789']"
GO:BP,GO:0035295,tube development,9.043140529986699e-13,True,"""The process whose specific outcome is the progression of a tube over time, from its initial formation to a mature structure. Epithelial and endothelial tubes transport gases, liquids and cells from one site to another and form the basic structure of many organs and tissues including lung and trachea, kidney, the mammary gland, the vascular system and the gastrointestinal and urinary-genital tracts."" [PMID:12526790]",1094,520,74,20972,0.1423076923076923,0.06764168190127971,query_1,"['GO:0007275', 'GO:0048856']"
GO:BP,GO:0051716,cellular response to stimulus,1.26343735791677e-12,True,"""Any process that results in a change in state or activity of a cell (in terms of movement, secretion, enzyme production, gene expression, etc.) as a result of a stimulus. The process begins with detection of the stimulus by a cell and ends with a change in state or activity or the cell."" [GOC:bf, GOC:jl]",7425,520,270,20972,0.5192307692307693,0.03636363636363636,query_1,"['GO:0009987', 'GO:0050896']"
GO:BP,GO:0007165,signal transduction,1.2920382900374438e-12,True,"""The cellular process in which a signal is conveyed to trigger a change in the activity or state of a cell. Signal transduction begins with reception of a signal (e.g. a ligand binding to a receptor or receptor activation by a stimulus such as light), or for signal transduction in the absence of ligand, signal-withdrawal or the activity of a constitutively active receptor. Signal transduction ends with regulation of a downstream cellular process, e.g. regulation of transcription or regulation of a metabolic process. Signal transduction covers signaling from receptors located on the surface of the cell and signaling via molecules located within the cell. For signaling between cells, signal transduction is restricted to events at and within the receiving cell."" [GOC:go_curators, GOC:mtg_signaling_feb11]",6063,520,233,20972,0.4480769230769231,0.0384298202210127,query_1,"['GO:0007154', 'GO:0009987', 'GO:0023052', 'GO:0050794', 'GO:0051716']"
GO:BP,GO:0010646,regulation of cell communication,1.369290790575578e-11,True,"""Any process that modulates the frequency, rate or extent of cell communication. Cell communication is the process that mediates interactions between a cell and its surroundings. Encompasses interactions such as signaling or attachment between one cell and another cell, between a cell and an extracellular matrix, or between a cell and any other aspect of its environment."" [GOC:dph, GOC:tb]",3480,520,154,20972,0.29615384615384616,0.044252873563218394,query_1,"['GO:0007154', 'GO:0050794']"
GO:BP,GO:0030198,extracellular matrix organization,1.3912454079445037e-11,True,"""A process that is carried out at the cellular level which results in the assembly, arrangement of constituent parts, or disassembly of an extracellular matrix."" [GOC:mah]",307,520,35,20972,0.0673076923076923,0.11400651465798045,query_1,"['GO:0043062', 'GO:0045229']"
GO:BP,GO:0043062,extracellular structure organization,1.472658869733899e-11,True,"""A process that is carried out at the cellular level which results in the assembly, arrangement of constituent parts, or disassembly of structures in the space external to the outermost structure of a cell. For cells without external protective or external encapsulating structures this refers to space outside of the plasma membrane, and also covers the host cell environment outside an intracellular parasite."" [GOC:ai, GOC:dph, GOC:jl, GOC:mah]",308,520,35,20972,0.0673076923076923,0.11363636363636363,query_1,['GO:0016043']
GO:BP,GO:0045229,external encapsulating structure organization,1.5606863766778262e-11,True,"""A process that is carried out at the cellular level which results in the assembly, arrangement of constituent parts, or disassembly of external structures that lie outside the plasma membrane and surround the entire cell."" [GOC:ai, GOC:dph, GOC:jl, GOC:mah]",309,520,35,20972,0.0673076923076923,0.11326860841423948,query_1,['GO:0016043']
GO:BP,GO:0001568,blood vessel development,4.013635474903103e-11,True,"""The process whose specific outcome is the progression of a blood vessel over time, from its formation to the mature structure. The blood vessel is the vasculature carrying blood."" [GOC:hjd, UBERON:0001981]",727,520,55,20972,0.10576923076923077,0.07565337001375516,query_1,"['GO:0001944', 'GO:0048856']"
GO:BP,GO:0023051,regulation of signaling,4.472672966770258e-11,True,"""Any process that modulates the frequency, rate or extent of a signaling process."" [GOC:mtg_signal]",3473,520,152,20972,0.2923076923076923,0.04376619637201267,query_1,"['GO:0023052', 'GO:0050789']"
GO:BP,GO:0001944,vasculature development,5.888261304845511e-11,True,"""The process whose specific outcome is the progression of the vasculature over time, from its formation to the mature structure. The vasculature is an interconnected tubular multi-tissue structure that contains fluid that is actively transported around the organism."" [GOC:dph, UBERON:0002409]",758,520,56,20972,0.1076923076923077,0.07387862796833773,query_1,"['GO:0048731', 'GO:0072359']"
GO:BP,GO:0050793,regulation of developmental process,6.186192206165009e-11,True,"""Any process that modulates the frequency, rate or extent of development, the biological process whose specific outcome is the progression of a multicellular organism over time from an initial condition (e.g. a zygote, or a young adult) to a later condition (e.g. a multicellular animal or an aged adult)."" [GOC:go_curators]",2431,520,118,20972,0.22692307692307692,0.04853969559851913,query_1,"['GO:0032502', 'GO:0050789']"
GO:BP,GO:0035239,tube morphogenesis,6.186192206165009e-11,True,"""The process in which the anatomical structures of a tube are generated and organized. Epithelial and endothelial tubes transport gases, liquids and cells from one site to another and form the basic structure of many organs and tissues, with tube shape and organization varying from the single-celled excretory organ in Caenorhabditis elegans to the branching trees of the mammalian kidney and insect tracheal system."" [GOC:bf, PMID:14624839]",877,520,61,20972,0.11730769230769231,0.06955530216647662,query_1,"['GO:0009653', 'GO:0035295']"
GO:BP,GO:0050789,regulation of biological process,7.463476505821256e-11,True,"""Any process that modulates the frequency, rate or extent of a biological process. Biological processes are regulated by many means; examples include the control of gene expression, protein modification or interaction with a protein or substrate molecule."" [GOC:ai, GOC:go_curators]",12397,520,385,20972,0.7403846153846154,0.031055900621118012,query_1,"['GO:0008150', 'GO:0065007']"
GO:BP,GO:0048646,anatomical structure formation involved in morphogenesis,1.1263006651723893e-10,True,"""The developmental process pertaining to the initial formation of an anatomical structure from unspecified parts. This process begins with the specific processes that contribute to the appearance of the discrete structure and ends when the structural rudiment is recognizable. An anatomical structure is any biological entity that occupies space and is distinguished from its surroundings. Anatomical structures can be macroscopic such as a carpel, or microscopic such as an acrosome."" [GOC:dph, GOC:jid, GOC:tb]",1190,520,73,20972,0.14038461538461539,0.06134453781512605,query_1,"['GO:0009653', 'GO:0032502']"
GO:BP,GO:0007167,enzyme-linked receptor protein signaling pathway,1.1263006651723893e-10,True,"""The series of molecular signals initiated by an extracellular ligand binding to a receptor on the surface of the target cell, where the receptor possesses catalytic activity or is closely associated with an enzyme such as a protein kinase, and ending with the regulation of a downstream cellular process, e.g. transcription."" [GOC:mah, GOC:signaling, ISBN:0815316194]",988,520,65,20972,0.125,0.06578947368421052,query_1,['GO:0007166']
GO:BP,GO:0030155,regulation of cell adhesion,1.5629830361707214e-10,True,"""Any process that modulates the frequency, rate or extent of attachment of a cell to another cell or to the extracellular matrix."" [GOC:mah]",780,520,56,20972,0.1076923076923077,0.07179487179487179,query_1,"['GO:0007155', 'GO:0050794']"
GO:BP,GO:0007166,cell surface receptor signaling pathway,3.1264596177730275e-10,True,"""The series of molecular signals initiated by an extracellular ligand binding to a receptor located on the cell surface. The pathway ends with regulation of a downstream cellular process, e.g. transcription."" [GOC:signaling]",2834,520,129,20972,0.24807692307692308,0.04551870148200424,query_1,['GO:0007165']
GO:BP,GO:0048870,cell motility,3.5107850542097724e-10,True,"""Any process involved in the controlled self-propelled movement of a cell that results in translocation of the cell from one place to another."" [GOC:dgh, GOC:dph, GOC:isa_complete, GOC:mlg]",1794,520,94,20972,0.18076923076923077,0.05239687848383501,query_1,['GO:0009987']
GO:BP,GO:0051240,positive regulation of multicellular organismal process,5.386822025344207e-10,True,"""Any process that activates or increases the frequency, rate or extent of an organismal process, any of the processes pertinent to the function of an organism above the cellular level; includes the integrated processes of tissues and organs."" [GOC:ai]",1639,520,88,20972,0.16923076923076924,0.053691275167785234,query_1,"['GO:0032501', 'GO:0048518', 'GO:0051239']"
GO:BP,GO:0001525,angiogenesis,1.0429866817705413e-09,True,"""Blood vessel formation when new vessels emerge from the proliferation of pre-existing blood vessels."" [ISBN:0878932453]",546,520,44,20972,0.08461538461538462,0.08058608058608059,query_1,"['GO:0048514', 'GO:0048646']"
GO:BP,GO:0030334,regulation of cell migration,1.0999386410536707e-09,True,"""Any process that modulates the frequency, rate or extent of cell migration."" [GOC:go_curators]",944,520,61,20972,0.11730769230769231,0.0646186440677966,query_1,"['GO:0016477', 'GO:2000145']"
GO:BP,GO:0048468,cell development,1.5632895075874725e-09,True,"""The cellular developmental process in which a specific cell progresses from an immature to a mature state. Cell development start once cell commitment has taken place."" [GOC:go_curators]",2842,520,127,20972,0.24423076923076922,0.04468684025334271,query_1,"['GO:0030154', 'GO:0048856', 'GO:0048869']"
GO:BP,GO:0031589,cell-substrate adhesion,1.6102980386889436e-09,True,"""The attachment of a cell to the underlying substrate via adhesion molecules."" [GOC:mah, GOC:pf]",349,520,34,20972,0.06538461538461539,0.09742120343839542,query_1,['GO:0007155']
GO:BP,GO:0051128,regulation of cellular component organization,2.3827677944821715e-09,True,"""Any process that modulates the frequency, rate or extent of a process involved in the formation, arrangement of constituent parts, or disassembly of cell structures, including the plasma membrane and any external encapsulating structures such as the cell wall and cell envelope."" [GOC:ai]",2427,520,113,20972,0.2173076923076923,0.0465595385249279,query_1,"['GO:0016043', 'GO:0050794']"
GO:BP,GO:0048514,blood vessel morphogenesis,2.8441624675660912e-09,True,"""The process in which the anatomical structures of blood vessels are generated and organized. The blood vessel is the vasculature carrying blood."" [GOC:jid]",632,520,47,20972,0.09038461538461538,0.07436708860759493,query_1,"['GO:0001568', 'GO:0035239']"
GO:BP,GO:0009966,regulation of signal transduction,2.936099161039688e-09,True,"""Any process that modulates the frequency, rate or extent of signal transduction."" [GOC:sm]",3031,520,132,20972,0.25384615384615383,0.043549983503794125,query_1,"['GO:0007165', 'GO:0010646', 'GO:0023051', 'GO:0048583']"
GO:BP,GO:0009611,response to wounding,3.6621419399795756e-09,True,"""Any process that results in a change in state or activity of a cell or an organism (in terms of movement, secretion, enzyme production, gene expression, etc.) as a result of a stimulus indicating damage to the organism."" [GOC:go_curators]",570,520,44,20972,0.08461538461538462,0.07719298245614035,query_1,['GO:0006950']
GO:BP,GO:0034330,cell junction organization,4.061077821544706e-09,True,"""A process that is carried out at the cellular level which results in the assembly, arrangement of constituent parts, or disassembly of a cell junction. A cell junction is a specialized region of connection between two cells or between a cell and the extracellular matrix."" [GOC:dph, GOC:jl, GOC:mah]",829,520,55,20972,0.10576923076923077,0.06634499396863691,query_1,['GO:0016043']
GO:BP,GO:2000145,regulation of cell motility,4.19361972520315e-09,True,"""Any process that modulates the frequency, rate or extent of cell motility."" [GOC:mah]",1005,520,62,20972,0.11923076923076924,0.061691542288557215,query_1,"['GO:0040012', 'GO:0048870', 'GO:0050794']"
GO:BP,GO:0022008,neurogenesis,4.19361972520315e-09,True,"""Generation of cells within the nervous system."" [GO_REF:0000021, GOC:cls, GOC:curators, GOC:dgh, GOC:dph, GOC:jid]",1769,520,90,20972,0.17307692307692307,0.05087620124364047,query_1,"['GO:0007399', 'GO:0030154']"
GO:BP,GO:0050794,regulation of cellular process,4.969121454935318e-09,True,"""Any process that modulates the frequency, rate or extent of a cellular process, any of those that are carried out at the cellular level, but are not necessarily restricted to a single cell. For example, cell communication occurs among more than one cell, but occurs at the cellular level."" [GOC:go_curators]",11962,520,368,20972,0.7076923076923077,0.030764086273198463,query_1,"['GO:0009987', 'GO:0050789']"
GO:BP,GO:0065008,regulation of biological quality,4.969121454935318e-09,True,"""Any process that modulates a qualitative or quantitative trait of a biological quality. A biological quality is a measurable attribute of an organism or part of an organism, such as size, mass, shape, color, etc."" [GOC:dph, GOC:isa_complete, GOC:mah, GOC:pr, GOC:vw]",2963,520,129,20972,0.24807692307692308,0.043536955788052646,query_1,['GO:0065007']
REAC,REAC:R-HSA-1474244,Extracellular matrix organization,7.143260606679885e-09,True,Extracellular matrix organization,298,322,34,11056,0.10559006211180125,0.11409395973154363,query_1,['REAC:0000000']
GO:BP,GO:0040012,regulation of locomotion,7.2010595234861914e-09,True,"""Any process that modulates the frequency, rate or extent of locomotion of a cell or organism."" [GOC:ems]",1046,520,63,20972,0.12115384615384615,0.06022944550669216,query_1,"['GO:0040011', 'GO:0050789']"
GO:BP,GO:0071363,cellular response to growth factor stimulus,9.827253178261969e-09,True,"""Any process that results in a change in state or activity of a cell (in terms of movement, secretion, enzyme production, gene expression, etc.) as a result of a growth factor stimulus."" [GOC:mah]",706,520,49,20972,0.09423076923076923,0.06940509915014165,query_1,"['GO:0070848', 'GO:0071495']"
GO:BP,GO:0048583,regulation of response to stimulus,1.1729093068582087e-08,True,"""Any process that modulates the frequency, rate or extent of a response to a stimulus. Response to stimulus is a change in state or activity of a cell or an organism (in terms of movement, secretion, enzyme production, gene expression, etc.) as a result of a stimulus."" [GOC:jid]",3993,520,159,20972,0.3057692307692308,0.039819684447783624,query_1,"['GO:0050789', 'GO:0050896']"
GO:BP,GO:0036293,response to decreased oxygen levels,2.2184600968427246e-08,True,"""Any process that results in a change in state or activity of a cell or an organism (in terms of movement, secretion, enzyme production, gene expression, etc.) as a result of a stimulus reflecting a decline in the level of oxygen."" [GOC:al]",290,520,29,20972,0.05576923076923077,0.1,query_1,['GO:0070482']
GO:BP,GO:0048519,negative regulation of biological process,2.4253862535424686e-08,True,"""Any process that stops, prevents, or reduces the frequency, rate or extent of a biological process. Biological processes are regulated by many means; examples include the control of gene expression, protein modification or interaction with a protein or substrate molecule."" [GOC:jid]",5753,520,208,20972,0.4,0.036155049539370765,query_1,"['GO:0008150', 'GO:0050789']"
GO:BP,GO:0048585,negative regulation of response to stimulus,2.7191997407169792e-08,True,"""Any process that stops, prevents, or reduces the frequency, rate or extent of a response to a stimulus. Response to stimulus is a change in state or activity of a cell or an organism (in terms of movement, secretion, enzyme production, gene expression, etc.) as a result of a stimulus."" [GOC:jid]",1693,520,85,20972,0.16346153846153846,0.05020673360897814,query_1,"['GO:0048519', 'GO:0048583', 'GO:0050896']"
GO:BP,GO:0009719,response to endogenous stimulus,2.8584458373237842e-08,True,"""Any process that results in a change in state or activity of a cell or an organism (in terms of movement, secretion, enzyme production, gene expression, etc.) as a result of a stimulus arising within the organism."" [GOC:sm]",1467,520,77,20972,0.14807692307692308,0.05248807089297887,query_1,['GO:0050896']
GO:BP,GO:0070848,response to growth factor,3.348377038955106e-08,True,"""Any process that results in a change in state or activity of a cell or an organism (in terms of movement, secretion, enzyme production, gene expression, etc.) as a result of a growth factor stimulus."" [GOC:BHF, GOC:mah]",734,520,49,20972,0.09423076923076923,0.0667574931880109,query_1,['GO:0009719']
GO:BP,GO:0001666,response to hypoxia,3.548603766157561e-08,True,"""Any process that results in a change in state or activity of a cell or an organism (in terms of movement, secretion, enzyme production, gene expression, etc.) as a result of a stimulus indicating lowered oxygen tension. Hypoxia, defined as a decline in O2 levels below normoxic levels of 20.8 - 20.95%, results in metabolic adaptation at both the cellular and organismal level."" [GOC:hjd]",278,520,28,20972,0.05384615384615385,0.10071942446043165,query_1,"['GO:0006950', 'GO:0036293']"
GO:BP,GO:2000026,regulation of multicellular organismal development,3.6184472764838015e-08,True,"""Any process that modulates the frequency, rate or extent of multicellular organismal development."" [GOC:obol]",1392,520,74,20972,0.1423076923076923,0.05316091954022988,query_1,"['GO:0007275', 'GO:0050793', 'GO:0051239']"
GO:BP,GO:0048518,positive regulation of biological process,3.689209530405572e-08,True,"""Any process that activates or increases the frequency, rate or extent of a biological process. Biological processes are regulated by many means; examples include the control of gene expression, protein modification or interaction with a protein or substrate molecule."" [GOC:jid]",6150,520,218,20972,0.41923076923076924,0.035447154471544715,query_1,"['GO:0008150', 'GO:0050789']"
GO:BP,GO:0000902,cell morphogenesis,5.210279828191502e-08,True,"""The developmental process in which the size or shape of a cell is generated and organized."" [GOC:clt, GOC:dph, GOC:go_curators, GOC:tb]",998,520,59,20972,0.11346153846153846,0.05911823647294589,query_1,['GO:0009653']
GO:BP,GO:0022603,regulation of anatomical structure morphogenesis,5.775244468478398e-08,True,"""Any process that modulates the frequency, rate or extent of anatomical structure morphogenesis."" [GOC:mah]",822,520,52,20972,0.1,0.06326034063260341,query_1,"['GO:0009653', 'GO:0050793']"
GO:BP,GO:0010648,negative regulation of cell communication,8.277888397932196e-08,True,"""Any process that decreases the frequency, rate or extent of cell communication. Cell communication is the process that mediates interactions between a cell and its surroundings. Encompasses interactions such as signaling or attachment between one cell and another cell, between a cell and an extracellular matrix, or between a cell and any other aspect of its environment."" [GOC:dph, GOC:tb]",1449,520,75,20972,0.14423076923076922,0.051759834368530024,query_1,"['GO:0007154', 'GO:0010646', 'GO:0048523']"
GO:BP,GO:0023057,negative regulation of signaling,8.277888397932196e-08,True,"""Any process that stops, prevents, or reduces the frequency, rate or extent of a signaling process."" [GOC:mtg_signal]",1449,520,75,20972,0.14423076923076922,0.051759834368530024,query_1,"['GO:0023051', 'GO:0023052', 'GO:0048519']"
GO:BP,GO:0009968,negative regulation of signal transduction,9.361087850897302e-08,True,"""Any process that stops, prevents, or reduces the frequency, rate or extent of signal transduction."" [GOC:sm]",1341,520,71,20972,0.13653846153846153,0.0529455630126771,query_1,"['GO:0007165', 'GO:0009966', 'GO:0010648', 'GO:0023057', 'GO:0048585']"
GO:BP,GO:0098609,cell-cell adhesion,1.0024975250436124e-07,True,"""The attachment of one cell to another cell via adhesion molecules."" [GOC:dos]",965,520,57,20972,0.10961538461538461,0.05906735751295337,query_1,['GO:0007155']
GO:BP,GO:0040011,locomotion,1.0967858459987297e-07,True,"""Self-propelled movement of a cell or organism from one location to another."" [GOC:dgh]",1236,520,67,20972,0.12884615384615383,0.054207119741100325,query_1,['GO:0008150']
GO:BP,GO:0071495,cellular response to endogenous stimulus,1.1549573202417841e-07,True,"""Any process that results in a change in state or activity of a cell (in terms of movement, secretion, enzyme production, gene expression, etc.) as a result of a stimulus arising within the organism."" [GOC:mah]",1238,520,67,20972,0.12884615384615383,0.05411954765751212,query_1,['GO:0009719']
GO:BP,GO:0045785,positive regulation of cell adhesion,1.164786468263001e-07,True,"""Any process that activates or increases the frequency, rate or extent of cell adhesion."" [GOC:go_curators]",483,520,37,20972,0.07115384615384615,0.07660455486542443,query_1,"['GO:0007155', 'GO:0030155', 'GO:0048522']"
GO:BP,GO:0048523,negative regulation of cellular process,1.2755848000037842e-07,True,"""Any process that stops, prevents, or reduces the frequency, rate or extent of a cellular process, any of those that are carried out at the cellular level, but are not necessarily restricted to a single cell. For example, cell communication occurs among more than one cell, but occurs at the cellular level."" [GOC:jid]",5510,520,198,20972,0.38076923076923075,0.035934664246823955,query_1,"['GO:0009987', 'GO:0048519', 'GO:0050794']"
GO:BP,GO:0070482,response to oxygen levels,1.3481113451162191e-07,True,"""Any process that results in a change in state or activity of a cell or an organism (in terms of movement, secretion, enzyme production, gene expression, etc.) as a result of a stimulus reflecting the presence, absence, or concentration of oxygen."" [GOC:BHF, GOC:mah]",317,520,29,20972,0.05576923076923077,0.0914826498422713,query_1,['GO:0009628']
GO:BP,GO:0032879,regulation of localization,1.578971020638084e-07,True,"""Any process that modulates the frequency, rate or extent of any process in which a cell, a substance, or a cellular entity is transported to, or maintained in, a specific location."" [GOC:mah]",1914,520,90,20972,0.17307692307692307,0.047021943573667714,query_1,"['GO:0050789', 'GO:0051179']"
GO:BP,GO:0060429,epithelium development,2.3282713618965561e-07,True,"""The process whose specific outcome is the progression of an epithelium over time, from its formation to the mature structure. An epithelium is a tissue that covers the internal or external surfaces of an anatomical structure."" [GOC:dph, GOC:mtg_lung]",1234,520,66,20972,0.12692307692307692,0.05348460291734198,query_1,['GO:0009888']
GO:BP,GO:0007169,cell surface receptor protein tyrosine kinase signaling pathway,2.8728262772979884e-07,True,"""The series of molecular signals initiated by an extracellular ligand binding to a receptor on the surface of the target cell where the receptor possesses tyrosine kinase activity, and ending with the regulation of a downstream cellular process, e.g. transcription."" [GOC:ceb, GOC:signaling]",641,520,43,20972,0.08269230769230769,0.06708268330733229,query_1,['GO:0007167']
GO:BP,GO:0030029,actin filament-based process,3.0260423402883435e-07,True,"""Any cellular process that depends upon or alters the actin cytoskeleton, that part of the cytoskeleton comprising actin filaments and their associated proteins."" [GOC:mah]",816,520,50,20972,0.09615384615384616,0.061274509803921566,query_1,['GO:0009987']
GO:BP,GO:0003013,circulatory system process,3.042628410308804e-07,True,"""An organ system process carried out by any of the organs or tissues of the circulatory system. The circulatory system is an organ system that moves extracellular fluids to and from tissue within a multicellular organism."" [GOC:mtg_cardio]",595,520,41,20972,0.07884615384615384,0.06890756302521009,query_1,['GO:0003008']
GO:BP,GO:0008015,blood circulation,4.791414494920118e-07,True,"""The flow of blood through the body of an animal, enabling the transport of nutrients to the tissues and the removal of waste products."" [GOC:mtg_heart, ISBN:0192800825]",511,520,37,20972,0.07115384615384615,0.07240704500978473,query_1,['GO:0003013']
GO:BP,GO:0090287,regulation of cellular response to growth factor stimulus,5.486214442814202e-07,True,"""Any process that modulates the rate, frequency, or extent of a change in state or activity of a cell (in terms of movement, secretion, enzyme production, gene expression, etc.) as a result of a growth factor stimulus."" [GOC:tb]",318,520,28,20972,0.05384615384615385,0.0880503144654088,query_1,"['GO:0048583', 'GO:0071363']"
GO:BP,GO:0048699,generation of neurons,5.871753662292375e-07,True,"""The process in which nerve cells are generated. This includes the production of neuroblasts and their differentiation into neurons."" [GOC:nln]",1523,520,75,20972,0.14423076923076922,0.04924491135915955,query_1,['GO:0022008']
GO:BP,GO:0009628,response to abiotic stimulus,7.654211222282599e-07,True,"""Any process that results in a change in state or activity of a cell or an organism (in terms of movement, secretion, enzyme production, gene expression, etc.) as a result of an abiotic (not derived from living organisms) stimulus."" [GOC:hb]",1108,520,60,20972,0.11538461538461539,0.05415162454873646,query_1,['GO:0050896']
GO:BP,GO:0008283,cell population proliferation,9.659323736576518e-07,True,"""The multiplication or reproduction of cells, resulting in the expansion of a cell population."" [GOC:mah, GOC:mb]",1961,520,89,20972,0.17115384615384616,0.04538500764915859,query_1,['GO:0009987']
GO:BP,GO:0050673,epithelial cell proliferation,9.858129221670118e-07,True,"""The multiplication or reproduction of epithelial cells, resulting in the expansion of a cell population. Epithelial cells make up the epithelium, the covering of internal and external surfaces of the body, including the lining of vessels and other small cavities. It consists of cells joined by small amounts of cementing substances."" [ISBN:0721662544]",435,520,33,20972,0.06346153846153846,0.07586206896551724,query_1,['GO:0008283']
GO:BP,GO:0032880,regulation of protein localization,1.4450681210187067e-06,True,"""Any process that modulates the frequency, rate or extent of any process in which a protein is transported to, or maintained in, a specific location."" [GOC:dph, GOC:mah, GOC:tb]",859,520,50,20972,0.09615384615384616,0.05820721769499418,query_1,"['GO:0008104', 'GO:0032879']"
GO:BP,GO:0070887,cellular response to chemical stimulus,1.534366158539777e-06,True,"""Any process that results in a change in state or activity of a cell (in terms of movement, secretion, enzyme production, gene expression, etc.) as a result of a chemical stimulus."" [GOC:mah]",2199,520,96,20972,0.18461538461538463,0.04365620736698499,query_1,"['GO:0042221', 'GO:0051716']"
GO:BP,GO:0007010,cytoskeleton organization,1.6431370623531962e-06,True,"""A process that is carried out at the cellular level which results in the assembly, arrangement of constituent parts, or disassembly of cytoskeletal structures."" [GOC:dph, GOC:jl, GOC:mah]",1534,520,74,20972,0.1423076923076923,0.048239895697522815,query_1,['GO:0006996']
GO:BP,GO:0141124,intracellular signaling cassette,1.7254345080476709e-06,True,"""An intracellular signaling module that is part of larger signaling pathways that can be initiated either intracellularly or by cell surface receptors. Intracellular signaling cassettes are discrete signaling units that are often shared by multiple signaling pathways."" [GOC:ha, GOC:pg]",1866,520,85,20972,0.16346153846153846,0.04555198285101822,query_1,['GO:0035556']
GO:BP,GO:0051049,regulation of transport,1.7254345080476709e-06,True,"""Any process that modulates the frequency, rate or extent of the directed movement of substances (such as macromolecules, small molecules, ions) into, out of or within a cell, or between cells, by means of some agent such as a transporter or pore."" [GOC:ai]",1566,520,75,20972,0.14423076923076922,0.04789272030651341,query_1,"['GO:0006810', 'GO:0032879']"
GO:BP,GO:0048522,positive regulation of cellular process,1.8693457194497673e-06,True,"""Any process that activates or increases the frequency, rate or extent of a cellular process, any of those that are carried out at the cellular level, but are not necessarily restricted to a single cell. For example, cell communication occurs among more than one cell, but occurs at the cellular level."" [GOC:jid]",5739,520,199,20972,0.38269230769230766,0.034675030493117265,query_1,"['GO:0009987', 'GO:0048518', 'GO:0050794']"
GO:BP,GO:0007507,heart development,2.038219409183905e-06,True,"""The process whose specific outcome is the progression of the heart over time, from its formation to the mature structure. The heart is a hollow, muscular organ, which, by contracting rhythmically, keeps up the circulation of the blood."" [GOC:jid, UBERON:0000948]",591,520,39,20972,0.075,0.06598984771573604,query_1,"['GO:0048513', 'GO:0072359']"
GO:BP,GO:0030036,actin cytoskeleton organization,2.09749794906199e-06,True,"""A process that is carried out at the cellular level which results in the assembly, arrangement of constituent parts, or disassembly of cytoskeletal structures comprising actin filaments and their associated proteins."" [GOC:dph, GOC:jl, GOC:mah]",716,520,44,20972,0.08461538461538462,0.061452513966480445,query_1,"['GO:0007010', 'GO:0030029']"
GO:BP,GO:0007417,central nervous system development,2.2406849774102304e-06,True,"""The process whose specific outcome is the progression of the central nervous system over time, from its formation to the mature structure. The central nervous system is the core nervous system that serves an integrating and coordinating function. In vertebrates it consists of the brain and spinal cord. In those invertebrates with a central nervous system it typically consists of a brain, cerebral ganglia and a nerve cord."" [GOC:bf, GOC:jid, ISBN:0582227089]",1035,520,56,20972,0.1076923076923077,0.05410628019323672,query_1,"['GO:0007399', 'GO:0048731']"
GO:BP,GO:0042127,regulation of cell population proliferation,2.3206631273627866e-06,True,"""Any process that modulates the frequency, rate or extent of cell proliferation."" [GOC:jl]",1639,520,77,20972,0.14807692307692308,0.04697986577181208,query_1,"['GO:0008283', 'GO:0050794']"
GO:BP,GO:0051094,positive regulation of developmental process,3.647773835943654e-06,True,"""Any process that activates or increases the rate or extent of development, the biological process whose specific outcome is the progression of an organism over time from an initial condition (e.g. a zygote, or a young adult) to a later condition (e.g. a multicellular animal or an aged adult)."" [GOC:ai]",1305,520,65,20972,0.125,0.04980842911877394,query_1,"['GO:0032502', 'GO:0048518', 'GO:0050793']"
GO:BP,GO:0034329,cell junction assembly,3.647773835943654e-06,True,"""A cellular process that results in the aggregation, arrangement and bonding together of a set of components to form a cell junction."" [GOC:mah]",509,520,35,20972,0.0673076923076923,0.068762278978389,query_1,"['GO:0022607', 'GO:0034330']"
GO:BP,GO:0042060,wound healing,3.647773835943654e-06,True,"""The series of events that restore integrity to a damaged tissue, following an injury."" [GOC:bf, PMID:15269788]",439,520,32,20972,0.06153846153846154,0.07289293849658314,query_1,['GO:0009611']
GO:BP,GO:0060537,muscle tissue development,4.579966896805056e-06,True,"""The progression of muscle tissue over time, from its initial formation to its mature state. Muscle tissue is a contractile tissue made up of actin and myosin fibers."" [GOC:dph]",421,520,31,20972,0.05961538461538462,0.07363420427553444,query_1,['GO:0009888']
GO:BP,GO:0010810,regulation of cell-substrate adhesion,4.609075985062792e-06,True,"""Any process that modulates the frequency, rate or extent of cell-substrate adhesion. Cell-substrate adhesion is the attachment of a cell to the underlying substrate via adhesion molecules."" [GOC:dph, GOC:pf, GOC:tb]",212,520,21,20972,0.04038461538461539,0.09905660377358491,query_1,"['GO:0030155', 'GO:0031589']"
GO:BP,GO:0007267,cell-cell signaling,4.7425485437433006e-06,True,"""Any process that mediates the transfer of information from one cell to another. This process includes signal transduction in the receiving cell and, where applicable, release of a ligand and any processes that actively facilitate its transport and presentation to the receiving cell. Examples include signaling via soluble ligands, via cell adhesion molecules and via gap junctions."" [GOC:dos, GOC:mah]",1316,520,65,20972,0.125,0.04939209726443769,query_1,"['GO:0007154', 'GO:0023052']"
GO:BP,GO:0003008,system process,4.7425485437433006e-06,True,"""A multicellular organismal process carried out by any of the organs or tissues in an organ system. An organ system is a regularly interacting or interdependent group of organs or tissues that work together to carry out a biological objective."" [GOC:mtg_cardio]",2290,520,97,20972,0.18653846153846154,0.042358078602620086,query_1,['GO:0032501']
GO:BP,GO:0051130,positive regulation of cellular component organization,4.978841909437853e-06,True,"""Any process that activates or increases the frequency, rate or extent of a process involved in the formation, arrangement of constituent parts, or disassembly of cell structures, including the plasma membrane and any external encapsulating structures such as the cell wall and cell envelope."" [GOC:ai]",1091,520,57,20972,0.10961538461538461,0.05224564619615032,query_1,"['GO:0016043', 'GO:0048522', 'GO:0051128']"
GO:BP,GO:0051241,negative regulation of multicellular organismal process,4.978841909437853e-06,True,"""Any process that stops, prevents, or reduces the frequency, rate or extent of an organismal process, the processes pertinent to the function of an organism above the cellular level; includes the integrated processes of tissues and organs."" [GOC:ai]",1091,520,57,20972,0.10961538461538461,0.05224564619615032,query_1,"['GO:0032501', 'GO:0048519', 'GO:0051239']"
GO:BP,GO:0007160,cell-matrix adhesion,5.072536135534661e-06,True,"""The binding of a cell to the extracellular matrix via adhesion molecules."" [GOC:hb]",233,520,22,20972,0.04230769230769231,0.0944206008583691,query_1,['GO:0031589']
GO:BP,GO:0044057,regulation of system process,5.404660997420629e-06,True,"""Any process that modulates the frequency, rate or extent of a system process, a multicellular organismal process carried out by any of the organs or tissues in an organ system."" [GOC:jl]",543,520,36,20972,0.06923076923076923,0.06629834254143646,query_1,"['GO:0003008', 'GO:0051239']"
GO:BP,GO:0030335,positive regulation of cell migration,5.602661179621533e-06,True,"""Any process that activates or increases the frequency, rate or extent of cell migration."" [GOC:go_curators]",544,520,36,20972,0.06923076923076923,0.0661764705882353,query_1,"['GO:0016477', 'GO:0030334', 'GO:2000147']"
GO:BP,GO:0030182,neuron differentiation,6.073072919113025e-06,True,"""The process in which a relatively unspecialized cell acquires specialized features of a neuron."" [GOC:mah]",1444,520,69,20972,0.1326923076923077,0.04778393351800554,query_1,"['GO:0030154', 'GO:0048699']"
GO:BP,GO:0071560,cellular response to transforming growth factor beta stimulus,6.65771687943455e-06,True,"""Any process that results in a change in state or activity of a cell (in terms of movement, secretion, enzyme production, gene expression, etc.) as a result of a transforming growth factor beta stimulus."" [GOC:ecd, PMID:15451575]",257,520,23,20972,0.04423076923076923,0.08949416342412451,query_1,"['GO:0071363', 'GO:0071559']"
GO:BP,GO:0061061,muscle structure development,6.694612655494744e-06,True,"""The progression of a muscle structure over time, from its formation to its mature state. Muscle structures are contractile cells, tissues or organs that are found in multicellular organisms."" [GOC:dph]",673,520,41,20972,0.07884615384615384,0.06092124814264487,query_1,['GO:0048856']
GO:BP,GO:1901342,regulation of vasculature development,6.955212746742769e-06,True,"""Any process that modulates the frequency, rate or extent of vasculature development."" [GOC:TermGenie]",299,520,25,20972,0.04807692307692308,0.08361204013377926,query_1,"['GO:0001944', 'GO:2000026']"
GO:BP,GO:0007015,actin filament organization,7.876262296302607e-06,True,"""A process that is carried out at the cellular level which results in the assembly, arrangement of constituent parts, or disassembly of cytoskeletal structures comprising actin filaments. Includes processes that control the spatial distribution of actin filaments, such as organizing filaments into meshworks, bundles, or other structures, as by cross-linking."" [GOC:mah]",457,520,32,20972,0.06153846153846154,0.0700218818380744,query_1,"['GO:0030036', 'GO:0097435']"
GO:BP,GO:0048666,neuron development,8.2327583808882e-06,True,"""The process whose specific outcome is the progression of a neuron over time, from initial commitment of the cell to a specific fate, to the fully functional differentiated cell."" [GOC:dph]",1167,520,59,20972,0.11346153846153846,0.050556983718937444,query_1,"['GO:0030182', 'GO:0048468']"
GO:BP,GO:0071559,response to transforming growth factor beta,1.0335130678504664e-05,True,"""Any process that results in a change in state or activity of a cell or an organism (in terms of movement, secretion, enzyme production, gene expression, etc.) as a result of a transforming growth factor beta stimulus."" [GOC:mah]",264,520,23,20972,0.04423076923076923,0.08712121212121213,query_1,['GO:0070848']
GO:BP,GO:0010647,positive regulation of cell communication,1.2681715904525622e-05,True,"""Any process that increases the frequency, rate or extent of cell communication. Cell communication is the process that mediates interactions between a cell and its surroundings. Encompasses interactions such as signaling or attachment between one cell and another cell, between a cell and an extracellular matrix, or between a cell and any other aspect of its environment."" [GOC:dph, GOC:tb]",1778,520,79,20972,0.1519230769230769,0.04443194600674916,query_1,"['GO:0007154', 'GO:0010646', 'GO:0048522']"
GO:BP,GO:0097435,supramolecular fiber organization,1.3819695866859809e-05,True,"""A process that is carried out at the cellular level which results in the assembly, arrangement of constituent parts, or disassembly of a supramolecular fiber, a polymer consisting of an indefinite number of protein or protein complex subunits that have polymerised to form a fiber-shaped structure."" [GOC:pr]",798,520,45,20972,0.08653846153846154,0.05639097744360902,query_1,['GO:0016043']
GO:BP,GO:0050678,regulation of epithelial cell proliferation,1.5011880638847326e-05,True,"""Any process that modulates the frequency, rate or extent of epithelial cell proliferation."" [GOC:ai]",356,520,27,20972,0.051923076923076926,0.07584269662921349,query_1,"['GO:0042127', 'GO:0050673']"
GO:BP,GO:0006796,phosphate-containing compound metabolic process,1.5557629838820645e-05,True,"""The chemical reactions and pathways involving the phosphate group, the anion or salt of any phosphoric acid."" [GOC:ai]",2196,520,92,20972,0.17692307692307693,0.04189435336976321,query_1,['GO:0006793']
GO:BP,GO:0045765,regulation of angiogenesis,1.582231855183995e-05,True,"""Any process that modulates the frequency, rate or extent of angiogenesis."" [GOC:go_curators]",292,520,24,20972,0.046153846153846156,0.0821917808219178,query_1,"['GO:0001525', 'GO:0022603', 'GO:1901342']"
GO:BP,GO:0006793,phosphorus metabolic process,1.6119106174103373e-05,True,"""The chemical reactions and pathways involving the nonmetallic element phosphorus or compounds that contain phosphorus."" [GOC:ai]",2199,520,92,20972,0.17692307692307693,0.041837198726693954,query_1,['GO:0008152']
GO:BP,GO:2000147,positive regulation of cell motility,1.6119106174103373e-05,True,"""Any process that activates or increases the frequency, rate or extent of cell motility."" [GOC:mah]",571,520,36,20972,0.06923076923076923,0.06304728546409807,query_1,"['GO:0040017', 'GO:0048522', 'GO:0048870', 'GO:2000145']"
GO:BP,GO:0032970,regulation of actin filament-based process,1.742329507833419e-05,True,"""Any process that modulates the frequency, rate or extent of any cellular process that depends upon or alters the actin cytoskeleton."" [GOC:mah]",382,520,28,20972,0.05384615384615385,0.07329842931937172,query_1,"['GO:0030029', 'GO:0050794']"
GO:BP,GO:0046903,secretion,1.7971585077755447e-05,True,"""The controlled release of a substance by a cell or a tissue."" [GOC:ai]",971,520,51,20972,0.09807692307692308,0.05252317198764161,query_1,['GO:0006810']
GO:BP,GO:0009887,animal organ morphogenesis,1.8469896310669567e-05,True,"""Morphogenesis of an animal organ. An organ is defined as a tissue or set of tissues that work together to perform a specific function or functions. Morphogenesis is the process in which anatomical structures are generated and organized. Organs are commonly observed as visibly distinct structures, but may also exist as loosely associated clusters of cells that work together to perform a specific function or functions."" [GOC:dgh, GOC:go_curators, ISBN:0471245208, ISBN:0721662544]",1000,520,52,20972,0.1,0.052,query_1,"['GO:0009653', 'GO:0048513']"
GO:BP,GO:0035556,intracellular signal transduction,1.950441804206041e-05,True,"""The process in which a signal is passed on to downstream components within the cell, which become activated themselves to further propagate the signal and finally trigger a change in the function or state of the cell."" [GOC:bf, GOC:jl, GOC:signaling, ISBN:3527303782]",2963,520,115,20972,0.22115384615384615,0.03881201484981438,query_1,['GO:0007165']
GO:BP,GO:0060322,head development,2.1927452981028472e-05,True,"""The biological process whose specific outcome is the progression of a head from an initial condition to its mature state. The head is the anterior-most division of the body."" [GOC:dph]",787,520,44,20972,0.08461538461538462,0.05590851334180432,query_1,['GO:0048856']
GO:BP,GO:0023056,positive regulation of signaling,2.3472158869363226e-05,True,"""Any process that activates, maintains or increases the frequency, rate or extent of a signaling process."" [GOC:mtg_signal]",1779,520,78,20972,0.15,0.04384485666104553,query_1,"['GO:0023051', 'GO:0023052', 'GO:0048518']"
GO:BP,GO:0030030,cell projection organization,2.4745423096318686e-05,True,"""A process that is carried out at the cellular level which results in the assembly, arrangement of constituent parts, or disassembly of a prolongation or process extending from a cell, e.g. a flagellum or axon."" [GOC:jl, GOC:mah, PMID:16318917]",1628,520,73,20972,0.14038461538461539,0.04484029484029484,query_1,['GO:0016043']
GO:BP,GO:0098657,import into cell,2.7029227707885213e-05,True,"""The directed movement of some substance from outside of a cell into a cell. This may occur via transport across the plasma membrane or via endocytosis."" [GOC:dos]",958,520,50,20972,0.09615384615384616,0.05219206680584551,query_1,['GO:0006810']
GO:BP,GO:0040017,positive regulation of locomotion,2.7723858344665925e-05,True,"""Any process that activates or increases the frequency, rate or extent of locomotion of a cell or organism."" [GOC:go_curators]",586,520,36,20972,0.06923076923076923,0.06143344709897611,query_1,"['GO:0040011', 'GO:0040012', 'GO:0048518']"
GO:BP,GO:0050808,synapse organization,2.7723858344665925e-05,True,"""A process that is carried out at the cellular level which results in the assembly, arrangement of constituent parts, or disassembly of a synapse, the junction between a neuron and a target (neuron, muscle, or secretory cell)."" [GOC:ai, GOC:pr]",561,520,35,20972,0.0673076923076923,0.062388591800356503,query_1,['GO:0034330']
GO:BP,GO:0048858,cell projection morphogenesis,3.450101620649391e-05,True,"""The process in which the anatomical structures of a cell projection are generated and organized."" [GO_REF:0000021]",669,520,39,20972,0.075,0.05829596412556054,query_1,"['GO:0000902', 'GO:0009653', 'GO:0030030']"
GO:BP,GO:0042063,gliogenesis,3.908958051345606e-05,True,"""The process that results in the generation of glial cells. This includes the production of glial progenitors and their differentiation into mature glia."" [GOC:dgh, GOC:jid]",331,520,25,20972,0.04807692307692308,0.0755287009063444,query_1,['GO:0022008']
GO:BP,GO:0006810,transport,4.588162029998178e-05,True,"""The directed movement of substances (such as macromolecules, small molecules, ions) or cellular components (such as complexes and organelles) into, out of or within a cell, or between cells, or within a multicellular organism by means of some agent such as a transporter or a transporter complex, a pore or a motor protein."" [GOC:dos, GOC:dph, GOC:jl, GOC:mah]",4370,520,154,20972,0.29615384615384616,0.035240274599542334,query_1,['GO:0051234']
GO:BP,GO:0006950,response to stress,4.719568071963771e-05,True,"""Any process that results in a change in state or activity of a cell or an organism (in terms of movement, secretion, enzyme production, gene expression, etc.) as a result of a disturbance in organismal or cellular homeostasis, usually, but not necessarily, exogenous (e.g. temperature, humidity, ionizing radiation)."" [GOC:mah]",3984,520,143,20972,0.275,0.03589357429718876,query_1,['GO:0050896']
GO:BP,GO:0034446,substrate adhesion-dependent cell spreading,4.8163345636189875e-05,True,"""The morphogenetic process that results in flattening of a cell as a consequence of its adhesion to a substrate."" [GOC:mah, GOC:pf, PMID:17050732]",100,520,13,20972,0.025,0.13,query_1,['GO:0031589']
GO:BP,GO:0043542,endothelial cell migration,4.8163345636189875e-05,True,"""The orderly movement of an endothelial cell into the extracellular matrix to form an endothelium."" [GOC:go_curators]",228,520,20,20972,0.038461538461538464,0.08771929824561403,query_1,['GO:0016477']
GO:BP,GO:0009967,positive regulation of signal transduction,4.854616176944594e-05,True,"""Any process that activates or increases the frequency, rate or extent of signal transduction."" [GOC:sm]",1569,520,70,20972,0.1346153846153846,0.04461440407903123,query_1,"['GO:0007165', 'GO:0009966', 'GO:0010647', 'GO:0023056', 'GO:0048584']"
GO:BP,GO:0010001,glial cell differentiation,4.854616176944594e-05,True,"""The process in which a relatively unspecialized cell acquires the specialized features of a glial cell."" [GOC:go_curators, GOC:mtg_sensu]",249,520,21,20972,0.04038461538461539,0.08433734939759036,query_1,"['GO:0030154', 'GO:0042063']"
GO:BP,GO:0031175,neuron projection development,5.0630873917806734e-05,True,"""The process whose specific outcome is the progression of a neuron projection over time, from its formation to the mature structure. A neuron projection is any process extending from a neural cell, such as axons or dendrites (collectively called neurites)."" [GOC:mah]",1010,520,51,20972,0.09807692307692308,0.0504950495049505,query_1,"['GO:0048666', 'GO:0120036']"
GO:BP,GO:0007420,brain development,5.349167051199997e-05,True,"""The process whose specific outcome is the progression of the brain over time, from its formation to the mature structure. Brain development begins with patterning events in the neural tube and ends with the mature structure that is the center of thought and emotion. The brain is responsible for the coordination and control of bodily activities and the interpretation of information from the senses (sight, hearing, smell, etc.)."" [GOC:dph, GOC:jid, GOC:tb, UBERON:0000955]",736,520,41,20972,0.07884615384615384,0.05570652173913043,query_1,"['GO:0007417', 'GO:0048513', 'GO:0060322']"
GO:BP,GO:0019364,pyridine nucleotide catabolic process,5.841291503877287e-05,True,"""The chemical reactions and pathways resulting in the breakdown of a pyridine nucleotide, a nucleotide characterized by a pyridine derivative as a nitrogen base."" [GOC:jl, GOC:pde, GOC:vw]",102,520,13,20972,0.025,0.12745098039215685,query_1,"['GO:0009166', 'GO:0072526']"
GO:BP,GO:0009135,purine nucleoside diphosphate metabolic process,6.08369766085352e-05,True,"""The chemical reactions and pathways involving purine nucleoside diphosphate, a compound consisting of a purine base linked to a ribose or deoxyribose sugar esterified with diphosphate on the sugar."" [GOC:go_curators, ISBN:0198506732]",119,520,14,20972,0.026923076923076925,0.11764705882352941,query_1,['GO:0009132']
GO:BP,GO:0009179,purine ribonucleoside diphosphate metabolic process,6.08369766085352e-05,True,"""The chemical reactions and pathways involving purine ribonucleoside diphosphate, a compound consisting of a purine base linked to a ribose sugar esterified with diphosphate on the sugar."" [GOC:go_curators, ISBN:0198506732]",119,520,14,20972,0.026923076923076925,0.11764705882352941,query_1,"['GO:0009135', 'GO:0009185']"
GO:BP,GO:0120036,plasma membrane bounded cell projection organization,6.201142102957323e-05,True,"""A process that is carried out at the cellular level which results in the assembly, arrangement of constituent parts, or disassembly of a plasma membrane bounded prolongation or process extending from a cell, e.g. a cilium or axon."" [GOC:krc]",1582,520,70,20972,0.1346153846153846,0.04424778761061947,query_1,['GO:0030030']
GO:BP,GO:0016310,phosphorylation,6.402352355725614e-05,True,"""The process of introducing a phosphate group into a molecule, usually with the formation of a phosphoric ester, a phosphoric anhydride or a phosphoric amide."" [ISBN:0198506732]",1077,520,53,20972,0.10192307692307692,0.04921077065923862,query_1,['GO:0006796']
GO:BP,GO:0120039,plasma membrane bounded cell projection morphogenesis,6.698636504400616e-05,True,"""The process in which the anatomical structures of a plasma membrane bounded cell projection are generated and organized."" [GOC:krc]",664,520,38,20972,0.07307692307692308,0.0572289156626506,query_1,['GO:0048858']
GO:BP,GO:0048729,tissue morphogenesis,6.705484573913126e-05,True,"""The process in which the anatomical structures of a tissue are generated and organized."" [GOC:dph, GOC:jid]",612,520,36,20972,0.06923076923076923,0.058823529411764705,query_1,"['GO:0009653', 'GO:0009888']"
GO:BP,GO:0009612,response to mechanical stimulus,6.796320972750237e-05,True,"""Any process that results in a change in state or activity of a cell or an organism (in terms of movement, secretion, enzyme production, gene expression, etc.) as a result of a mechanical stimulus."" [GOC:hb]",214,520,19,20972,0.03653846153846154,0.08878504672897196,query_1,"['GO:0009605', 'GO:0009628']"
GO:BP,GO:0043066,negative regulation of apoptotic process,7.214309791145374e-05,True,"""Any process that stops, prevents, or reduces the frequency, rate or extent of cell death by apoptotic process."" [GOC:jl, GOC:mtg_apoptosis]",856,520,45,20972,0.08653846153846154,0.052570093457943924,query_1,"['GO:0006915', 'GO:0042981', 'GO:0043069']"
GO:BP,GO:0001501,skeletal system development,7.306389019952738e-05,True,"""The process whose specific outcome is the progression of the skeleton over time, from its formation to the mature structure. The skeleton is the bony framework of the body in vertebrates (endoskeleton) or the hard outer envelope of insects (exoskeleton or dermoskeleton)."" [GOC:dph, GOC:jid, GOC:tb]",538,520,33,20972,0.06346153846153846,0.06133828996282528,query_1,['GO:0048731']
GO:BP,GO:0072526,pyridine-containing compound catabolic process,7.60996478643476e-05,True,"""The chemical reactions and pathways resulting in the breakdown of a pyridine-containing compound, i.e. any compound that contains pyridine or a formal derivative thereof."" [GOC:mah]",105,520,13,20972,0.025,0.12380952380952381,query_1,"['GO:0009056', 'GO:0072524']"
GO:BP,GO:0010811,positive regulation of cell-substrate adhesion,7.734224947646524e-05,True,"""Any process that increases the frequency, rate or extent of cell-substrate adhesion. Cell-substrate adhesion is the attachment of a cell to the underlying substrate via adhesion molecules."" [GOC:dph, GOC:pf, GOC:tb]",122,520,14,20972,0.026923076923076925,0.11475409836065574,query_1,"['GO:0010810', 'GO:0031589', 'GO:0045785']"
GO:BP,GO:0043069,negative regulation of programmed cell death,7.751570452250746e-05,True,"""Any process that stops, prevents, or reduces the frequency, rate or extent of programmed cell death, cell death resulting from activation of endogenous cellular processes."" [GOC:jl]",887,520,46,20972,0.08846153846153847,0.05186020293122886,query_1,"['GO:0012501', 'GO:0043067', 'GO:0048523']"
REAC,REAC:R-HSA-70263,Gluconeogenesis,8.337378868131671e-05,True,Gluconeogenesis,24,322,8,11056,0.024844720496894408,0.3333333333333333,query_1,['REAC:R-HSA-70326']
REAC,REAC:R-HSA-3000178,ECM proteoglycans,8.337378868131671e-05,True,ECM proteoglycans,76,322,13,11056,0.040372670807453416,0.17105263157894737,query_1,['REAC:R-HSA-1474244']
GO:BP,GO:0046031,ADP metabolic process,9.254482867856532e-05,True,"""The chemical reactions and pathways involving ADP, adenosine 5'-diphosphate."" [GOC:go_curators]",107,520,13,20972,0.025,0.12149532710280374,query_1,"['GO:0009150', 'GO:0009179']"
GO:BP,GO:0048598,embryonic morphogenesis,9.553275007528698e-05,True,"""The process in which anatomical structures are generated and organized during the embryonic phase. The embryonic phase begins with zygote formation. The end of the embryonic phase is organism-specific. For example, it would be at birth for mammals, larval hatching for insects and seed dormancy in plants."" [GOC:jid, GOC:mtg_sensu]",623,520,36,20972,0.06923076923076923,0.05778491171749599,query_1,"['GO:0009653', 'GO:0009790']"
GO:BP,GO:0090066,regulation of anatomical structure size,0.00010671102158656025,True,"""Any process that modulates the size of an anatomical structure."" [GOC:dph, GOC:tb]",498,520,31,20972,0.05961538461538462,0.06224899598393574,query_1,['GO:0065008']
GO:BP,GO:0006007,glucose catabolic process,0.00011562752834315308,True,"""The chemical reactions and pathways resulting in the breakdown of glucose, the aldohexose gluco-hexose."" [GOC:ai]",27,520,7,20972,0.013461538461538462,0.25925925925925924,query_1,"['GO:0006006', 'GO:0019320']"
GO:BP,GO:0007162,negative regulation of cell adhesion,0.00011562752834315308,True,"""Any process that stops, prevents, or reduces the frequency, rate or extent of cell adhesion."" [GOC:go_curators]",287,520,22,20972,0.04230769230769231,0.07665505226480836,query_1,"['GO:0007155', 'GO:0030155', 'GO:0048523']"
GO:BP,GO:0051050,positive regulation of transport,0.00011562752834315308,True,"""Any process that activates or increases the frequency, rate or extent of the directed movement of substances (such as macromolecules, small molecules, ions) into, out of or within a cell, or between cells, by means of some agent such as a transporter or pore."" [GOC:ai]",818,520,43,20972,0.08269230769230769,0.05256723716381418,query_1,"['GO:0006810', 'GO:0048518', 'GO:0051049']"
GO:BP,GO:0003012,muscle system process,0.00012338404265857685,True,"""An organ system process carried out at the level of a muscle. Muscle tissue is composed of contractile cells or fibers."" [GOC:mtg_cardio]",428,520,28,20972,0.05384615384615385,0.06542056074766354,query_1,['GO:0003008']
GO:BP,GO:0006090,pyruvate metabolic process,0.00012966570246652302,True,"""The chemical reactions and pathways involving pyruvate, 2-oxopropanoate."" [GOC:go_curators]",128,520,14,20972,0.026923076923076925,0.109375,query_1,['GO:0032787']
GO:BP,GO:0048738,cardiac muscle tissue development,0.00013045991341116095,True,"""The process whose specific outcome is the progression of cardiac muscle over time, from its formation to the mature structure."" [GOC:dph, GOC:jid, GOC:lm]",225,520,19,20972,0.03653846153846154,0.08444444444444445,query_1,"['GO:0007507', 'GO:0014706']"
GO:BP,GO:0043954,cellular component maintenance,0.00013543527341741655,True,"""The organization process that preserves a cellular component in a stable functional or structural state."" [GOC:dph, GOC:jl, GOC:mah]",79,520,11,20972,0.021153846153846155,0.13924050632911392,query_1,['GO:0016043']
GO:BP,GO:0042221,response to chemical,0.00013880721002417165,True,"""Any process that results in a change in state or activity of a cell or an organism (in terms of movement, secretion, enzyme production, gene expression, etc.) as a result of a chemical stimulus."" [GOC:jl]",3863,520,137,20972,0.26346153846153847,0.03546466476831478,query_1,['GO:0050896']
GO:BP,GO:0009185,ribonucleoside diphosphate metabolic process,0.00015202780532930045,True,"""The chemical reactions and pathways involving a ribonucleoside diphosphate, a compound consisting of a nucleobase linked to a ribose sugar esterified with diphosphate on the sugar."" [GOC:go_curators, ISBN:0198506732]",130,520,14,20972,0.026923076923076925,0.1076923076923077,query_1,['GO:0009132']
GO:BP,GO:0140352,export from cell,0.00015807824808778485,True,"""The directed movement of some substance from a cell, into the extracellular region. This may occur via transport across the plasma membrane or via exocytosis."" [GOC:pg]",914,520,46,20972,0.08846153846153847,0.05032822757111598,query_1,"['GO:0006810', 'GO:0009987']"
GO:BP,GO:0061718,glucose catabolic process to pyruvate,0.0001582809562629927,True,"""The chemical reactions and pathways resulting in the breakdown of glucose, with the production of pyruvate."" [GOC:dph]",19,520,6,20972,0.011538461538461539,0.3157894736842105,query_1,"['GO:0006007', 'GO:0006090']"
GO:BP,GO:0061621,canonical glycolysis,0.0001582809562629927,True,"""The glycolytic process that begins with the conversion of glucose to glucose-6-phosphate by glucokinase activity. Glycolytic processes are the chemical reactions and pathways resulting in the breakdown of a carbohydrate into pyruvate, with the concomitant production of a small amount of ATP."" [GOC:dph, ISBN:0201090910, ISBN:0879010479]",19,520,6,20972,0.011538461538461539,0.3157894736842105,query_1,"['GO:0061620', 'GO:0061718']"
GO:BP,GO:0034331,cell junction maintenance,0.00015923277916033674,True,"""The organization process that preserves a cell junction in a stable functional or structural state. A cell junction is a specialized region of connection between two cells or between a cell and the extracellular matrix."" [GOC:dph, GOC:jl, GOC:mah]",52,520,9,20972,0.01730769230769231,0.17307692307692307,query_1,"['GO:0034330', 'GO:0043954']"
GO:BP,GO:0032956,regulation of actin cytoskeleton organization,0.0001619273865548693,True,"""Any process that modulates the frequency, rate or extent of the formation, arrangement of constituent parts, or disassembly of cytoskeletal structures comprising actin filaments and their associated proteins."" [GOC:mah]",340,520,24,20972,0.046153846153846156,0.07058823529411765,query_1,"['GO:0030036', 'GO:0032970', 'GO:0051493']"
GO:BP,GO:0000165,MAPK cascade,0.0001645303919869466,True,"""An intracellular protein kinase cascade containing at least a MAP kinase (MAPK). It starts with the activation of a MAP3K, and the consecutive activation of a MPK2K and a MAPK. The cascade can also contain an additional tier: the upstream MAP4K. The kinases in each tier phosphorylate and activate the kinase in the downstream tier to transmit a signal within a cell."" [PMID:20811974, PMID:9561267]",749,520,40,20972,0.07692307692307693,0.0534045393858478,query_1,['GO:0141124']
GO:BP,GO:0048762,mesenchymal cell differentiation,0.00017616627910529062,True,"""The process in which a relatively unspecialized cell acquires specialized features of a mesenchymal cell. A mesenchymal cell is a loosely associated cell that is part of the connective tissue in an organism. Mesenchymal cells give rise to more mature connective tissue cell types."" [GOC:dph, GOC:jid]",252,520,20,20972,0.038461538461538464,0.07936507936507936,query_1,"['GO:0030154', 'GO:0060485']"
GO:BP,GO:0033002,muscle cell proliferation,0.00018253434305754183,True,"""The expansion of a muscle cell population by cell division."" [CL:0000187, GOC:mah]",190,520,17,20972,0.032692307692307694,0.08947368421052632,query_1,['GO:0008283']
GO:BP,GO:0006096,glycolytic process,0.00018324484296707437,True,"""The chemical reactions and pathways resulting in the breakdown of a carbohydrate into pyruvate, with the concomitant production of a small amount of ATP and the reduction of NAD(P) to NAD(P)H. Glycolysis begins with the metabolism of a carbohydrate to generate products that can enter the pathway and ends with the production of pyruvate. Pyruvate may be converted to acetyl-coenzyme A, ethanol, lactate, or other small molecules."" [GOC:bf, GOC:dph, ISBN:0201090910, ISBN:0716720094, ISBN:0879010479, Wikipedia:Glycolysis]",98,520,12,20972,0.023076923076923078,0.12244897959183673,query_1,"['GO:0006090', 'GO:0006091', 'GO:0009060', 'GO:0016052', 'GO:0019364', 'GO:0046032', 'GO:0046034', 'GO:0046496']"
GO:BP,GO:0009790,embryo development,0.0001928913284955971,True,"""The process whose specific outcome is the progression of an embryo from its formation until the end of its embryonic life stage. The end of the embryonic stage is organism-specific. For example, for mammals, the process would begin with zygote formation and end with birth. For insects, the process would begin at zygote formation and end with larval hatching. For plant zygotic embryos, this would be from zygote formation to the end of seed dormancy. For plant vegetative embryos, this would be from the initial determination of the cell or group of cells to form an embryo until the point when the embryo becomes independent of the parent plant."" [GOC:go_curators, GOC:isa_complete, GOC:mtg_sensu]",1126,520,53,20972,0.10192307692307692,0.04706927175843695,query_1,['GO:0007275']
GO:BP,GO:0051174,regulation of phosphorus metabolic process,0.0002026123955057953,True,"""Any process that modulates the frequency, rate or extent of the chemical reactions and pathways involving phosphorus or compounds containing phosphorus."" [GOC:ai]",702,520,38,20972,0.07307692307692308,0.05413105413105413,query_1,"['GO:0006793', 'GO:0019222']"
GO:BP,GO:0048812,neuron projection morphogenesis,0.0002026123955057953,True,"""The process in which the anatomical structures of a neuron projection are generated and organized. A neuron projection is any process extending from a neural cell, such as axons or dendrites."" [GOC:mah]",648,520,36,20972,0.06923076923076923,0.05555555555555555,query_1,"['GO:0031175', 'GO:0120039']"
REAC,REAC:R-HSA-216083,Integrin cell surface interactions,0.0002077705806549715,True,Integrin cell surface interactions,84,322,13,11056,0.040372670807453416,0.15476190476190477,query_1,['REAC:R-HSA-1474244']
GO:BP,GO:0007411,axon guidance,0.0002100776012534164,True,"""The chemotaxis process that directs the migration of an axon growth cone to a specific target site in response to a combination of attractive and repulsive cues."" [ISBN:0878932437]",234,520,19,20972,0.03653846153846154,0.0811965811965812,query_1,"['GO:0007409', 'GO:0097485']"
GO:BP,GO:0051179,localization,0.0002153909848086778,True,"""Any process in which a cell, a substance, or a cellular entity, such as a protein complex or organelle, is transported, tethered to or otherwise maintained in a specific location. In the case of substances, localization may also be achieved via selective degradation."" [GOC:ai, GOC:dos]",5493,520,181,20972,0.34807692307692306,0.032951028581831424,query_1,['GO:0008150']
GO:BP,GO:0046032,ADP catabolic process,0.00021780830974112093,True,"""The chemical reactions and pathways resulting in the breakdown of ADP, adenosine 5'-diphosphate."" [GOC:go_curators]",100,520,12,20972,0.023076923076923078,0.12,query_1,"['GO:0009154', 'GO:0009181', 'GO:0046031']"
GO:BP,GO:1902547,regulation of cellular response to vascular endothelial growth factor stimulus,0.00021780830974112093,True,"""Any process that modulates the frequency, rate or extent of cellular response to vascular endothelial growth factor stimulus."" [GOC:BHF, GOC:rl, GOC:TermGenie, PMID:17895370]",30,520,7,20972,0.013461538461538462,0.23333333333333334,query_1,"['GO:0035924', 'GO:0090287']"
GO:BP,GO:0097485,neuron projection guidance,0.0002184885476633919,True,"""The process in which the migration of a neuron projection is directed to a specific target site in response to a combination of attractive and repulsive cues."" [GOC:BHF, GOC:rl, PMID:22790009]",235,520,19,20972,0.03653846153846154,0.08085106382978724,query_1,"['GO:0031175', 'GO:0048812']"
GO:BP,GO:0030324,lung development,0.00022711444187852443,True,"""The process whose specific outcome is the progression of the lung over time, from its formation to the mature structure. In all air-breathing vertebrates the lungs are developed from the ventral wall of the oesophagus as a pouch which divides into two sacs. In amphibians and many reptiles the lungs retain very nearly this primitive sac-like character, but in the higher forms the connection with the esophagus becomes elongated into the windpipe and the inner walls of the sacs become more and more divided, until, in the mammals, the air spaces become minutely divided into tubes ending in small air cells, in the walls of which the blood circulates in a fine network of capillaries. In mammals the lungs are more or less divided into lobes, and each lung occupies a separate cavity in the thorax."" [GOC:jid, UBERON:0002048]",194,520,17,20972,0.032692307692307694,0.08762886597938144,query_1,"['GO:0030323', 'GO:0048513', 'GO:0060541']"
GO:BP,GO:1901701,cellular response to oxygen-containing compound,0.00022711444187852443,True,"""Any process that results in a change in state or activity of a cell (in terms of movement, secretion, enzyme production, gene expression, etc.) as a result of an oxygen-containing compound stimulus."" [GOC:pr, GOC:TermGenie]",1194,520,55,20972,0.10576923076923077,0.046063651591289785,query_1,"['GO:0070887', 'GO:1901700']"
GO:BP,GO:0030199,collagen fibril organization,0.00022737707322611602,True,"""Any process that determines the size and arrangement of collagen fibrils within an extracellular matrix."" [GOC:mah, ISBN:0815316194]",69,520,10,20972,0.019230769230769232,0.14492753623188406,query_1,['GO:0030198']
GO:BP,GO:0098773,skin epidermis development,0.00022737707322611602,True,"""The process whose specific outcome is the progression of the skin epidermis over time, from its formation to the mature structure."" [GOC:dos]",136,520,14,20972,0.026923076923076925,0.10294117647058823,query_1,"['GO:0008544', 'GO:0043588', 'GO:0060429']"
GO:BP,GO:0009132,nucleoside diphosphate metabolic process,0.00022737707322611602,True,"""The chemical reactions and pathways involving a nucleoside diphosphate, a compound consisting of a nucleobase linked to a deoxyribose or ribose sugar esterified with diphosphate on the sugar."" [GOC:go_curators, ISBN:0198506732]",136,520,14,20972,0.026923076923076925,0.10294117647058823,query_1,['GO:0006753']
GO:BP,GO:0060348,bone development,0.00022737707322611602,True,"""The process whose specific outcome is the progression of bone over time, from its formation to the mature structure. Bone is the hard skeletal connective tissue consisting of both mineral and cellular components."" [GOC:dph]",215,520,18,20972,0.03461538461538462,0.08372093023255814,query_1,"['GO:0001501', 'GO:0048513']"
GO:BP,GO:0044089,positive regulation of cellular component biogenesis,0.00023325858657259334,True,"""Any process that activates or increases the frequency, rate or extent of cellular component biogenesis, a process that results in the biosynthesis of constituent macromolecules, assembly, and arrangement of constituent parts of a cellular component."" [GOC:jl]",497,520,30,20972,0.057692307692307696,0.060362173038229376,query_1,"['GO:0044085', 'GO:0044087', 'GO:0048522']"
GO:BP,GO:0007369,gastrulation,0.00023521862478607694,True,"""A complex and coordinated series of cellular movements that occurs at the end of cleavage during embryonic development of most animals. The details of gastrulation vary from species to species, but usually result in the formation of the three primary germ layers, ectoderm, mesoderm and endoderm."" [GOC:curators, ISBN:9780878933846]",195,520,17,20972,0.032692307692307694,0.08717948717948718,query_1,['GO:0048598']
GO:BP,GO:0008360,regulation of cell shape,0.00024281685320069635,True,"""Any process that modulates the surface configuration of a cell."" [GOC:dph, GOC:go_curators, GOC:tb]",137,520,14,20972,0.026923076923076925,0.10218978102189781,query_1,"['GO:0022604', 'GO:0065008']"
GO:BP,GO:0014706,striated muscle tissue development,0.0002458580779947855,True,"""The process whose specific outcome is the progression of a striated muscle over time, from its formation to the mature structure. Striated muscle contain fibers that are divided by transverse bands into striations, and cardiac and skeletal muscle are types of striated muscle. Skeletal muscle myoblasts fuse to form myotubes and eventually multinucleated muscle fibers. The fusion of cardiac cells is very rare and can only form binucleate cells."" [CL:0000737, GOC:dph, GOC:mtg_muscle]",399,520,26,20972,0.05,0.06516290726817042,query_1,['GO:0060537']
GO:BP,GO:0008544,epidermis development,0.0002556463812948083,True,"""The process whose specific outcome is the progression of the epidermis over time, from its formation to the mature structure. The epidermis is the outer epithelial layer of an animal, it may be a single layer that produces an extracellular material (e.g. the cuticle of arthropods) or a complex stratified squamous epithelium, as in the case of many vertebrate species."" [GOC:go_curators, UBERON:0001003]",400,520,26,20972,0.05,0.065,query_1,['GO:0009888']
GO:BP,GO:0099084,postsynaptic specialization organization,0.0002587975057779806,True,"""A process that results in the assembly, arrangement of constituent parts, or disassembly of a postsynaptic specialization, a structure that lies adjacent to the cytoplasmic face of the postsynaptic membrane."" [GOC:BHF, GOC:sjp, PMID:21525273, PMID:26834556]",56,520,9,20972,0.01730769230769231,0.16071428571428573,query_1,"['GO:0006996', 'GO:0099173']"
GO:BP,GO:0061620,glycolytic process through glucose-6-phosphate,0.0002587975057779806,True,"""The chemical reactions and pathways resulting in the breakdown of a carbohydrate into pyruvate, occurring through a glucose-6-phosphate intermediate, with the concomitant production of a small amount of ATP."" [GOC:dph, ISBN:0201090910, ISBN:0879010479]",21,520,6,20972,0.011538461538461539,0.2857142857142857,query_1,['GO:0061615']
GO:BP,GO:0043410,positive regulation of MAPK cascade,0.0002587975057779806,True,"""Any process that activates or increases the frequency, rate or extent of signal transduction mediated by the MAPK cascade."" [GOC:go_curators]",450,520,28,20972,0.05384615384615385,0.06222222222222222,query_1,"['GO:0000165', 'GO:0043408', 'GO:1902533']"
GO:BP,GO:1901700,response to oxygen-containing compound,0.0002587975057779806,True,"""Any process that results in a change in state or activity of a cell or an organism (in terms of movement, secretion, enzyme production, gene expression, etc.) as a result of an oxygen-containing compound stimulus."" [GOC:pr, GOC:TermGenie]",1632,520,69,20972,0.1326923076923077,0.042279411764705885,query_1,['GO:0042221']
GO:BP,GO:0008285,negative regulation of cell population proliferation,0.0002603916376038207,True,"""Any process that stops, prevents or reduces the rate or extent of cell proliferation."" [GOC:go_curators]",686,520,37,20972,0.07115384615384615,0.05393586005830904,query_1,"['GO:0008283', 'GO:0042127', 'GO:0048523']"
GO:BP,GO:0009181,purine ribonucleoside diphosphate catabolic process,0.0002683032905829544,True,"""The chemical reactions and pathways resulting in the breakdown of purine ribonucleoside diphosphate, a compound consisting of a purine base linked to a ribose sugar esterified with diphosphate on the sugar."" [GOC:go_curators, ISBN:0198506732]",103,520,12,20972,0.023076923076923078,0.11650485436893204,query_1,"['GO:0009137', 'GO:0009179', 'GO:0009191']"
GO:BP,GO:0009137,purine nucleoside diphosphate catabolic process,0.0002683032905829544,True,"""The chemical reactions and pathways resulting in the breakdown of purine nucleoside diphosphate, a compound consisting of a purine base linked to a ribose or deoxyribose sugar esterified with diphosphate on the sugar."" [GOC:go_curators, ISBN:0198506732]",103,520,12,20972,0.023076923076923078,0.11650485436893204,query_1,"['GO:0009134', 'GO:0009135']"
GO:BP,GO:0110053,regulation of actin filament organization,0.00026925827688937187,True,"""Any process that modulates the frequency, rate or extent of actin filament organization."" [GOC:kmv]",262,520,20,20972,0.038461538461538464,0.07633587786259542,query_1,"['GO:0007015', 'GO:0032956', 'GO:1902903']"
GO:BP,GO:0030323,respiratory tube development,0.00027091009554618367,True,"""The process whose specific outcome is the progression of the respiratory tube over time, from its formation to the mature structure. The respiratory tube is assumed to mean any tube in the respiratory tract."" [GOC:jid]",198,520,17,20972,0.032692307692307694,0.08585858585858586,query_1,"['GO:0035295', 'GO:0048513']"
GO:BP,GO:1990778,protein localization to cell periphery,0.00027836179761474744,True,"""A process in which a protein is transported to, or maintained in, the cell periphery."" [PMID:18216290]",355,520,24,20972,0.046153846153846156,0.0676056338028169,query_1,['GO:0008104']
GO:BP,GO:0001667,ameboidal-type cell migration,0.00027836179761474744,True,"""Cell migration that is accomplished by extension and retraction of a pseudopodium."" [GOC:dph]",241,520,19,20972,0.03653846153846154,0.07883817427385892,query_1,['GO:0016477']
GO:BP,GO:0016049,cell growth,0.00027836179761474744,True,"""The process in which a cell irreversibly increases in size over time by accretion and biosynthetic production of matter similar to that already present."" [GOC:ai]",478,520,29,20972,0.05576923076923077,0.060669456066945605,query_1,"['GO:0009987', 'GO:0040007']"
GO:BP,GO:0030855,epithelial cell differentiation,0.00028497881452614485,True,"""The process in which a relatively unspecialized cell acquires specialized features of an epithelial cell, any of the cells making up an epithelium."" [GOC:ecd, PMID:11839751]",745,520,39,20972,0.075,0.052348993288590606,query_1,"['GO:0030154', 'GO:0060429']"
GO:BP,GO:0006195,purine nucleotide catabolic process,0.00028791085190596336,True,"""The chemical reactions and pathways resulting in the breakdown of a purine nucleotide, a compound consisting of nucleoside (a purine base linked to a deoxyribose or ribose sugar) esterified with a phosphate group at either the 3' or 5'-hydroxyl group of the sugar."" [GOC:go_curators, ISBN:0198506732]",140,520,14,20972,0.026923076923076925,0.1,query_1,"['GO:0006163', 'GO:0009166', 'GO:0072523']"
GO:BP,GO:0050679,positive regulation of epithelial cell proliferation,0.0002975545112204747,True,"""Any process that activates or increases the rate or extent of epithelial cell proliferation."" [GOC:ai]",200,520,17,20972,0.032692307692307694,0.085,query_1,"['GO:0008284', 'GO:0050673', 'GO:0050678']"
GO:BP,GO:0060541,respiratory system development,0.0002975545112204747,True,"""The progression of the respiratory system over time from its formation to its mature structure. The respiratory system carries out respiratory gaseous exchange."" [GOC:dph]",221,520,18,20972,0.03461538461538462,0.08144796380090498,query_1,['GO:0048731']
GO:BP,GO:0051146,striated muscle cell differentiation,0.0002975545112204747,True,"""The process in which a relatively unspecialized cell acquires specialized features of a striated muscle cell; striated muscle fibers are divided by transverse bands into striations, and cardiac and voluntary muscle are types of striated muscle."" [CL:0000737, GOC:ai]",287,520,21,20972,0.04038461538461539,0.07317073170731707,query_1,['GO:0042692']
GO:BP,GO:0016043,cellular component organization,0.0003104834698211313,True,"""A process that results in the assembly, arrangement of constituent parts, or disassembly of a cellular component."" [GOC:ai, GOC:jl, GOC:mah]",8325,520,254,20972,0.48846153846153845,0.03051051051051051,query_1,['GO:0071840']
GO:BP,GO:0042633,hair cycle,0.0003135448435379606,True,"""The cyclical phases of growth (anagen), regression (catagen), quiescence (telogen), and shedding (exogen) in the life of a hair; one of the collection or mass of filaments growing from the skin of an animal, and forming a covering for a part of the head or for any part or the whole of the body."" [GOC:go_curators, PMID:12230507]",123,520,13,20972,0.025,0.10569105691056911,query_1,['GO:0042303']
GO:BP,GO:0044087,regulation of cellular component biogenesis,0.0003135448435379606,True,"""Any process that modulates the frequency, rate or extent of cellular component biogenesis, a process that results in the biosynthesis of constituent macromolecules, assembly, and arrangement of constituent parts of a cellular component."" [GOC:jl]",1006,520,48,20972,0.09230769230769231,0.04771371769383698,query_1,"['GO:0044085', 'GO:0050794']"
GO:BP,GO:0042303,molting cycle,0.0003135448435379606,True,"""The periodic casting off and regeneration of an outer covering of cuticle, feathers, hair, horns, skin, etc."" [GOC:jl, ISBN:0198506732]",123,520,13,20972,0.025,0.10569105691056911,query_1,['GO:0032501']
GO:BP,GO:0006897,endocytosis,0.0003135448435379606,True,"""A vesicle-mediated transport process in which cells take up external materials or membrane constituents by the invagination of a part of the plasma membrane to form a new membrane-bounded vesicle."" [GOC:mah, ISBN:0198506732, ISBN:0716731363, Wikipedia:Endocytosis]",694,520,37,20972,0.07115384615384615,0.053314121037463975,query_1,"['GO:0016192', 'GO:0098657']"
GO:BP,GO:1903844,regulation of cellular response to transforming growth factor beta stimulus,0.00032307629678906153,True,"""Any process that modulates the frequency, rate or extent of cellular response to transforming growth factor beta stimulus."" [GO_REF:0000058, GOC:BHF, GOC:BHF_miRNA, GOC:rph, GOC:TermGenie, PMID:22269326]",142,520,14,20972,0.026923076923076925,0.09859154929577464,query_1,"['GO:0071560', 'GO:0090287']"
GO:BP,GO:1903829,positive regulation of protein localization,0.00032307629678906153,True,"""Any process that activates or increases the frequency, rate or extent of a protein localization."" [GO_REF:0000058, GOC:TermGenie, GOC:vw]",433,520,27,20972,0.051923076923076926,0.06235565819861432,query_1,"['GO:0008104', 'GO:0032880', 'GO:0048518']"
GO:BP,GO:0002159,desmosome assembly,0.00032307629678906153,True,"""A cellular process that results in the aggregation, arrangement and bonding together of a set of components to form a desmosome. A desmosome is a patch-like intercellular junction found in vertebrate tissues, consisting of parallel zones of two cell membranes, separated by an space of 25-35 nm, and having dense fibrillar plaques in the subjacent cytoplasm."" [GOC:hjd, ISBN:0198506732]",7,520,4,20972,0.007692307692307693,0.5714285714285714,query_1,"['GO:0002934', 'GO:0007043']"
GO:BP,GO:0009191,ribonucleoside diphosphate catabolic process,0.0003297402827932567,True,"""The chemical reactions and pathways resulting in the breakdown of a ribonucleoside diphosphate, a compound consisting of a nucleobase linked to a ribose sugar esterified with diphosphate on the sugar."" [GOC:go_curators, ISBN:0198506732]",106,520,12,20972,0.023076923076923078,0.11320754716981132,query_1,"['GO:0009134', 'GO:0009185']"
GO:BP,GO:0014910,regulation of smooth muscle cell migration,0.0003582129764697577,True,"""Any process that modulates the frequency, rate or extent of smooth muscle cell migration."" [CL:0000192, GOC:mtg_muscle]",59,520,9,20972,0.01730769230769231,0.15254237288135594,query_1,"['GO:0014909', 'GO:0030334']"
GO:BP,GO:0014823,response to activity,0.00036070204023951676,True,"""Any process that results in a change in state or activity of a cell or an organism (in terms of movement, secretion, enzyme production, gene expression, etc.) as a result of an activity stimulus."" [GOC:mtg_muscle]",74,520,10,20972,0.019230769230769232,0.13513513513513514,query_1,['GO:0050896']
GO:BP,GO:0043067,regulation of programmed cell death,0.00036185679361141435,True,"""Any process that modulates the frequency, rate or extent of programmed cell death, cell death resulting from activation of endogenous cellular processes."" [GOC:jl]",1467,520,63,20972,0.12115384615384615,0.04294478527607362,query_1,"['GO:0012501', 'GO:0050794']"
GO:BP,GO:0061564,axon development,0.00036415338016939714,True,"""The progression of an axon over time. Covers axonogenesis (de novo generation of an axon) and axon regeneration (regrowth), as well as processes pertaining to the progression of the axon over time (fasciculation and defasciculation)."" [GOC:dph, GOC:pg, GOC:pr]",513,520,30,20972,0.057692307692307696,0.05847953216374269,query_1,['GO:0031175']
GO:BP,GO:1902531,regulation of intracellular signal transduction,0.0003695823339058269,True,"""Any process that modulates the frequency, rate or extent of intracellular signal transduction."" [GOC:dph, GOC:signaling, GOC:tb, GOC:TermGenie]",1945,520,78,20972,0.15,0.04010282776349614,query_1,"['GO:0009966', 'GO:0035556']"
GO:BP,GO:0042692,muscle cell differentiation,0.0003781001169832542,True,"""The process in which a relatively unspecialized cell acquires specialized features of a muscle cell."" [CL:0000187, GOC:go_curators]",388,520,25,20972,0.04807692307692308,0.06443298969072164,query_1,"['GO:0030154', 'GO:0061061']"
GO:BP,GO:0009166,nucleotide catabolic process,0.0003796373690283615,True,"""The chemical reactions and pathways resulting in the breakdown of nucleotides, any nucleoside that is esterified with (ortho)phosphate or an oligophosphate at any hydroxyl group on the glycose moiety; may be mono-, di- or triphosphate; this definition includes cyclic-nucleotides (nucleoside cyclic phosphates)."" [GOC:go_curators]",164,520,15,20972,0.028846153846153848,0.09146341463414634,query_1,"['GO:0009117', 'GO:1901292']"
GO:BP,GO:0002934,desmosome organization,0.0003849246544421928,True,"""A process that is carried out at the cellular level which results in the assembly, arrangement of constituent parts, or disassembly of a desmosome. A desmosome is a patch-like intercellular junction found in vertebrate tissues, consisting of parallel zones of two cell membranes, separated by an space of 25-35 nm, and having dense fibrillar plaques in the subjacent cytoplasm."" [GOC:hjd]",14,520,5,20972,0.009615384615384616,0.35714285714285715,query_1,['GO:0045216']
GO:BP,GO:0009134,nucleoside diphosphate catabolic process,0.00042168803376260635,True,"""The chemical reactions and pathways resulting in the breakdown of a nucleoside diphosphate, a compound consisting of a nucleobase linked to a deoxyribose or ribose sugar esterified with diphosphate on the sugar."" [GOC:go_curators, ISBN:0198506732]",109,520,12,20972,0.023076923076923078,0.11009174311926606,query_1,"['GO:0009132', 'GO:1901292']"
GO:BP,GO:0060485,mesenchyme development,0.000426928358137114,True,"""The process whose specific outcome is the progression of a mesenchymal tissue over time, from its formation to the mature structure. A mesenchymal tissue is made up of loosely packed stellate cells."" [GOC:dph]",319,520,22,20972,0.04230769230769231,0.06896551724137931,query_1,"['GO:0009888', 'GO:0048513']"
GO:BP,GO:0051234,establishment of localization,0.00044152214030185934,True,"""Any process that localizes a substance or cellular component. This may occur via movement, tethering or selective degradation."" [GOC:ai, GOC:dos]",4804,520,160,20972,0.3076923076923077,0.03330557868442964,query_1,['GO:0051179']
GO:BP,GO:0008038,neuron recognition,0.00044773899260672396,True,"""The process in which a neuronal cell in a multicellular organism interprets its surroundings."" [GOC:go_curators]",47,520,8,20972,0.015384615384615385,0.1702127659574468,query_1,"['GO:0008037', 'GO:0048666']"
GO:BP,GO:0001704,formation of primary germ layer,0.00044773899260672396,True,"""The formation of the ectoderm, mesoderm and endoderm during gastrulation."" [GOC:go_curators]",128,520,13,20972,0.025,0.1015625,query_1,"['GO:0007369', 'GO:0048646']"
GO:BP,GO:0042391,regulation of membrane potential,0.0004535438002921098,True,"""Any process that modulates the establishment or extent of a membrane potential, the electric potential existing across any membrane arising from charges in the membrane itself and from the charges present in the media on either side of the membrane."" [GOC:jl, GOC:mtg_cardio, GOC:tb, ISBN:0198506732]",443,520,27,20972,0.051923076923076926,0.060948081264108354,query_1,['GO:0065008']
GO:BP,GO:0141091,transforming growth factor beta receptor superfamily signaling pathway,0.00046453814477699293,True,"""The series of molecular signals initiated by an extracellular ligand binding to a member of the transforming growth factor receptor superfamily, and ending with the regulation of a downstream cellular process, e.g. transcription."" [PMID:22651914, PMID:28096268]",345,520,23,20972,0.04423076923076923,0.06666666666666667,query_1,['GO:0007178']
GO:BP,GO:0045595,regulation of cell differentiation,0.0005085274227448319,True,"""Any process that modulates the frequency, rate or extent of cell differentiation, the process in which relatively unspecialized cells acquire specialized structural and functional features."" [GOC:go_curators]",1549,520,65,20972,0.125,0.04196255648805681,query_1,"['GO:0030154', 'GO:0050793', 'GO:0050794']"
GO:BP,GO:0070371,ERK1 and ERK2 cascade,0.0005141668264653955,True,"""A MAPK cascade containing at least the ERK1 or ERK2 MAP kinases. It starts with the activation of a MAP3K, and the consecutive activation of a MPK2K and of ERK1 or ERK2. The cascade can also contain an additional tier: the upstream MAP4K. The kinases in each tier phosphorylate and activate the kinase in the downstream tier. The ERK1/ERK2 cascade is activated by mitogens, growth factors, G protein-coupled receptors, and results in cellular responses such as cell proliferation, cell differentiation and development."" [PMID:20811974, PMID:23125017, PMID:28903453]",300,520,21,20972,0.04038461538461539,0.07,query_1,['GO:0000165']
GO:BP,GO:0042981,regulation of apoptotic process,0.0005275302146177235,True,"""Any process that modulates the occurrence or rate of cell death by apoptotic process."" [GOC:jl, GOC:mtg_apoptosis]",1426,520,61,20972,0.11730769230769231,0.042776998597475455,query_1,"['GO:0006915', 'GO:0043067']"
GO:BP,GO:0043588,skin development,0.0005471185927493758,True,"""The process whose specific outcome is the progression of the skin over time, from its formation to the mature structure. The skin is the external membranous integument of an animal. In vertebrates the skin generally consists of two layers, an outer nonsensitive and nonvascular epidermis (cuticle or skarfskin) composed of cells which are constantly growing and multiplying in the deeper, and being thrown off in the superficial layers, as well as an inner vascular dermis (cutis, corium or true skin) composed mostly of connective tissue."" [GOC:jl, UBERON:0002097]",325,520,22,20972,0.04230769230769231,0.06769230769230769,query_1,['GO:0048513']
GO:BP,GO:0009154,purine ribonucleotide catabolic process,0.0005572414788587597,True,"""The chemical reactions and pathways resulting in the breakdown of a purine ribonucleotide, a compound consisting of ribonucleoside (a purine base linked to a ribose sugar) esterified with a phosphate group at either the 3' or 5'-hydroxyl group of the sugar."" [GOC:go_curators, ISBN:0198506732]",131,520,13,20972,0.025,0.09923664122137404,query_1,"['GO:0006195', 'GO:0009150', 'GO:0009261']"
GO:BP,GO:0001558,regulation of cell growth,0.0005645876233128726,True,"""Any process that modulates the frequency, rate, extent or direction of cell growth."" [GOC:go_curators]",399,520,25,20972,0.04807692307692308,0.06265664160401002,query_1,"['GO:0016049', 'GO:0040008', 'GO:0051128']"
GO:BP,GO:0002009,morphogenesis of an epithelium,0.0005645876233128726,True,"""The process in which the anatomical structures of epithelia are generated and organized. An epithelium consists of closely packed cells arranged in one or more layers, that covers the outer surfaces of the body or lines any internal cavity or tube."" [GOC:dph, GOC:jl, GOC:tb, ISBN:0198506732]",501,520,29,20972,0.05576923076923077,0.05788423153692615,query_1,"['GO:0048729', 'GO:0060429']"
GO:BP,GO:0060947,cardiac vascular smooth muscle cell differentiation,0.0005705312263974986,True,"""The process in which a relatively unspecialized cell acquires specialized features of a cardiac vascular smooth muscle cell. A cardiac vascular smooth muscle cell covers the heart vasculature and lacks transverse striations in its constituent fibers."" [GOC:mtg_heart]",8,520,4,20972,0.007692307692307693,0.5,query_1,"['GO:0035051', 'GO:0035886', 'GO:0060976']"
GO:BP,GO:0051046,regulation of secretion,0.0005731905222464475,True,"""Any process that modulates the frequency, rate or extent of the controlled release of a substance from a cell or a tissue."" [GOC:ai]",608,520,33,20972,0.06346153846153846,0.054276315789473686,query_1,"['GO:0046903', 'GO:0051049']"
GO:BP,GO:0048732,gland development,0.0005789666499955368,True,"""The process whose specific outcome is the progression of a gland over time, from its formation to the mature structure. A gland is an organ specialised for secretion."" [GOC:jid]",425,520,26,20972,0.05,0.0611764705882353,query_1,['GO:0048513']
GO:BP,GO:0007409,axonogenesis,0.0006137340710478607,True,"""De novo generation of a long process of a neuron, including the terminal branched region. Refers to the morphogenesis or creation of shape or form of the developing axon, which carries efferent (outgoing) action potentials from the cell body towards target cells."" [GOC:dph, GOC:jid, GOC:pg, GOC:pr, ISBN:0198506732]",452,520,27,20972,0.051923076923076926,0.059734513274336286,query_1,"['GO:0048667', 'GO:0048812', 'GO:0061564']"
GO:BP,GO:0061615,glycolytic process through fructose-6-phosphate,0.0006166612234899861,True,"""The chemical reactions and pathways resulting in the breakdown of a monosaccharide into pyruvate, occurring through a fructose-6-phosphate intermediate, with the concomitant production of ATP and NADH."" [GOC:dph, ISBN:0201090910, ISBN:0879010479]",25,520,6,20972,0.011538461538461539,0.24,query_1,['GO:0006096']
GO:BP,GO:0050927,positive regulation of positive chemotaxis,0.0006166612234899861,True,"""Any process that activates or increases the frequency, rate or extent of the directed movement of a motile cell or organism towards a higher concentration in a concentration gradient of a specific chemical."" [GOC:ai]",25,520,6,20972,0.011538461538461539,0.24,query_1,"['GO:0050918', 'GO:0050921', 'GO:0050926']"
GO:BP,GO:0043408,regulation of MAPK cascade,0.0006166612234899861,True,"""Any process that modulates the frequency, rate or extent of signal transduction mediated by the MAP kinase (MAPK) cascade."" [GOC:go_curators]",638,520,34,20972,0.06538461538461539,0.05329153605015674,query_1,"['GO:0000165', 'GO:1902531']"
GO:BP,GO:0032940,secretion by cell,0.0006237184702978729,True,"""The controlled release of a substance by a cell."" [GOC:mah]",835,520,41,20972,0.07884615384615384,0.04910179640718563,query_1,"['GO:0046903', 'GO:0140352']"
GO:BP,GO:0032535,regulation of cellular component size,0.0006240516889210746,True,"""A process that modulates the size of a cellular component."" [GOC:mah]",353,520,23,20972,0.04423076923076923,0.06515580736543909,query_1,"['GO:0016043', 'GO:0090066']"
GO:BP,GO:0072524,pyridine-containing compound metabolic process,0.0006337835153648613,True,"""The chemical reactions and pathways involving a pyridine-containing compound, i.e. any compound that contains pyridine or a formal derivative thereof."" [GOC:mah]",173,520,15,20972,0.028846153846153848,0.08670520231213873,query_1,['GO:0008152']
GO:BP,GO:0006468,protein phosphorylation,0.0006337835153648613,True,"""The process of introducing a phosphate group on to a protein."" [GOC:hb]",982,520,46,20972,0.08846153846153847,0.04684317718940937,query_1,"['GO:0016310', 'GO:0036211']"
GO:BP,GO:0008284,positive regulation of cell population proliferation,0.0006337835153648613,True,"""Any process that activates or increases the rate or extent of cell proliferation."" [GOC:go_curators]",923,520,44,20972,0.08461538461538462,0.047670639219934995,query_1,"['GO:0008283', 'GO:0042127', 'GO:0048522']"
GO:BP,GO:0030900,forebrain development,0.0006337835153648613,True,"""The process whose specific outcome is the progression of the forebrain over time, from its formation to the mature structure. The forebrain is the anterior of the three primary divisions of the developing chordate brain or the corresponding part of the adult brain (in vertebrates, includes especially the cerebral hemispheres, the thalamus, and the hypothalamus and especially in higher vertebrates is the main control center for sensory and associative information processing, visceral functions, and voluntary motor functions)."" [PMID:4975589, PMID:4992177]",403,520,25,20972,0.04807692307692308,0.062034739454094295,query_1,"['GO:0007420', 'GO:0048856']"
GO:BP,GO:0014812,muscle cell migration,0.0006337835153648613,True,"""The orderly movement of a muscle cell from one site to another, often during the development of a multicellular organism."" [CL:0000187, GOC:mtg_muscle]",80,520,10,20972,0.019230769230769232,0.125,query_1,['GO:0016477']
GO:BP,GO:0046850,regulation of bone remodeling,0.000649063204960041,True,"""Any process that modulates the frequency, rate or extent of bone remodeling, the processes of bone formation and resorption that combine to maintain skeletal integrity."" [GOC:ai]",50,520,8,20972,0.015384615384615385,0.16,query_1,"['GO:0034103', 'GO:0046849']"
GO:BP,GO:0070201,regulation of establishment of protein localization,0.0006579996716867799,True,"""Any process that modulates the frequency, rate or extent of the directed movement of a protein to a specific location."" [GOC:BHF, GOC:mah]",481,520,28,20972,0.05384615384615385,0.058212058212058215,query_1,"['GO:0032880', 'GO:0045184']"
GO:BP,GO:0045216,cell-cell junction organization,0.0006579996716867799,True,"""A process that is carried out at the cellular level which results in the assembly, arrangement of constituent parts, or disassembly of a cell-cell junction. A cell-cell junction is a specialized region of connection between two cells."" [GOC:ai, GOC:dph, GOC:jl, GOC:mah]",216,520,17,20972,0.032692307692307694,0.0787037037037037,query_1,['GO:0034330']
GO:BP,GO:0071456,cellular response to hypoxia,0.0007081526841960995,True,"""Any process that results in a change in state or activity of a cell (in terms of movement, secretion, enzyme production, gene expression, etc.) as a result of a stimulus indicating lowered oxygen tension. Hypoxia, defined as a decline in O2 levels below normoxic levels of 20.8 - 20.95%, results in metabolic adaptation at both the cellular and organismal level."" [GOC:mah]",135,520,13,20972,0.025,0.0962962962962963,query_1,"['GO:0001666', 'GO:0033554', 'GO:0036294']"
GO:BP,GO:0072659,protein localization to plasma membrane,0.0007388566502690441,True,"""A process in which a protein is transported to, or maintained in, a specific location in the plasma membrane."" [GOC:mah]",286,520,20,20972,0.038461538461538464,0.06993006993006994,query_1,"['GO:0072657', 'GO:1990778']"
GO:BP,GO:0035987,endodermal cell differentiation,0.0007388566502690441,True,"""The process in which a relatively unspecialized cell acquires the specialized features of an endoderm cell, a cell of the inner of the three germ layers of the embryo."" [CL:0000223, GOC:yaf, PMID:17624332]",51,520,8,20972,0.015384615384615385,0.1568627450980392,query_1,"['GO:0001706', 'GO:0030154']"
GO:BP,GO:0050926,regulation of positive chemotaxis,0.0007430052955547593,True,"""Any process that modulates the frequency, rate or extent of the directed movement of a motile cell or organism towards a higher concentration in a concentration gradient of a specific chemical."" [GOC:ai]",26,520,6,20972,0.011538461538461539,0.23076923076923078,query_1,"['GO:0050918', 'GO:0050920']"
GO:BP,GO:0061333,renal tubule morphogenesis,0.0007541329311566886,True,"""The process in which the renal tubule is generated by specification of cell fate, through the maintenance of cell polarity, regulated cell proliferation and morphogenetic cell rearrangements, shape changes and growth. A renal tubule is a tube that filters, re-absorbs and secretes substances to rid an organism of waste and to play a role in fluid homeostasis."" [GOC:dph, GOC:mtg_kidney_jan10]",82,520,10,20972,0.019230769230769232,0.12195121951219512,query_1,"['GO:0060562', 'GO:0061326']"
GO:BP,GO:0014909,smooth muscle cell migration,0.0007541329311566886,True,"""The orderly movement of a smooth muscle cell from one site to another, often during the development of a multicellular organism."" [CL:0000192, GOC:mtg_muscle]",66,520,9,20972,0.01730769230769231,0.13636363636363635,query_1,['GO:0014812']
GO:BP,GO:0007229,integrin-mediated signaling pathway,0.0008077469792838644,True,"""The series of molecular signals initiated by an extracellular ligand binding to an integrin on the surface of a target cell, and ending with the regulation of a downstream cellular process, e.g. transcription."" [GOC:mah, GOC:signaling]",118,520,12,20972,0.023076923076923078,0.1016949152542373,query_1,['GO:0007166']
GO:BP,GO:0072523,purine-containing compound catabolic process,0.0008189724867002086,True,"""The chemical reactions and pathways resulting in the breakdown of a purine-containing compound, i.e. any compound that contains purine or a formal derivative thereof."" [GOC:mah]",157,520,14,20972,0.026923076923076925,0.08917197452229299,query_1,"['GO:0009056', 'GO:0072521']"
GO:BP,GO:0048771,tissue remodeling,0.0008440121045148255,True,"""The reorganization or renovation of existing tissues. This process can either change the characteristics of a tissue such as in blood vessel remodeling, or result in the dynamic equilibrium of a tissue such as in bone remodeling."" [GOC:ebc]",178,520,15,20972,0.028846153846153848,0.08426966292134831,query_1,['GO:0032501']
GO:BP,GO:0007517,muscle organ development,0.0008596766149319891,True,"""The process whose specific outcome is the progression of the muscle over time, from its formation to the mature structure. The muscle is an organ consisting of a tissue made up of various elongated cells that are specialized to contract and thus to produce movement and mechanical work."" [GOC:jid, ISBN:0198506732]",362,520,23,20972,0.04423076923076923,0.06353591160220995,query_1,"['GO:0048513', 'GO:0061061']"
GO:BP,GO:0009261,ribonucleotide catabolic process,0.0008596766149319891,True,"""The chemical reactions and pathways resulting in the breakdown of a ribonucleotide, a compound consisting of ribonucleoside (a base linked to a ribose sugar) esterified with a phosphate group at either the 3' or 5'-hydroxyl group of the sugar."" [GOC:go_curators, ISBN:0198506732]",138,520,13,20972,0.025,0.09420289855072464,query_1,"['GO:0009166', 'GO:0009259', 'GO:1901136']"
GO:BP,GO:0023061,signal release,0.0008721704835318011,True,"""The process in which a signal is secreted or discharged into the extracellular medium from a cellular source."" [GOC:mtg_signal]",490,520,28,20972,0.05384615384615385,0.05714285714285714,query_1,"['GO:0007267', 'GO:0032940']"
GO:BP,GO:0034109,homotypic cell-cell adhesion,0.0008778452621945106,True,"""The attachment of a cell to a second cell of the identical type via adhesion molecules."" [GOC:add]",101,520,11,20972,0.021153846153846155,0.10891089108910891,query_1,['GO:0098609']
GO:BP,GO:0030388,"fructose 1,6-bisphosphate metabolic process",0.0008957588202047447,True,"""The chemical reactions and pathways involving fructose 1,6-bisphosphate, also known as FBP. The D enantiomer is a metabolic intermediate in glycolysis and gluconeogenesis."" [ISBN:0198506732]",9,520,4,20972,0.007692307692307693,0.4444444444444444,query_1,"['GO:0006796', 'GO:0019637', 'GO:1901135']"
GO:BP,GO:0061448,connective tissue development,0.0009002781663842292,True,"""The progression of a connective tissue over time, from its formation to the mature structure."" [GOC:BHF]",291,520,20,20972,0.038461538461538464,0.06872852233676977,query_1,['GO:0009888']
GO:BP,GO:0017015,regulation of transforming growth factor beta receptor signaling pathway,0.0009104090862261872,True,"""Any process that modulates the frequency, rate or extent of activity of any TGF-beta receptor signaling pathway."" [GOC:mah]",139,520,13,20972,0.025,0.09352517985611511,query_1,"['GO:0007179', 'GO:0090092', 'GO:1903844']"
GO:BP,GO:0045861,negative regulation of proteolysis,0.0009192028177656453,True,"""Any process that stops, prevents, or reduces the frequency, rate or extent of the hydrolysis of a peptide bond or bonds within a protein."" [GOC:go_curators]",68,520,9,20972,0.01730769230769231,0.1323529411764706,query_1,"['GO:0006508', 'GO:0030162', 'GO:0051248']"
GO:BP,GO:0001952,regulation of cell-matrix adhesion,0.0009192028177656453,True,"""Any process that modulates the frequency, rate or extent of attachment of a cell to the extracellular matrix."" [GOC:hjd]",120,520,12,20972,0.023076923076923078,0.1,query_1,"['GO:0007160', 'GO:0010810']"
GO:BP,GO:0022405,hair cycle process,0.0009381014259533403,True,"""A multicellular organismal process involved in the cyclical phases of growth (anagen), regression (catagen), quiescence (telogen), and shedding (exogen) in the life of a hair; one of the collection or mass of filaments growing from the skin of an animal, and forming a covering for a part of the head or for any part or the whole of the body."" [GOC:isa_complete]",102,520,11,20972,0.021153846153846155,0.10784313725490197,query_1,"['GO:0022404', 'GO:0042633']"
GO:BP,GO:0022404,molting cycle process,0.0009381014259533403,True,"""A multicellular organismal process involved in the periodic casting off and regeneration of an outer covering of cuticle, feathers, hair, horns, skin."" [GOC:isa_complete]",102,520,11,20972,0.021153846153846155,0.10784313725490197,query_1,"['GO:0032501', 'GO:0042303']"
GO:BP,GO:0010817,regulation of hormone levels,0.0009642984027398899,True,"""Any process that modulates the levels of hormone within an organism or a tissue. A hormone is any substance formed in very small amounts in one specialized organ or group of cells and carried (sometimes in the bloodstream) to another organ or group of cells in the same organism, upon which it has a specific regulatory action."" [GOC:BHF, GOC:dph, GOC:tb]",547,520,30,20972,0.057692307692307696,0.054844606946983544,query_1,['GO:0065008']
GO:BP,GO:0051402,neuron apoptotic process,0.0009662313657053741,True,"""Any apoptotic process in a neuron, the basic cellular unit of nervous tissue. Each neuron consists of a body, an axon, and dendrites. Their purpose is to receive, conduct, and transmit impulses in the nervous system."" [CL:0000540, GOC:mtg_apoptosis]",293,520,20,20972,0.038461538461538464,0.06825938566552901,query_1,['GO:0006915']
GO:BP,GO:0090092,regulation of transmembrane receptor protein serine/threonine kinase signaling pathway,0.0009837220327933425,True,"""Any process that modulates the rate, frequency, or extent of the series of molecular signals generated as a consequence of a transmembrane receptor serine/threonine kinase binding to its physiological ligand."" [GOC:dph, GOC:tb]",270,520,19,20972,0.03653846153846154,0.07037037037037037,query_1,"['GO:0007178', 'GO:0009966']"
GO:BP,GO:1901136,carbohydrate derivative catabolic process,0.0010326722455440919,True,"""The chemical reactions and pathways resulting in the breakdown of carbohydrate derivative."" [GOC:TermGenie]",248,520,18,20972,0.03461538461538462,0.07258064516129033,query_1,"['GO:0009056', 'GO:1901135']"
GO:BP,GO:0007178,cell surface receptor protein serine/threonine kinase signaling pathway,0.001049809410022856,True,"""The series of molecular signals initiated by an extracellular ligand binding to a receptor on the surface of the target cell where the receptor possesses serine/threonine kinase activity, and ending with the regulation of a downstream cellular process, e.g. transcription."" [GOC:mah, GOC:signaling]",368,520,23,20972,0.04423076923076923,0.0625,query_1,['GO:0007167']
GO:BP,GO:0012501,programmed cell death,0.0011385545302726103,True,"""A process which begins when a cell receives an internal or external signal and activates a series of biochemical events (signaling pathway). The process ends with the death of the cell."" [GOC:lr, GOC:mtg_apoptosis]",1958,520,76,20972,0.14615384615384616,0.03881511746680286,query_1,['GO:0008219']
GO:BP,GO:1901292,nucleoside phosphate catabolic process,0.0011586723167227853,True,"""The chemical reactions and pathways resulting in the breakdown of a nucleoside phosphate."" [GOC:TermGenie]",184,520,15,20972,0.028846153846153848,0.08152173913043478,query_1,"['GO:0006753', 'GO:0034655', 'GO:0046434']"
GO:BP,GO:0036294,cellular response to decreased oxygen levels,0.0011724128257603916,True,"""Any process that results in a change in state or activity of a cell (in terms of movement, secretion, enzyme production, gene expression, etc.) as a result of a stimulus reflecting a decline in the level of oxygen."" [GOC:al]",143,520,13,20972,0.025,0.09090909090909091,query_1,"['GO:0036293', 'GO:0071453']"
GO:BP,GO:0001954,positive regulation of cell-matrix adhesion,0.001178009908066093,True,"""Any process that activates or increases the rate or extent of cell adhesion to an extracellular matrix."" [GOC:hjd]",55,520,8,20972,0.015384615384615385,0.14545454545454545,query_1,"['GO:0001952', 'GO:0007160', 'GO:0010811']"
GO:BP,GO:0046184,aldehyde biosynthetic process,0.0011959545277223475,True,"""The chemical reactions and pathways resulting in the formation of aldehydes, any organic compound with the formula R-CH=O."" [GOC:ai]",18,520,5,20972,0.009615384615384616,0.2777777777777778,query_1,"['GO:0006081', 'GO:0009058']"
GO:BP,GO:0008219,cell death,0.0011959647261270598,True,"""Any biological process that results in permanent cessation of all vital functions of a cell. A cell should be considered dead when any one of the following molecular or morphological criteria is met: (1) the cell has lost the integrity of its plasma membrane; (2) the cell, including its nucleus, has undergone complete fragmentation into discrete bodies (frequently referred to as apoptotic bodies). The cell corpse (or its fragments) may be engulfed by an adjacent cell in vivo, but engulfment of whole cells should not be considered a strict criteria to define cell death as, under some circumstances, live engulfed cells can be released from phagosomes (see PMID:18045538)."" [GOC:mah, GOC:mtg_apoptosis, PMID:25236395]",1962,520,76,20972,0.14615384615384616,0.03873598369011213,query_1,['GO:0009987']
GO:BP,GO:0071840,cellular component organization or biogenesis,0.0012108544970680566,True,"""A process that results in the biosynthesis of constituent macromolecules, assembly, arrangement of constituent parts, or disassembly of a cellular component."" [GOC:mah]",8538,520,255,20972,0.49038461538461536,0.029866479269149683,query_1,['GO:0009987']
GO:BP,GO:0006915,apoptotic process,0.0012224781635160576,True,"""A programmed cell death process which begins when a cell receives an internal (e.g. DNA damage) or external signal (e.g. an extracellular death ligand), and proceeds through a series of biochemical events (signaling pathway phase) which trigger an execution phase. The execution phase is the last step of an apoptotic process, and is typically characterized by rounding-up of the cell, retraction of pseudopodes, reduction of cellular volume (pyknosis), chromatin condensation, nuclear fragmentation (karyorrhexis), plasma membrane blebbing and fragmentation of the cell into apoptotic bodies. When the execution phase is completed, the cell has died."" [GOC:cjm, GOC:dhl, GOC:ecd, GOC:go_curators, GOC:mtg_apoptosis, GOC:tb, ISBN:0198506732, PMID:18846107, PMID:21494263]",1898,520,74,20972,0.1423076923076923,0.03898840885142255,query_1,['GO:0012501']
GO:BP,GO:0007179,transforming growth factor beta receptor signaling pathway,0.0012279872687519444,True,"""The series of molecular signals initiated by an extracellular ligand binding to a transforming growth factor beta receptor on the surface of a target cell, and ending with the regulation of a downstream cellular process, e.g. transcription."" [GOC:BHF, GOC:mah, GOC:signaling]",207,520,16,20972,0.03076923076923077,0.07729468599033816,query_1,"['GO:0071560', 'GO:0141091']"
GO:BP,GO:0097190,apoptotic signaling pathway,0.0012599947922342057,True,"""The series of molecular signals which triggers the apoptotic death of a cell. The pathway starts with reception of a signal, and ends when the execution phase of apoptosis is triggered."" [GOC:mtg_apoptosis]",612,520,32,20972,0.06153846153846154,0.05228758169934641,query_1,"['GO:0006915', 'GO:0007165']"
GO:BP,GO:0008154,actin polymerization or depolymerization,0.0012599947922342057,True,"""Assembly or disassembly of actin filaments by the addition or removal of actin monomers from a filament."" [GOC:mah]",186,520,15,20972,0.028846153846153848,0.08064516129032258,query_1,['GO:0007015']
GO:BP,GO:1902533,positive regulation of intracellular signal transduction,0.0012599947922342057,True,"""Any process that activates or increases the frequency, rate or extent of intracellular signal transduction."" [GOC:BHF, GOC:dph, GOC:signaling, GOC:tb, GOC:TermGenie]",1108,520,49,20972,0.09423076923076923,0.04422382671480144,query_1,"['GO:0009967', 'GO:0035556', 'GO:1902531']"
GO:BP,GO:0048863,stem cell differentiation,0.0012599947922342057,True,"""The process in which a relatively unspecialized cell acquires specialized features of a stem cell. A stem cell is a cell that retains the ability to divide and proliferate throughout life to provide progenitor cells that can differentiate into specialized cells."" [CL:0000034, GOC:isa_complete]",253,520,18,20972,0.03461538461538462,0.07114624505928854,query_1,['GO:0030154']
GO:BP,GO:0048667,cell morphogenesis involved in neuron differentiation,0.0012599947922342057,True,"""The process in which the structures of a neuron are generated and organized. This process occurs while the initially relatively unspecialized cell is acquiring the specialized features of a neuron."" [GOC:dph, GOC:tb]",584,520,31,20972,0.05961538461538462,0.053082191780821915,query_1,"['GO:0000902', 'GO:0048666']"
GO:BP,GO:0046496,nicotinamide nucleotide metabolic process,0.0012599947922342057,True,"""The chemical reactions and pathways involving nicotinamide nucleotides, any nucleotide that contains combined nicotinamide."" [ISBN:0198506732]",165,520,14,20972,0.026923076923076925,0.08484848484848485,query_1,"['GO:0009117', 'GO:0072524']"
GO:BP,GO:0031099,regeneration,0.0012599947922342057,True,"""The regrowth of a lost or destroyed body part, such as an organ or tissue. This process may occur via renewal, repair, and/or growth alone (i.e. increase in size or mass)."" [GOC:mah, GOC:pr]",165,520,14,20972,0.026923076923076925,0.08484848484848485,query_1,['GO:0048856']
GO:BP,GO:0048660,regulation of smooth muscle cell proliferation,0.0012599947922342057,True,"""Any process that modulates the frequency, rate or extent of smooth muscle cell proliferation."" [CL:0000192, GOC:ebc]",125,520,12,20972,0.023076923076923078,0.096,query_1,"['GO:0042127', 'GO:0048659']"
GO:BP,GO:0051493,regulation of cytoskeleton organization,0.0012845523033366128,True,"""Any process that modulates the frequency, rate or extent of the formation, arrangement of constituent parts, or disassembly of cytoskeletal structures."" [GOC:ai]",531,520,29,20972,0.05576923076923077,0.054613935969868174,query_1,"['GO:0007010', 'GO:0033043']"
GO:BP,GO:2001204,regulation of osteoclast development,0.0013182615786210261,True,"""Any process that modulates the frequency, rate or extent of osteoclast development."" [GOC:obol]",10,520,4,20972,0.007692307692307693,0.4,query_1,"['GO:0036035', 'GO:1903706']"
GO:BP,GO:0033627,cell adhesion mediated by integrin,0.0013368633964557326,True,"""The attachment of a cell, either to another cell or to an underlying substrate such as the extracellular matrix, via an integrin, a heterodimeric adhesion receptor formed by the non-covalent association of particular alpha and beta subunits."" [GOC:add, PMID:12213832, PMID:14754902]",89,520,10,20972,0.019230769230769232,0.11235955056179775,query_1,['GO:0007155']
GO:BP,GO:0042325,regulation of phosphorylation,0.0013534796980843942,True,"""Any process that modulates the frequency, rate or extent of addition of phosphate groups into a molecule."" [GOC:jl]",560,520,30,20972,0.057692307692307696,0.05357142857142857,query_1,"['GO:0016310', 'GO:0051174']"
GO:BP,GO:0048705,skeletal system morphogenesis,0.0013633048722823233,True,"""The process in which the anatomical structures of the skeleton are generated and organized."" [GOC:dph, GOC:dsf, GOC:jid, GOC:tb]",232,520,17,20972,0.032692307692307694,0.07327586206896551,query_1,"['GO:0001501', 'GO:0009887']"
GO:BP,GO:0040008,regulation of growth,0.0014500926192967077,True,"""Any process that modulates the frequency, rate or extent of the growth of all or part of an organism so that it occurs at its proper speed, either globally or in a specific part of the organism's development."" [GOC:ems, GOC:mah]",590,520,31,20972,0.05961538461538462,0.05254237288135593,query_1,"['GO:0040007', 'GO:0050789']"
GO:BP,GO:0008064,regulation of actin polymerization or depolymerization,0.0014500926192967077,True,"""Any process that modulates the frequency, rate or extent of the assembly or disassembly of actin filaments by the addition or removal of actin monomers from a filament."" [GOC:mah]",147,520,13,20972,0.025,0.08843537414965986,query_1,"['GO:0008154', 'GO:0030832', 'GO:0110053']"
GO:BP,GO:0035051,cardiocyte differentiation,0.0014500926192967077,True,"""The process in which a relatively unspecialized cell acquires the specialized structural and/or functional features of a cell that will form part of the cardiac organ of an individual."" [GOC:bf]",147,520,13,20972,0.025,0.08843537414965986,query_1,"['GO:0007507', 'GO:0030154']"
GO:BP,GO:0051051,negative regulation of transport,0.0014738914055808438,True,"""Any process that stops, prevents, or reduces the frequency, rate or extent of the directed movement of substances (such as macromolecules, small molecules, ions) into, out of or within a cell, or between cells, by means of some agent such as a transporter or pore."" [GOC:ai]",404,520,24,20972,0.046153846153846156,0.0594059405940594,query_1,"['GO:0006810', 'GO:0048519', 'GO:0051049']"
GO:BP,GO:0045124,regulation of bone resorption,0.0015158830532673586,True,"""Any process that modulates the frequency, rate or extent of bone tissue loss (resorption)."" [GOC:ai]",43,520,7,20972,0.013461538461538462,0.16279069767441862,query_1,"['GO:0045453', 'GO:0046850']"
GO:BP,GO:0048659,smooth muscle cell proliferation,0.0015310072827688303,True,"""The multiplication or reproduction of smooth muscle cells, resulting in the expansion of a cell population."" [CL:0000192, GOC:ebc, PMID:1840698]",128,520,12,20972,0.023076923076923078,0.09375,query_1,['GO:0033002']
GO:BP,GO:0072001,renal system development,0.0016175989048182176,True,"""The process whose specific outcome is the progression of the renal system over time, from its formation to the mature structure. The renal system maintains fluid balance and contributes to electrolyte balance, acid/base balance, and disposal of nitrogenous waste products. In humans, the renal system comprises a pair of kidneys, a pair of ureters, urinary bladder, urethra, sphincter muscle and associated blood vessels."" [GOC:mtg_kidney_jan10, GOC:yaf, PMID:6996269]",331,520,21,20972,0.04038461538461539,0.0634441087613293,query_1,['GO:0048731']
GO:BP,GO:0048584,positive regulation of response to stimulus,0.0016213788548885089,True,"""Any process that activates, maintains or increases the rate of a response to a stimulus. Response to stimulus is a change in state or activity of a cell or an organism (in terms of movement, secretion, enzyme production, gene expression, etc.) as a result of a stimulus."" [GOC:jid]",2320,520,86,20972,0.16538461538461538,0.03706896551724138,query_1,"['GO:0048518', 'GO:0048583', 'GO:0050896']"
GO:BP,GO:0032101,regulation of response to external stimulus,0.0016530979136100074,True,"""Any process that modulates the frequency, rate or extent of a response to an external stimulus."" [GOC:mah]",1092,520,48,20972,0.09230769230769231,0.04395604395604396,query_1,"['GO:0009605', 'GO:0048583']"
GO:BP,GO:0051248,negative regulation of protein metabolic process,0.0017326887184399258,True,"""Any process that stops, prevents, or reduces the frequency, rate or extent of chemical reactions and pathways involving a protein."" [GOC:ai]",569,520,30,20972,0.057692307692307696,0.05272407732864675,query_1,"['GO:0010605', 'GO:0019538', 'GO:0051246']"
GO:BP,GO:0009605,response to external stimulus,0.0017326887184399258,True,"""Any process that results in a change in state or activity of a cell or an organism (in terms of movement, secretion, enzyme production, gene expression, etc.) as a result of an external stimulus."" [GOC:hb]",2427,520,89,20972,0.17115384615384616,0.036670786979810466,query_1,['GO:0050896']
GO:BP,GO:0030832,regulation of actin filament length,0.0017326887184399258,True,"""Any process that controls the length of actin filaments in a cell."" [GOC:dph, GOC:mah]",150,520,13,20972,0.025,0.08666666666666667,query_1,"['GO:0032535', 'GO:0032956']"
GO:BP,GO:0003205,cardiac chamber development,0.001738035465787986,True,"""The progression of a cardiac chamber over time, from its formation to the mature structure. A cardiac chamber is an enclosed cavity within the heart."" [GOC:mtg_heart]",171,520,14,20972,0.026923076923076925,0.08187134502923976,query_1,"['GO:0007507', 'GO:0048856']"
GO:BP,GO:0034103,regulation of tissue remodeling,0.001738932999328631,True,"""Any process that modulates the frequency, rate, or extent of tissue remodeling."" [GOC:add]",75,520,9,20972,0.01730769230769231,0.12,query_1,"['GO:0048771', 'GO:0051239']"
GO:BP,GO:0014850,response to muscle activity,0.0017512363151491797,True,"""Any process that results in a change in state or activity of a cell or an organism (in terms of movement, secretion, enzyme production, gene expression, etc.) as a result of a muscle activity stimulus."" [GOC:mtg_muscle]",31,520,6,20972,0.011538461538461539,0.1935483870967742,query_1,['GO:0014823']
GO:BP,GO:0006909,phagocytosis,0.001772324767502606,True,"""A vesicle-mediated transport process that results in the engulfment of external particulate material by phagocytes and their delivery to the lysosome. The particles are initially contained within phagocytic vacuoles (phagosomes), which then fuse with primary lysosomes to effect digestion of the particles."" [ISBN:0198506732]",238,520,17,20972,0.032692307692307694,0.07142857142857142,query_1,['GO:0006897']
GO:BP,GO:0007044,cell-substrate junction assembly,0.001830010856417861,True,"""The aggregation, arrangement and bonding together of a set of components to form a junction between a cell and its substrate."" [GOC:mah]",93,520,10,20972,0.019230769230769232,0.10752688172043011,query_1,"['GO:0034329', 'GO:0150115']"
REAC,REAC:R-HSA-1474290,Collagen formation,0.0019343064853181422,True,Collagen formation,89,322,12,11056,0.037267080745341616,0.1348314606741573,query_1,['REAC:R-HSA-1474244']
GO:BP,GO:0001706,endoderm formation,0.001973777152911179,True,"""The formation of the endoderm during gastrulation."" [GOC:go_curators]",60,520,8,20972,0.015384615384615385,0.13333333333333333,query_1,"['GO:0001704', 'GO:0007492']"
GO:BP,GO:0040007,growth,0.0019757934407459723,True,"""The increase in size or mass of an entire organism, a part of an organism or a cell."" [GOC:bf, GOC:ma]",920,520,42,20972,0.08076923076923077,0.04565217391304348,query_1,['GO:0008150']
GO:BP,GO:0007264,small GTPase-mediated signal transduction,0.0020121926594043123,True,"""An intracellular signaling cassette in which a small monomeric GTPase relays a signal."" [GOC:mah]",493,520,27,20972,0.051923076923076926,0.05476673427991886,query_1,['GO:0141124']
GO:BP,GO:0035924,cellular response to vascular endothelial growth factor stimulus,0.002044970225686366,True,"""Any process that results in a change in state or activity of a cell (in terms of movement, secretion, enzyme production, gene expression, etc.) as a result of a vascular endothelial growth factor stimulus."" [GOC:BHF, GOC:rl, PMID:18440775]",113,520,11,20972,0.021153846153846155,0.09734513274336283,query_1,['GO:0071363']
GO:BP,GO:0072078,nephron tubule morphogenesis,0.002085706428873625,True,"""The process in which the anatomical structures of a nephron tubule are generated and organized. A nephron tubule is an epithelial tube that is part of the nephron, the functional part of the kidney."" [GOC:mtg_kidney_jan10]",77,520,9,20972,0.01730769230769231,0.11688311688311688,query_1,"['GO:0061333', 'GO:0072080', 'GO:0072088']"
REAC,REAC:R-HSA-9006934,Signaling by Receptor Tyrosine Kinases,0.002136346238500062,True,Signaling by Receptor Tyrosine Kinases,516,322,33,11056,0.10248447204968944,0.06395348837209303,query_1,['REAC:R-HSA-162582']
REAC,REAC:R-HSA-3906995,Diseases associated with O-glycosylation of proteins,0.002136346238500062,True,Diseases associated with O-glycosylation of proteins,65,322,10,11056,0.031055900621118012,0.15384615384615385,query_1,['REAC:R-HSA-3781865']
REAC,REAC:R-HSA-70326,Glucose metabolism,0.002136346238500062,True,Glucose metabolism,77,322,11,11056,0.034161490683229816,0.14285714285714285,query_1,['REAC:R-HSA-71387']
REAC,REAC:R-HSA-422475,Axon guidance,0.002136346238500062,True,Axon guidance,543,322,34,11056,0.10559006211180125,0.06261510128913444,query_1,['REAC:R-HSA-9675108']
REAC,REAC:R-HSA-9675108,Nervous system development,0.002136346238500062,True,Nervous system development,568,322,35,11056,0.10869565217391304,0.061619718309859156,query_1,['REAC:R-HSA-1266738']
GO:BP,GO:0042592,homeostatic process,0.002155468209032553,True,"""Any biological process involved in the maintenance of an internal steady state. Homeostasis allows cells and organisms to maintain stable internal conditions despite varying external conditions."" [PMID:26265027]",1677,520,66,20972,0.12692307692307692,0.03935599284436494,query_1,['GO:0008150']
GO:BP,GO:0001935,endothelial cell proliferation,0.002175402688564184,True,"""The multiplication or reproduction of endothelial cells, resulting in the expansion of a cell population. Endothelial cells are thin flattened cells which line the inside surfaces of body cavities, blood vessels, and lymph vessels, making up the endothelium."" [GOC:add, ISBN:0781735149]",154,520,13,20972,0.025,0.08441558441558442,query_1,['GO:0050673']
GO:BP,GO:0048662,negative regulation of smooth muscle cell proliferation,0.0022183854591555684,True,"""Any process that stops, prevents or reduces the rate or extent of smooth muscle cell proliferation."" [CL:0000192, GOC:ebc]",46,520,7,20972,0.013461538461538462,0.15217391304347827,query_1,"['GO:0008285', 'GO:0048659', 'GO:0048660']"
REAC,REAC:R-HSA-70171,Glycolysis,0.002260242032109346,True,Glycolysis,68,322,10,11056,0.031055900621118012,0.14705882352941177,query_1,['REAC:R-HSA-70326']
GO:BP,GO:0045104,intermediate filament cytoskeleton organization,0.0023194647510125714,True,"""A process that is carried out at the cellular level which results in the assembly, arrangement of constituent parts, or disassembly of cytoskeletal structures comprising intermediate filaments and their associated proteins."" [GOC:ai]",96,520,10,20972,0.019230769230769232,0.10416666666666667,query_1,"['GO:0007010', 'GO:0045103']"
GO:BP,GO:0090200,positive regulation of release of cytochrome c from mitochondria,0.0023194647510125714,True,"""Any process that increases the rate, frequency or extent of release of cytochrome c from mitochondria, the process in which cytochrome c is enabled to move from the mitochondrial intermembrane space into the cytosol, which is an early step in apoptosis and leads to caspase activation."" [GOC:BHF, GOC:dph, GOC:mtg_apoptosis, GOC:tb]",21,520,5,20972,0.009615384615384616,0.23809523809523808,query_1,"['GO:0001836', 'GO:0010638', 'GO:0090199']"
GO:BP,GO:0030100,regulation of endocytosis,0.002342439468903278,True,"""Any process that modulates the frequency, rate or extent of endocytosis."" [GOC:go_curators]",292,520,19,20972,0.03653846153846154,0.06506849315068493,query_1,"['GO:0006897', 'GO:0051128', 'GO:0060627']"
GO:BP,GO:0072657,protein localization to membrane,0.0023512606842212972,True,"""A process in which a protein is transported to, or maintained in, a specific location in a membrane."" [GOC:mah]",445,520,25,20972,0.04807692307692308,0.056179775280898875,query_1,"['GO:0008104', 'GO:0051668']"
GO:BP,GO:0031344,regulation of cell projection organization,0.0024804216458153383,True,"""Any process that modulates the frequency, rate or extent of a process involved in the formation, arrangement of constituent parts, or disassembly of cell projections."" [GOC:mah]",639,520,32,20972,0.06153846153846154,0.050078247261345854,query_1,"['GO:0030030', 'GO:0051128']"
GO:BP,GO:0072088,nephron epithelium morphogenesis,0.0024804216458153383,True,"""The process in which the anatomical structures of the nephron epithelium are generated and organized. The nephron epithelium is a tissue that covers the surface of a nephron."" [GOC:mtg_kidney_jan10]",79,520,9,20972,0.01730769230769231,0.11392405063291139,query_1,"['GO:0002009', 'GO:0072009', 'GO:0072028']"
GO:BP,GO:0097106,postsynaptic density organization,0.0024911265049933017,True,"""A process that results in the assembly, arrangement of constituent parts, or disassembly of a postsynaptic density, a region that lies adjacent to the cytoplasmic face of the postsynaptic membrane at excitatory synapse."" [GOC:BHF, GOC:sjp, PMID:21525273]",47,520,7,20972,0.013461538461538462,0.14893617021276595,query_1,['GO:0099084']
GO:BP,GO:0045103,intermediate filament-based process,0.0024911265049933017,True,"""Any cellular process that depends upon or alters the intermediate filament cytoskeleton, that part of the cytoskeleton comprising intermediate filaments and their associated proteins."" [GOC:ai]",97,520,10,20972,0.019230769230769232,0.10309278350515463,query_1,['GO:0009987']
GO:BP,GO:0003018,vascular process in circulatory system,0.002536295238370721,True,"""A circulatory process that occurs at the level of the vasculature."" [GOC:mtg_cardio]",270,520,18,20972,0.03461538461538462,0.06666666666666667,query_1,['GO:0003013']
GO:BP,GO:0046879,hormone secretion,0.002537946801902074,True,"""The regulated release of hormones, substances with a specific regulatory effect on a particular organ or group of cells."" [ISBN:0198506732]",319,520,20,20972,0.038461538461538464,0.06269592476489028,query_1,"['GO:0009914', 'GO:0023061']"
GO:BP,GO:0006954,inflammatory response,0.002537946801902074,True,"""The immediate defensive reaction (by vertebrate tissue) to infection or injury caused by chemical or physical agents. The process is characterized by local vasodilation, extravasation of plasma into intercellular spaces and accumulation of white blood cells and macrophages."" [GO_REF:0000022, ISBN:0198506732]",873,520,40,20972,0.07692307692307693,0.045819014891179836,query_1,['GO:0006952']
GO:BP,GO:0050920,regulation of chemotaxis,0.0026060713229918747,True,"""Any process that modulates the frequency, rate or extent of the directed movement of a motile cell or organism in response to a specific chemical concentration gradient."" [GOC:ai]",201,520,15,20972,0.028846153846153848,0.07462686567164178,query_1,"['GO:0006935', 'GO:0032101', 'GO:0040012']"
GO:BP,GO:0038127,ERBB signaling pathway,0.0026181440881477775,True,"""The series of molecular signals initiated by binding of a ligand to a member of the ERBB family of receptor tyrosine kinases on the surface of a cell, and ending with the regulation of a downstream cellular process, e.g. transcription."" [GOC:jc, PMID:16460914, Wikipedia:ErbB]",179,520,14,20972,0.026923076923076925,0.0782122905027933,query_1,['GO:0007169']
GO:BP,GO:0038065,collagen-activated signaling pathway,0.0026213137672206305,True,"""The series of molecular signals initiated by collagen binding to a cell surface receptor, and ending with the regulation of a downstream cellular process, e.g. transcription."" [GOC:bf, GOC:uh, PMID:21568710]",63,520,8,20972,0.015384615384615385,0.12698412698412698,query_1,['GO:0007166']
GO:BP,GO:0006563,L-serine metabolic process,0.0026213137672206305,True,"""The chemical reactions and pathways involving L-serine, the L-enantiomer of serine, i.e. (2S)-2-amino-3-hydroxypropanoic acid."" [GOC:ai, GOC:jsg]",12,520,4,20972,0.007692307692307693,0.3333333333333333,query_1,"['GO:0170033', 'GO:0170039']"
GO:BP,GO:0006970,response to osmotic stress,0.0026460969876185877,True,"""Any process that results in a change in state or activity of a cell or an organism (in terms of movement, secretion, enzyme production, gene expression, etc.) as a result of a stimulus indicating an increase or decrease in the concentration of solutes outside the organism or cell."" [GOC:jl]",80,520,9,20972,0.01730769230769231,0.1125,query_1,"['GO:0006950', 'GO:0009628']"
GO:BP,GO:0014032,neural crest cell development,0.0026460969876185877,True,"""The process aimed at the progression of a neural crest cell over time, from initial commitment of the cell to its specific fate, to the fully functional differentiated cell."" [GOC:dh, GOC:ef]",80,520,9,20972,0.01730769230769231,0.1125,query_1,"['GO:0014033', 'GO:0048864']"
GO:BP,GO:0060976,coronary vasculature development,0.002772794818139348,True,"""The process whose specific outcome is the progression of the blood vessels of the heart over time, from its formation to the mature structure."" [GOC:mtg_heart]",48,520,7,20972,0.013461538461538462,0.14583333333333334,query_1,"['GO:0001568', 'GO:0007507']"
GO:BP,GO:0061450,trophoblast cell migration,0.0027864552421489573,True,"""Trophoblast cell migration that is accomplished by extension and retraction of a pseudopodium. Trophoblast cells line the outside of the blastocyst."" [GOC:dph]",22,520,5,20972,0.009615384615384616,0.22727272727272727,query_1,"['GO:0001667', 'GO:0007566']"
GO:BP,GO:1904706,negative regulation of vascular associated smooth muscle cell proliferation,0.0027864552421489573,True,"""Any process that stops, prevents or reduces the frequency, rate or extent of vascular smooth muscle cell proliferation."" [GO_REF:0000058, GOC:TermGenie, PMID:23246467]",22,520,5,20972,0.009615384615384616,0.22727272727272727,query_1,"['GO:0048662', 'GO:1904705', 'GO:1990874']"
GO:BP,GO:0072006,nephron development,0.0028008547323470135,True,"""The process whose specific outcome is the progression of the nephron over time, from its formation to the mature structure. A nephron is the functional unit of the kidney."" [GOC:mtg_kidney_jan10]",159,520,13,20972,0.025,0.08176100628930817,query_1,"['GO:0001822', 'GO:0048856']"
GO:BP,GO:0071453,cellular response to oxygen levels,0.0028008547323470135,True,"""Any process that results in a change in state or activity of a cell (in terms of movement, secretion, enzyme production, gene expression, etc.) as a result of a stimulus reflecting the presence, absence, or concentration of oxygen."" [GOC:mah]",159,520,13,20972,0.025,0.08176100628930817,query_1,"['GO:0070482', 'GO:0070887']"
REAC,REAC:R-HSA-1566948,Elastic fibre formation,0.002815458422509253,True,Elastic fibre formation,44,322,8,11056,0.024844720496894408,0.18181818181818182,query_1,['REAC:R-HSA-1474244']
GO:BP,GO:0001942,hair follicle development,0.002820336536799326,True,"""The process whose specific outcome is the progression of the hair follicle over time, from its formation to the mature structure. A hair follicle is a tube-like opening in the epidermis where the hair shaft develops and into which the sebaceous glands open."" [GOC:dph, UBERON:0002073]",99,520,10,20972,0.019230769230769232,0.10101010101010101,query_1,"['GO:0022405', 'GO:0048856', 'GO:0098773']"
GO:BP,GO:0090257,regulation of muscle system process,0.002826367824369216,True,"""Any process that modulates the frequency, rate or extent of a muscle system process, a multicellular organismal process carried out by any of the organs or tissues in a muscle system."" [GOC:dph, GOC:tb]",226,520,16,20972,0.03076923076923077,0.07079646017699115,query_1,"['GO:0003012', 'GO:0044057']"
GO:BP,GO:0008104,intracellular protein localization,0.002826367824369216,True,"""Any process in which a protein is transported to, or maintained in, a specific location."" [GOC:ai]",2401,520,87,20972,0.1673076923076923,0.036234902124114954,query_1,['GO:0033036']
GO:BP,GO:0072028,nephron morphogenesis,0.0028389120526053596,True,"""The process in which the anatomical structures of the nephron are generated and organized. A nephron is the functional unit of the kidney."" [GOC:mtg_kidney_jan10]",81,520,9,20972,0.01730769230769231,0.1111111111111111,query_1,"['GO:0009653', 'GO:0060993', 'GO:0072006']"
GO:BP,GO:0008217,regulation of blood pressure,0.002985587746047179,True,"""Any process that modulates the force with which blood travels through the circulatory system. The process is controlled by a balance of processes that increase pressure and decrease pressure."" [GOC:dph, GOC:mtg_cardio, ISBN:0721643949]",182,520,14,20972,0.026923076923076925,0.07692307692307693,query_1,"['GO:0008015', 'GO:0065008']"
GO:BP,GO:0006006,glucose metabolic process,0.002985587746047179,True,"""The chemical reactions and pathways involving glucose, the aldohexose gluco-hexose. D-glucose is dextrorotatory and is sometimes known as dextrose; it is an important source of energy for living organisms and is found free as well as combined in homo- and hetero-oligosaccharides and polysaccharides."" [ISBN:0198506732]",182,520,14,20972,0.026923076923076925,0.07692307692307693,query_1,['GO:0019318']
GO:BP,GO:0150115,cell-substrate junction organization,0.003014248460111466,True,"""A process that is carried out at the cellular level which results in the assembly, arrangement of constituent parts, or disassembly of a cell-substrate junction. A cell-substrate junction is a specialized region of connection between a cell and the extracellular matrix."" [GOC:aruk, GOC:bc, PMID:10419689, PMID:1643657, PMID:16805308, PMID:26923917, PMID:8314002]",100,520,10,20972,0.019230769230769232,0.1,query_1,['GO:0034330']
GO:BP,GO:0007173,epidermal growth factor receptor signaling pathway,0.0031007390769458086,True,"""The series of molecular signals initiated by binding of a ligand to the tyrosine kinase receptor EGFR (ERBB1) on the surface of a cell. The pathway ends with regulation of a downstream cellular process, e.g. transcription."" [GOC:ceb]",161,520,13,20972,0.025,0.08074534161490683,query_1,['GO:0038127']
GO:BP,GO:0070372,regulation of ERK1 and ERK2 cascade,0.003126180687026368,True,"""Any process that modulates the frequency, rate or extent of signal transduction mediated by the ERK1 and ERK2 cascade."" [GOC:add, ISBN:0121245462, ISBN:0896039986]",276,520,18,20972,0.03461538461538462,0.06521739130434782,query_1,"['GO:0043408', 'GO:0070371']"
GO:BP,GO:0005996,monosaccharide metabolic process,0.003126180687026368,True,"""The chemical reactions and pathways involving monosaccharides, the simplest carbohydrates. They are polyhydric alcohols containing either an aldehyde or a keto group and between three to ten or more carbon atoms. They form the constitutional repeating units of oligo- and polysaccharides."" [ISBN:0198506732]",252,520,17,20972,0.032692307692307694,0.06746031746031746,query_1,"['GO:0005975', 'GO:0044281']"
GO:BP,GO:0019318,hexose metabolic process,0.003205266669416992,True,"""The chemical reactions and pathways involving a hexose, any monosaccharide with a chain of six carbon atoms in the molecule."" [ISBN:0198506732]",229,520,16,20972,0.03076923076923077,0.06986899563318777,query_1,['GO:0005996']
GO:BP,GO:0051093,negative regulation of developmental process,0.0032149665542641113,True,"""Any process that stops, prevents or reduces the rate or extent of development, the biological process whose specific outcome is the progression of an organism over time from an initial condition (e.g. a zygote, or a young adult) to a later condition (e.g. a multicellular animal or an aged adult)."" [GOC:ai]",916,520,41,20972,0.07884615384615384,0.04475982532751092,query_1,"['GO:0032502', 'GO:0048519', 'GO:0050793']"
GO:BP,GO:0048608,reproductive structure development,0.003293848523368156,True,"""The reproductive developmental process whose specific outcome is the progression of somatic structures that will be used in the process of creating new individuals from one or more parents, from their formation to the mature structures."" [GOC:dph, GOC:isa_complete, GOC:jid]",302,520,19,20972,0.03653846153846154,0.06291390728476821,query_1,"['GO:0003006', 'GO:0048856', 'GO:0061458']"
GO:BP,GO:0002062,chondrocyte differentiation,0.0033502388588735,True,"""The process in which a chondroblast acquires specialized structural and/or functional features of a chondrocyte. A chondrocyte is a polymorphic cell that forms cartilage."" [GOC:dph]",121,520,11,20972,0.021153846153846155,0.09090909090909091,query_1,"['GO:0030154', 'GO:0051216']"
GO:BP,GO:1903522,regulation of blood circulation,0.0033859709451707814,True,"""Any process that modulates the frequency, rate or extent of blood circulation."" [GO_REF:0000058, GOC:mr, GOC:TermGenie, PMID:10659969]",254,520,17,20972,0.032692307692307694,0.06692913385826772,query_1,"['GO:0008015', 'GO:0044057']"
GO:BP,GO:0019320,hexose catabolic process,0.0034084908320138694,True,"""The chemical reactions and pathways resulting in the breakdown of hexose, any monosaccharide with a chain of six carbon atoms in the molecule."" [ISBN:0198506732]",50,520,7,20972,0.013461538461538462,0.14,query_1,"['GO:0019318', 'GO:0046365']"
GO:BP,GO:0098880,maintenance of postsynaptic specialization structure,0.0034525165122474867,True,"""A process which maintains the organization and the arrangement of proteins in the presynaptic specialization."" [GOC:dos]",13,520,4,20972,0.007692307692307693,0.3076923076923077,query_1,"['GO:0097106', 'GO:0099558']"
GO:BP,GO:0061029,eyelid development in camera-type eye,0.0034525165122474867,True,"""The progression of the eyelid in a camera-type eye from its formation to the mature state. The eyelid is a membranous cover that helps protect and lubricate the eye."" [GOC:dph, GOC:yaf]",13,520,4,20972,0.007692307692307693,0.3076923076923077,query_1,"['GO:0043010', 'GO:0048856']"
REAC,REAC:R-HSA-3000171,Non-integrin membrane-ECM interactions,0.0036239595521250162,True,Non-integrin membrane-ECM interactions,59,322,9,11056,0.027950310559006212,0.15254237288135594,query_1,['REAC:R-HSA-1474244']
GO:BP,GO:0009914,hormone transport,0.0036518731619377145,True,"""The directed movement of hormones into, out of or within a cell, or between cells, by means of some agent such as a transporter or pore."" [GOC:tb]",330,520,20,20972,0.038461538461538464,0.06060606060606061,query_1,"['GO:0006810', 'GO:0010817']"
GO:BP,GO:0090288,negative regulation of cellular response to growth factor stimulus,0.003711169372056683,True,"""Any process that decreases the rate, frequency, or extent of a change in state or activity of a cell (in terms of movement, secretion, enzyme production, gene expression, etc.) as a result of a growth factor stimulus."" [GOC:BHF]",103,520,10,20972,0.019230769230769232,0.0970873786407767,query_1,"['GO:0048585', 'GO:0071363', 'GO:0090287']"
GO:BP,GO:0033036,macromolecule localization,0.0037587126173037246,True,"""Any process in which a macromolecule is transported to, or maintained in, a specific location."" [GOC:mah]",2876,520,100,20972,0.19230769230769232,0.03477051460361613,query_1,['GO:0051179']
GO:BP,GO:0030111,regulation of Wnt signaling pathway,0.0037587126173037246,True,"""Any process that modulates the frequency, rate or extent of the activity of the Wnt signal transduction pathway."" [GOC:dph, GOC:mah, GOC:tb]",331,520,20,20972,0.038461538461538464,0.06042296072507553,query_1,"['GO:0009966', 'GO:0016055']"
GO:BP,GO:0060341,regulation of cellular localization,0.0037587126173037246,True,"""Any process that modulates the frequency, rate or extent of a process in which a cell, a substance, or a cellular entity is transported to, or maintained in a specific location within or in the membrane of a cell."" [GOC:dph, GOC:tb]",517,520,27,20972,0.051923076923076926,0.05222437137330754,query_1,"['GO:0032879', 'GO:0050794', 'GO:0051641']"
GO:BP,GO:0099173,postsynapse organization,0.0037650307547954995,True,"""A process that is carried out at the cellular level which results in the assembly, arrangement of constituent parts, or disassembly of a postsynapse."" [GOC:dos]",233,520,16,20972,0.03076923076923077,0.06866952789699571,query_1,"['GO:0016043', 'GO:0050808']"
GO:BP,GO:0061458,reproductive system development,0.0037678714360141006,True,"""The progression of the reproductive system over time from its formation to the mature structure. The reproductive system consists of the organs that function in reproduction."" [GOC:dph]",306,520,19,20972,0.03653846153846154,0.06209150326797386,query_1,['GO:0048731']
GO:BP,GO:0048864,stem cell development,0.003866801948650674,True,"""The process whose specific outcome is the progression of the stem cell over time, from its formation to the mature structure. Cell development does not include the steps involved in committing a cell to its specific fate."" [CL:0000034, GOC:isa_complete]",85,520,9,20972,0.01730769230769231,0.10588235294117647,query_1,"['GO:0048468', 'GO:0048863']"
GO:BP,GO:1904951,positive regulation of establishment of protein localization,0.0038758669390496496,True,"""Any process that activates or increases the frequency, rate or extent of establishment of protein localization."" [GO_REF:0000058, GOC:TermGenie, PMID:22761445]",282,520,18,20972,0.03461538461538462,0.06382978723404255,query_1,"['GO:0045184', 'GO:0048518', 'GO:0070201']"
GO:BP,GO:0048709,oligodendrocyte differentiation,0.003932098103819904,True,"""The process in which a relatively unspecialized cell acquires the specialized features of an oligodendrocyte. An oligodendrocyte is a type of glial cell involved in myelinating the axons of neurons in the central nervous system."" [GOC:vp, PMID:15139015]",104,520,10,20972,0.019230769230769232,0.09615384615384616,query_1,"['GO:0007417', 'GO:0010001']"
GO:BP,GO:0030162,regulation of proteolysis,0.003959453280771265,True,"""Any process that modulates the frequency, rate or extent of the hydrolysis of a peptide bond or bonds within a protein."" [GOC:mah]",166,520,13,20972,0.025,0.0783132530120482,query_1,"['GO:0006508', 'GO:0051246']"
REAC,REAC:R-HSA-5083635,Defective B3GALTL causes PpS,0.003973709775088681,True,Defective B3GALTL causes PpS,35,322,7,11056,0.021739130434782608,0.2,query_1,['REAC:R-HSA-3906995']
GO:BP,GO:1904018,positive regulation of vasculature development,0.004187795751854414,True,"""Any process that activates or increases the frequency, rate or extent of vasculature development."" [GO_REF:0000058, GOC:TermGenie, PMID:21472453]",167,520,13,20972,0.025,0.07784431137724551,query_1,"['GO:0001944', 'GO:0051094', 'GO:0051240', 'GO:1901342']"
GO:BP,GO:0055021,regulation of cardiac muscle tissue growth,0.004203374757035023,True,"""Any process that modulates the frequency, rate or extent of cardiac muscle growth."" [GOC:vk]",52,520,7,20972,0.013461538461538462,0.1346153846153846,query_1,"['GO:0055017', 'GO:0060420']"
GO:BP,GO:0061326,renal tubule development,0.00420720105385199,True,"""The progression of the renal tubule over time from its formation to the mature form. A renal tubule is a tube that filters, re-absorbs and secretes substances to rid an organism of waste and to play a role in fluid homeostasis."" [GOC:dph, GOC:mtg_kidney_jan10]",105,520,10,20972,0.019230769230769232,0.09523809523809523,query_1,"['GO:0035295', 'GO:0060429', 'GO:0072001']"
REAC,REAC:R-HSA-5173214,O-glycosylation of TSR domain-containing proteins,0.004209663581375023,True,O-glycosylation of TSR domain-containing proteins,36,322,7,11056,0.021739130434782608,0.19444444444444445,query_1,['REAC:R-HSA-5173105']
REAC,REAC:R-HSA-1266738,Developmental Biology,0.004209663581375023,True,Developmental Biology,1394,322,65,11056,0.20186335403726707,0.046628407460545196,query_1,['REAC:0000000']
GO:BP,GO:0030282,bone mineralization,0.0042336311215228845,True,"""The deposition of hydroxyapatite, a form of calcium phosphate with the formula Ca10(PO4)6(OH)2, in bone tissue."" [GOC:mah, PMID:22936354]",125,520,11,20972,0.021153846153846155,0.088,query_1,"['GO:0001503', 'GO:0031214']"
GO:BP,GO:0006564,L-serine biosynthetic process,0.0042359037798256885,True,"""The chemical reactions and pathways resulting in the formation of L-serine."" [MetaCyc:SERSYN-PWY]",6,520,3,20972,0.0057692307692307696,0.5,query_1,"['GO:0006563', 'GO:0009070', 'GO:0170034', 'GO:0170038']"
GO:BP,GO:0002683,negative regulation of immune system process,0.0042359037798256885,True,"""Any process that stops, prevents, or reduces the frequency, rate, or extent of an immune system process."" [GOC:add]",522,520,27,20972,0.051923076923076926,0.05172413793103448,query_1,"['GO:0002376', 'GO:0002682', 'GO:0048519']"
GO:BP,GO:0051216,cartilage development,0.004314882257109906,True,"""The process whose specific outcome is the progression of a cartilage element over time, from its formation to the mature structure. Cartilage elements are skeletal elements that consist of connective tissue dominated by extracellular matrix containing collagen type II and large amounts of proteoglycan, particularly chondroitin sulfate."" [GOC:cjm, PMID:23251424]",213,520,15,20972,0.028846153846153848,0.07042253521126761,query_1,"['GO:0001501', 'GO:0048513', 'GO:0061448']"
GO:BP,GO:0072171,mesonephric tubule morphogenesis,0.004408873458757035,True,"""The process in which the anatomical structures of a mesonephric tubule are generated and organized. A mesonephric tubule is an epithelial tube that is part of the mesonephros."" [GOC:mtg_kidney_jan10]",69,520,8,20972,0.015384615384615385,0.11594202898550725,query_1,"['GO:0072078', 'GO:0072164']"
GO:BP,GO:1902548,negative regulation of cellular response to vascular endothelial growth factor stimulus,0.004484532978825689,True,"""Any process that stops, prevents or reduces the frequency, rate or extent of cellular response to vascular endothelial growth factor stimulus."" [GOC:BHF, GOC:rl, GOC:TermGenie, PMID:17895370]",14,520,4,20972,0.007692307692307693,0.2857142857142857,query_1,"['GO:0035924', 'GO:0090288', 'GO:1902547']"
GO:BP,GO:0009070,serine family amino acid biosynthetic process,0.004484532978825689,True,"""The chemical reactions and pathways resulting in the formation of amino acids of the serine family, comprising cysteine, glycine, homoserine, selenocysteine and serine."" [GOC:ai]",14,520,4,20972,0.007692307692307693,0.2857142857142857,query_1,['GO:1901607']
GO:BP,GO:0046883,regulation of hormone secretion,0.004558235611988287,True,"""Any process that modulates the frequency, rate or extent of the regulated release of a hormone from a cell."" [GOC:ai]",262,520,17,20972,0.032692307692307694,0.0648854961832061,query_1,"['GO:0010646', 'GO:0010817', 'GO:0023051', 'GO:0046879', 'GO:1903530']"
GO:BP,GO:0010594,regulation of endothelial cell migration,0.004570735232880242,True,"""Any process that modulates the rate, frequency, or extent of the orderly movement of an endothelial cell into the extracellular matrix to form an endothelium."" [GOC:BHF, GOC:dph, GOC:tb]",169,520,13,20972,0.025,0.07692307692307693,query_1,"['GO:0030334', 'GO:0043542']"
GO:BP,GO:0001836,release of cytochrome c from mitochondria,0.004585263735345196,True,"""The process that results in the movement of cytochrome c from the mitochondrial intermembrane space into the cytosol, which is part of the apoptotic signaling pathway and leads to caspase activation."" [GOC:add, GOC:mah, GOC:mtg_apoptosis, ISBN:0721639976, PMID:12925707, PMID:9560217]",53,520,7,20972,0.013461538461538462,0.1320754716981132,query_1,"['GO:0008637', 'GO:0097190']"
GO:BP,GO:0051047,positive regulation of secretion,0.004585263735345196,True,"""Any process that activates or increases the frequency, rate or extent of the controlled release of a substance from a cell or a tissue."" [GOC:ai]",312,520,19,20972,0.03653846153846154,0.060897435897435896,query_1,"['GO:0046903', 'GO:0051046', 'GO:0051050']"
GO:BP,GO:0010628,positive regulation of gene expression,0.004585263735345196,True,"""Any process that increases the frequency, rate or extent of gene expression. Gene expression is the process in which a gene's coding sequence is converted into a mature gene product (protein or RNA)."" [GOC:txnOH-2018]",1184,520,49,20972,0.09423076923076923,0.041385135135135136,query_1,"['GO:0010467', 'GO:0010468', 'GO:0010557']"
GO:BP,GO:0001764,neuron migration,0.004674779710062863,True,"""The characteristic movement of an immature neuron from germinal zones to specific positions where they will reside as they mature."" [CL:0000540, GOC:go_curators]",192,520,14,20972,0.026923076923076925,0.07291666666666667,query_1,"['GO:0016477', 'GO:0048699']"
GO:BP,GO:0007492,endoderm development,0.004749614403545649,True,"""The process whose specific outcome is the progression of the endoderm over time, from its formation to the mature structure. The endoderm is the innermost germ layer that develops into the gastrointestinal tract, the lungs and associated tissues."" [GOC:dph, GOC:tb]",88,520,9,20972,0.01730769230769231,0.10227272727272728,query_1,['GO:0009888']
GO:BP,GO:0051881,regulation of mitochondrial membrane potential,0.004749614403545649,True,"""Any process that modulates the establishment or extent of the mitochondrial membrane potential, the electric potential existing across the mitochondrial membrane arising from charges in the membrane itself and from the charges present in the media on either side of the membrane."" [GOC:ai]",70,520,8,20972,0.015384615384615385,0.11428571428571428,query_1,['GO:0042391']
GO:BP,GO:0001938,positive regulation of endothelial cell proliferation,0.004749614403545649,True,"""Any process that activates or increases the rate or extent of endothelial cell proliferation."" [GOC:add]",88,520,9,20972,0.01730769230769231,0.10227272727272728,query_1,"['GO:0001935', 'GO:0001936', 'GO:0050679']"
GO:BP,GO:0051246,regulation of protein metabolic process,0.004858422683881967,True,"""Any process that modulates the frequency, rate or extent of the chemical reactions and pathways involving a protein."" [GOC:ai]",1574,520,61,20972,0.11730769230769231,0.03875476493011436,query_1,"['GO:0019538', 'GO:0060255', 'GO:0080090']"
GO:BP,GO:0006936,muscle contraction,0.0049633767553426,True,"""A process in which force is generated within muscle tissue, resulting in a change in muscle geometry. Force generation involves a chemo-mechanical energy conversion step that is carried out by the actin/myosin complex activity, which generates force through ATP hydrolysis."" [GOC:ef, GOC:mtg_muscle, ISBN:0198506732]",340,520,20,20972,0.038461538461538464,0.058823529411764705,query_1,['GO:0003012']
GO:BP,GO:0046365,monosaccharide catabolic process,0.005042530199268488,True,"""The chemical reactions and pathways resulting in the breakdown of monosaccharides, polyhydric alcohols containing either an aldehyde or a keto group and between three to ten or more carbon atoms."" [ISBN:0198506732]",54,520,7,20972,0.013461538461538462,0.12962962962962962,query_1,"['GO:0005996', 'GO:0016052', 'GO:0044282']"
GO:BP,GO:0050708,regulation of protein secretion,0.005042530199268488,True,"""Any process that modulates the frequency, rate or extent of the controlled release of a protein from a cell."" [GOC:ai]",265,520,17,20972,0.032692307692307694,0.06415094339622641,query_1,"['GO:0009306', 'GO:0051223', 'GO:1903530']"
GO:BP,GO:0032330,regulation of chondrocyte differentiation,0.005042530199268488,True,"""Any process that modulates the frequency, rate or extent of chondrocyte differentiation."" [GOC:mah]",54,520,7,20972,0.013461538461538462,0.12962962962962962,query_1,"['GO:0002062', 'GO:0045595', 'GO:0061035']"
GO:BP,GO:0046849,bone remodeling,0.005068647251350797,True,"""The continuous turnover of bone matrix and mineral that involves first, an increase in resorption (osteoclastic activity) and later, reactive bone formation (osteoblastic activity). The process of bone remodeling takes place in the adult skeleton at discrete foci. The process ensures the mechanical integrity of the skeleton throughout life and plays an important role in calcium homeostasis. An imbalance in the regulation of bone resorption and bone formation results in many of the metabolic bone diseases, such as osteoporosis."" [GOC:curators]",89,520,9,20972,0.01730769230769231,0.10112359550561797,query_1,['GO:0048771']
GO:BP,GO:1903532,positive regulation of secretion by cell,0.005068647251350797,True,"""Any process that activates or increases the frequency, rate or extent of secretion by cell."" [GO_REF:0000058, GOC:pm, GOC:TermGenie, PMID:12130530]",290,520,18,20972,0.03461538461538462,0.06206896551724138,query_1,"['GO:0032940', 'GO:0048522', 'GO:0051047', 'GO:1903530']"
GO:BP,GO:0022604,regulation of cell morphogenesis,0.005068647251350797,True,"""Any process that modulates the frequency, rate or extent of cell morphogenesis. Cell morphogenesis is the developmental process in which the shape of a cell is generated and organized."" [GOC:isa_complete]",241,520,16,20972,0.03076923076923077,0.06639004149377593,query_1,"['GO:0000902', 'GO:0022603']"
GO:BP,GO:0055017,cardiac muscle tissue growth,0.005097672177413466,True,"""The increase in size or mass of a cardiac muscle, where the increase in size or mass has the specific outcome of the progression of the organism over time from one condition to another."" [GOC:devbiol]",71,520,8,20972,0.015384615384615385,0.11267605633802817,query_1,"['GO:0048589', 'GO:0048738', 'GO:0060419']"
GO:BP,GO:0050918,positive chemotaxis,0.005097672177413466,True,"""The directed movement of a motile cell or organism towards a higher concentration of a chemical."" [GOC:ai, GOC:bf, GOC:isa_complete]",71,520,8,20972,0.015384615384615385,0.11267605633802817,query_1,['GO:0006935']
GO:BP,GO:0045597,positive regulation of cell differentiation,0.005193198742260094,True,"""Any process that activates or increases the frequency, rate or extent of cell differentiation."" [GOC:go_curators]",852,520,38,20972,0.07307692307692308,0.04460093896713615,query_1,"['GO:0030154', 'GO:0045595', 'GO:0048522', 'GO:0051094']"
GO:BP,GO:0031346,positive regulation of cell projection organization,0.0052211464346753125,True,"""Any process that activates or increases the frequency, rate or extent of the process involved in the formation, arrangement of constituent parts, or disassembly of cell projections."" [GOC:mah]",342,520,20,20972,0.038461538461538464,0.05847953216374269,query_1,"['GO:0030030', 'GO:0031344', 'GO:0051130']"
GO:BP,GO:0043254,regulation of protein-containing complex assembly,0.005346379238401036,True,"""Any process that modulates the frequency, rate or extent of protein complex assembly."" [GOC:jl]",422,520,23,20972,0.04423076923076923,0.054502369668246446,query_1,"['GO:0044087', 'GO:0051128', 'GO:0065003']"
GO:BP,GO:0032331,negative regulation of chondrocyte differentiation,0.005408933361866574,True,"""Any process that stops, prevents, or reduces the frequency, rate or extent of chondrocyte differentiation."" [GOC:mah]",26,520,5,20972,0.009615384615384616,0.19230769230769232,query_1,"['GO:0002062', 'GO:0032330', 'GO:0045596', 'GO:0061037']"
GO:BP,GO:0031639,plasminogen activation,0.005408933361866574,True,"""The process in which inactive plasminogen is processed to active plasmin. This process includes cleavage at an internal Arg-Val site to form an N-terminal A-chain and C-terminal B-chain held together by a disulfide bond, and can include further proteolytic cleavage events to remove the preactivation peptide."" [PMID:9548733]",26,520,5,20972,0.009615384615384616,0.19230769230769232,query_1,['GO:0031638']
GO:BP,GO:0065009,regulation of molecular function,0.005457177720772682,True,"""Any process that modulates the frequency, rate or extent of a molecular function, an elemental biological activity occurring at the molecular level, such as catalysis or binding."" [GOC:isa_complete]",1070,520,45,20972,0.08653846153846154,0.04205607476635514,query_1,['GO:0065007']
GO:BP,GO:0042311,vasodilation,0.005491941272397717,True,"""An increase in the internal diameter of blood vessels, especially arterioles or capillaries, due to relaxation of smooth muscle cells that line the vessels, and usually resulting in a decrease in blood pressure."" [GOC:pr, ISBN:0192800981]",55,520,7,20972,0.013461538461538462,0.12727272727272726,query_1,['GO:0097746']
GO:BP,GO:0048678,response to axon injury,0.005491941272397717,True,"""Any process that results in a change in state or activity of a cell or an organism (in terms of movement, secretion, enzyme production, gene expression, etc.) as a result of an axon injury stimulus."" [GOC:dgh, GOC:dph, GOC:jid, GOC:lm]",72,520,8,20972,0.015384615384615385,0.1111111111111111,query_1,['GO:0009611']
GO:BP,GO:0097193,intrinsic apoptotic signaling pathway,0.005491941272397717,True,"""The series of molecular signals in which an intracellular signal is conveyed to trigger the apoptotic death of a cell. The pathway starts with reception of an intracellular signal (e.g. DNA damage, endoplasmic reticulum stress, oxidative stress etc.), and ends when the execution phase of apoptosis is triggered. The intrinsic apoptotic signaling pathway is crucially regulated by permeabilization of the mitochondrial outer membrane (MOMP)."" [GOC:mtg_apoptosis, GOC:yaf, PMID:11919192, PMID:17340152, PMID:18852119]",318,520,19,20972,0.03653846153846154,0.059748427672955975,query_1,"['GO:0035556', 'GO:0097190']"
GO:BP,GO:1905666,regulation of protein localization to endosome,0.005568601782231027,True,"""Any process that modulates the frequency, rate or extent of protein localization to endosome."" [GO_REF:0000058, GOC:bc, GOC:PARL, GOC:TermGenie, PMID:22732145]",15,520,4,20972,0.007692307692307693,0.26666666666666666,query_1,"['GO:0032880', 'GO:0036010']"
GO:BP,GO:0047484,regulation of response to osmotic stress,0.005568601782231027,True,"""Any process that modulates the rate or extent of the response to osmotic stress."" [GOC:ai]",15,520,4,20972,0.007692307692307693,0.26666666666666666,query_1,"['GO:0006970', 'GO:0080134']"
GO:BP,GO:0001503,ossification,0.0055893602885976786,True,"""The formation of bone or of a bony substance, or the conversion of fibrous tissue or of cartilage into bone or a bony substance."" [GOC:mtg_mpo, PMID:17572649]",424,520,23,20972,0.04423076923076923,0.054245283018867926,query_1,['GO:0032501']
GO:BP,GO:0035296,regulation of tube diameter,0.00564034434580187,True,"""Any process that modulates the diameter of a tube."" [GOC:bf]",152,520,12,20972,0.023076923076923078,0.07894736842105263,query_1,['GO:0035150']
GO:BP,GO:0097746,blood vessel diameter maintenance,0.00564034434580187,True,"""Any process that modulates the diameter of blood vessels."" [GOC:pr]",152,520,12,20972,0.023076923076923078,0.07894736842105263,query_1,"['GO:0003018', 'GO:0008015', 'GO:0035296']"
REAC,REAC:R-HSA-6809371,Formation of the cornified envelope,0.005674190242960631,True,Formation of the cornified envelope,129,322,13,11056,0.040372670807453416,0.10077519379844961,query_1,['REAC:R-HSA-6805567']
GO:BP,GO:0090505,epiboly involved in wound healing,0.005678485683481921,True,"""The expansion of one cell sheet over other cells involved in wound healing."" [GOC:dph, GOC:tb]",40,520,6,20972,0.011538461538461539,0.15,query_1,"['GO:0042060', 'GO:0090504']"
GO:BP,GO:0044319,"wound healing, spreading of cells",0.005678485683481921,True,"""The migration of a cell along or through a wound gap that contributes to the reestablishment of a continuous surface."" [GOC:jl]",40,520,6,20972,0.011538461538461539,0.15,query_1,"['GO:0016477', 'GO:0090505']"
GO:BP,GO:0001822,kidney development,0.005795417652348618,True,"""The process whose specific outcome is the progression of the kidney over time, from its formation to the mature structure. The kidney is an organ that filters the blood and/or excretes the end products of body metabolism in the form of urine."" [GOC:dph, GOC:mtg_kidney_jan10, ISBN:0124020607, ISBN:0721662544]",320,520,19,20972,0.03653846153846154,0.059375,query_1,"['GO:0048513', 'GO:0072001']"
GO:BP,GO:0048588,developmental cell growth,0.005795417652348618,True,"""The growth of a cell, where growth contributes to the progression of the cell over time from one condition to another."" [GOC:go_curators, GOC:isa_complete]",221,520,15,20972,0.028846153846153848,0.06787330316742081,query_1,"['GO:0016049', 'GO:0048468', 'GO:0048589']"
GO:BP,GO:0035150,regulation of tube size,0.00591609814040808,True,"""Ensuring that a tube is of the correct length and diameter. Tube size must be maintained not only during tube formation, but also throughout development and in some physiological processes."" [PMID:10887083]",153,520,12,20972,0.023076923076923078,0.0784313725490196,query_1,['GO:0090066']
GO:BP,GO:1901607,alpha-amino acid biosynthetic process,0.005960125471298626,True,"""The chemical reactions and pathways resulting in the formation of an alpha-amino acid."" [GOC:TermGenie]",56,520,7,20972,0.013461538461538462,0.125,query_1,"['GO:0008652', 'GO:0046394', 'GO:1901605']"
GO:BP,GO:0120035,regulation of plasma membrane bounded cell projection organization,0.005962419095547898,True,"""Any process that modulates the frequency, rate or extent of a process involved in the formation, arrangement of constituent parts, or disassembly of plasma membrane bounded cell projections."" [GOC:krc]",623,520,30,20972,0.057692307692307696,0.048154093097913325,query_1,"['GO:0031344', 'GO:0120036']"
GO:BP,GO:0046434,organophosphate catabolic process,0.005993788206804867,True,"""The chemical reactions and pathways resulting in the breakdown of organophosphates, any phosphate-containing organic compound."" [GOC:ai]",246,520,16,20972,0.03076923076923077,0.06504065040650407,query_1,"['GO:0009056', 'GO:0019637']"
GO:BP,GO:0001894,tissue homeostasis,0.006072487310933142,True,"""A homeostatic process involved in the maintenance of an internal steady state within a defined tissue of an organism, including control of cellular proliferation and death and control of metabolic function."" [GOC:add, GOC:isa_complete]",271,520,17,20972,0.032692307692307694,0.06273062730627306,query_1,"['GO:0048871', 'GO:0060249']"
GO:BP,GO:0060249,anatomical structure homeostasis,0.006072487310933142,True,"""A homeostatic process involved in the maintenance of an internal steady state within a defined anatomical structure of an organism, including control of cellular proliferation and death and control of metabolic function. An anatomical structure is any biological entity that occupies space and is distinguished from its surroundings. Anatomical structures can be macroscopic such as a carpel, or microscopic such as an acrosome."" [GOC:dph]",271,520,17,20972,0.032692307692307694,0.06273062730627306,query_1,['GO:0048871']
GO:BP,GO:0043535,regulation of blood vessel endothelial cell migration,0.006075624400622467,True,"""Any process that modulates the frequency, rate or extent of the migration of the endothelial cells of blood vessels."" [GOC:go_curators]",92,520,9,20972,0.01730769230769231,0.09782608695652174,query_1,"['GO:0010594', 'GO:0043534']"
GO:BP,GO:0050878,regulation of body fluid levels,0.006075624400622467,True,"""Any process that modulates the levels of body fluids."" [GOC:ai, GOC:dph, GOC:tb]",374,520,21,20972,0.04038461538461539,0.05614973262032086,query_1,['GO:0065008']
GO:BP,GO:0050796,regulation of insulin secretion,0.006075624400622467,True,"""Any process that modulates the frequency, rate or extent of the regulated release of insulin."" [GOC:ai]",176,520,13,20972,0.025,0.07386363636363637,query_1,"['GO:0030073', 'GO:0050708', 'GO:0090276']"
GO:BP,GO:0008277,regulation of G protein-coupled receptor signaling pathway,0.0061461259555236555,True,"""Any process that modulates the frequency, rate or extent of G protein-coupled receptor signaling pathway."" [GOC:go_curators]",154,520,12,20972,0.023076923076923078,0.07792207792207792,query_1,"['GO:0007186', 'GO:0009966']"
GO:BP,GO:0070527,platelet aggregation,0.006293189287739145,True,"""The adhesion of one platelet to one or more other platelets via adhesion molecules."" [GOC:BHF, GOC:vk]",74,520,8,20972,0.015384615384615385,0.10810810810810811,query_1,"['GO:0030168', 'GO:0034109']"
GO:BP,GO:0090504,epiboly,0.006293189287739145,True,"""The expansion of one cell sheet over other cells or yolk."" [GOC:dph, GOC:tb]",41,520,6,20972,0.011538461538461539,0.14634146341463414,query_1,['GO:0002011']
GO:BP,GO:0085029,extracellular matrix assembly,0.006293189287739145,True,"""The aggregation, arrangement and bonding together of the extracellular matrix."" [GOC:jl]",41,520,6,20972,0.011538461538461539,0.14634146341463414,query_1,"['GO:0022607', 'GO:0030198']"
GO:BP,GO:0048842,positive regulation of axon extension involved in axon guidance,0.006365978113784998,True,"""Any process that activates, maintains or increases the frequency, rate or extent of axon extension involved in axon guidance."" [GOC:devbiol]",7,520,3,20972,0.0057692307692307696,0.42857142857142855,query_1,"['GO:0045773', 'GO:0048841', 'GO:0048846', 'GO:0050921']"
GO:BP,GO:0048568,embryonic organ development,0.00639563835772061,True,"""Development, taking place during the embryonic phase, of a tissue or tissues that work together to perform a specific function or functions. Development pertains to the process whose specific outcome is the progression of a structure over time, from its formation to the mature structure. Organs are commonly observed as visibly distinct structures, but may also exist as loosely associated clusters of cells that work together to perform a specific function or functions."" [GOC:jid]",457,520,24,20972,0.046153846153846156,0.0525164113785558,query_1,"['GO:0009790', 'GO:0048513']"
GO:BP,GO:0003073,regulation of systemic arterial blood pressure,0.0064165826191803135,True,"""The process that modulates the force with which blood travels through the systemic arterial circulatory system. The process is controlled by a balance of processes that increase pressure and decrease pressure."" [GOC:mtg_cardio]",93,520,9,20972,0.01730769230769231,0.0967741935483871,query_1,['GO:0008217']
GO:BP,GO:0060021,roof of mouth development,0.0064165826191803135,True,"""The biological process whose specific outcome is the progression of the roof of the mouth from an initial condition to its mature state. This process begins with the formation of the structure and ends with the mature structure. The roof of the mouth is the partition that separates the nasal and oral cavities."" [GOC:dph, ISBN:0721662544]",93,520,9,20972,0.01730769230769231,0.0967741935483871,query_1,['GO:0048856']
GO:BP,GO:0021675,nerve development,0.0064165826191803135,True,"""The process whose specific outcome is the progression of a nerve over time, from its formation to the mature structure."" [GO_REF:0000021, GOC:cls, GOC:dgh, GOC:dph, GOC:jid]",93,520,9,20972,0.01730769230769231,0.0967741935483871,query_1,"['GO:0007399', 'GO:0048856']"
GO:BP,GO:0014033,neural crest cell differentiation,0.0064165826191803135,True,"""The process in which a relatively unspecialized cell acquires specialized features of a neural crest cell."" [GOC:dh, GOC:ef]",93,520,9,20972,0.01730769230769231,0.0967741935483871,query_1,"['GO:0048762', 'GO:0048863']"
GO:BP,GO:0055007,cardiac muscle cell differentiation,0.0065105783263572,True,"""The process in which a cardiac muscle precursor cell acquires specialized features of a cardiac muscle cell. Cardiac muscle cells are striated muscle cells that are responsible for heart contraction."" [GOC:devbiol, GOC:mtg_heart]",113,520,10,20972,0.019230769230769232,0.08849557522123894,query_1,"['GO:0035051', 'GO:0048738', 'GO:0051146']"
GO:BP,GO:1902903,regulation of supramolecular fiber organization,0.006561999288449118,True,"""Any process that modulates the frequency, rate or extent of supramolecular fiber organization."" [GO_REF:0000058, GOC:PARL, GOC:rl, GOC:TermGenie, PMID:23921388]",377,520,21,20972,0.04038461538461539,0.05570291777188329,query_1,"['GO:0051128', 'GO:0097435']"
GO:BP,GO:0007266,Rho protein signal transduction,0.006565951932794515,True,"""An intracellular signaling cassette in which a small monomeric GTPase of the Rho subfamily relays a signal."" [GOC:bf]",134,520,11,20972,0.021153846153846155,0.08208955223880597,query_1,['GO:0007264']
GO:BP,GO:0016052,carbohydrate catabolic process,0.006565951932794515,True,"""The chemical reactions and pathways resulting in the breakdown of carbohydrates, any of a group of organic compounds based of the general formula Cx(H2O)y."" [ISBN:0198506732]",178,520,13,20972,0.025,0.07303370786516854,query_1,"['GO:0005975', 'GO:0009056']"
GO:BP,GO:0048639,positive regulation of developmental growth,0.006689612507353263,True,"""Any process that activates, maintains or increases the rate of developmental growth."" [GOC:go_curators]",156,520,12,20972,0.023076923076923078,0.07692307692307693,query_1,"['GO:0045927', 'GO:0048589', 'GO:0048638', 'GO:0051094']"
GO:BP,GO:0045109,intermediate filament organization,0.006711788035902804,True,"""Control of the spatial distribution of intermediate filaments; includes organizing filaments into meshworks, bundles, or other structures, as by cross-linking."" [GOC:ai]",75,520,8,20972,0.015384615384615385,0.10666666666666667,query_1,"['GO:0045104', 'GO:0097435']"
GO:BP,GO:0071397,cellular response to cholesterol,0.006750782695106858,True,"""Any process that results in a change in state or activity of a cell (in terms of movement, secretion, enzyme production, gene expression, etc.) as a result of a cholesterol stimulus."" [GOC:mah]",16,520,4,20972,0.007692307692307693,0.25,query_1,"['GO:0036315', 'GO:0070723', 'GO:0097306']"
GO:BP,GO:1903828,negative regulation of protein localization,0.006801202024194763,True,"""Any process that stops, prevents or reduces the frequency, rate or extent of a protein localization."" [GO_REF:0000058, GOC:TermGenie, GOC:vw]",202,520,14,20972,0.026923076923076925,0.06930693069306931,query_1,"['GO:0008104', 'GO:0032880', 'GO:0048519']"
REAC,REAC:R-HSA-1650814,Collagen biosynthesis and modifying enzymes,0.006878592696263389,True,Collagen biosynthesis and modifying enzymes,67,322,9,11056,0.027950310559006212,0.13432835820895522,query_1,['REAC:R-HSA-1474290']
REAC,REAC:R-HSA-2243919,Crosslinking of collagen fibrils,0.006878592696263389,True,Crosslinking of collagen fibrils,18,322,5,11056,0.015527950310559006,0.2777777777777778,query_1,['REAC:R-HSA-2022090']
GO:BP,GO:0051223,regulation of protein transport,0.006916042857522611,True,"""Any process that modulates the frequency, rate or extent of the directed movement of a protein into, out of or within a cell, or between cells, by means of some agent such as a transporter or pore."" [GOC:ai]",433,520,23,20972,0.04423076923076923,0.053117782909930716,query_1,"['GO:0015031', 'GO:0051049', 'GO:0070201']"
GO:BP,GO:1903053,regulation of extracellular matrix organization,0.006952521244161063,True,"""Any process that modulates the frequency, rate or extent of extracellular matrix organization."" [GO_REF:0000058, GOC:BHF, GOC:rl, GOC:TermGenie, PMID:22357537]",58,520,7,20972,0.013461538461538462,0.1206896551724138,query_1,"['GO:0030198', 'GO:0051128']"
GO:BP,GO:0060420,regulation of heart growth,0.006952521244161063,True,"""Any process that modulates the rate or extent of heart growth. Heart growth is the increase in size or mass of the heart."" [GOC:dph, GOC:tb]",58,520,7,20972,0.013461538461538462,0.1206896551724138,query_1,"['GO:0046620', 'GO:0060419', 'GO:2000026']"
GO:BP,GO:0007043,cell-cell junction assembly,0.00697611948311094,True,"""The aggregation, arrangement and bonding together of a set of components to form a junction between cells."" [GOC:ai]",157,520,12,20972,0.023076923076923078,0.07643312101910828,query_1,"['GO:0034329', 'GO:0045216']"
GO:BP,GO:1900746,regulation of vascular endothelial growth factor signaling pathway,0.006999025604453971,True,"""Any process that modulates the frequency, rate or extent of vascular endothelial growth factor signaling pathway."" [GOC:TermGenie]",28,520,5,20972,0.009615384615384616,0.17857142857142858,query_1,"['GO:0009966', 'GO:0038084', 'GO:1902547']"
GO:BP,GO:0048589,developmental growth,0.0070031359693512,True,"""The increase in size or mass of an entire organism, a part of an organism or a cell, where the increase in size or mass has the specific outcome of the progression of the organism over time from one condition to another."" [GOC:go_curators]",661,520,31,20972,0.05961538461538462,0.046898638426626324,query_1,"['GO:0032502', 'GO:0040007']"
GO:BP,GO:0001817,regulation of cytokine production,0.007016427270930952,True,"""Any process that modulates the frequency, rate, or extent of production of a cytokine."" [GOC:add, ISBN:0781735149]",780,520,35,20972,0.0673076923076923,0.04487179487179487,query_1,"['GO:0001816', 'GO:0010468', 'GO:0051239']"
GO:BP,GO:0002040,sprouting angiogenesis,0.007248555192486172,True,"""The extension of new blood vessels from existing vessels into avascular tissues, this process includes the specialization of endothelial cells into leading tip and stalk cells, proliferation and migration of the endothelial cells and cell adhesion resulting in angiogenic sprout fusion or lumen formation."" [PMID:16391003, PMID:23031691]",136,520,11,20972,0.021153846153846155,0.08088235294117647,query_1,['GO:0001525']
GO:BP,GO:0060279,positive regulation of ovulation,0.007524298763854179,True,"""Any process that activates or increases the frequency, rate or extent of ovulation, the release of a mature ovum/oocyte from an ovary."" [GOC:dph, GOC:kmv, GOC:tb]",2,520,2,20972,0.0038461538461538464,1.0,query_1,"['GO:0030728', 'GO:0051240', 'GO:0060278', 'GO:2000243']"
GO:BP,GO:0032796,uropod organization,0.007524298763854179,True,"""A process that is carried out at the cellular level which results in the assembly, arrangement of constituent parts, or disassembly of a uropod, a rigid membrane projection with related cytoskeletal components at the trailing edge of a lymphocyte or other cell in the process of migrating or being activated."" [GOC:add, ISBN:0781735149, PMID:12714569, PMID:12787750]",2,520,2,20972,0.0038461538461538464,1.0,query_1,['GO:0120036']
GO:BP,GO:0072190,ureter urothelium development,0.007524298763854179,True,"""The process whose specific outcome is the progression of the urothelium of the ureter over time, from its formation to the mature structure. The urothelium is an epithelium that makes up the epithelial tube of the ureter."" [GOC:mtg_kidney_jan10]",2,520,2,20972,0.0038461538461538464,1.0,query_1,"['GO:0060429', 'GO:0072189']"
GO:BP,GO:0086002,cardiac muscle cell action potential involved in contraction,0.00755747423350558,True,"""An action potential that occurs in a cardiac muscle cell and is involved in its contraction."" [GOC:BHF, GOC:mtg_cardiac_conduct_nov11]",59,520,7,20972,0.013461538461538462,0.11864406779661017,query_1,"['GO:0086001', 'GO:0086003']"
GO:BP,GO:0090497,mesenchymal cell migration,0.00755747423350558,True,"""The orderly movement of a mesenchymal cell from one site to another, often during the development of a multicellular organism."" [GOC:dph, GOC:tb]",59,520,7,20972,0.013461538461538462,0.11864406779661017,query_1,['GO:0001667']
GO:BP,GO:0022407,regulation of cell-cell adhesion,0.0077333300078588725,True,"""Any process that modulates the frequency, rate or extent of attachment of a cell to another cell."" [GOC:isa_complete]",493,520,25,20972,0.04807692307692308,0.05070993914807302,query_1,"['GO:0030155', 'GO:0098609']"
GO:BP,GO:0001816,cytokine production,0.007903024747364573,True,"""The appearance of a cytokine due to biosynthesis or secretion following a cellular stimulus, resulting in an increase in its intracellular or extracellular levels."" [GOC:add, ISBN:0781735149]",786,520,35,20972,0.0673076923076923,0.044529262086514,query_1,"['GO:0010467', 'GO:0032501']"
GO:BP,GO:1901698,response to nitrogen compound,0.00822520172456184,True,"""Any process that results in a change in state or activity of a cell or an organism (in terms of movement, secretion, enzyme production, gene expression, etc.) as a result of a nitrogen compound stimulus."" [GOC:pr, GOC:TermGenie]",941,520,40,20972,0.07692307692307693,0.04250797024442083,query_1,['GO:0042221']
GO:BP,GO:0033993,response to lipid,0.008295825435198195,True,"""Any process that results in a change in state or activity of a cell or an organism (in terms of movement, secretion, enzyme production, gene expression, etc.) as a result of a lipid stimulus."" [GOC:sl]",880,520,38,20972,0.07307692307692308,0.04318181818181818,query_1,['GO:0042221']
GO:BP,GO:0010755,regulation of plasminogen activation,0.008295825435198195,True,"""Any process that modulates the rate, frequency or extent of plasminogen activation. Plasminogen activation is the process in which plasminogen is processed to plasmin."" [GOC:BHF, GOC:dph, GOC:tb]",17,520,4,20972,0.007692307692307693,0.23529411764705882,query_1,"['GO:0031639', 'GO:0070613']"
GO:BP,GO:0048841,regulation of axon extension involved in axon guidance,0.008295825435198195,True,"""Any process that modulates the frequency, rate or extent of axon extension involved in axon guidance."" [GOC:devbiol]",17,520,4,20972,0.007692307692307693,0.23529411764705882,query_1,"['GO:0030516', 'GO:0048846']"
REAC,REAC:R-HSA-162582,Signal Transduction,0.008531572750238574,True,Signal Transduction,2570,322,103,11056,0.3198757763975155,0.040077821011673155,query_1,['REAC:0000000']
GO:BP,GO:0006996,organelle organization,0.008543981270655412,True,"""A process that is carried out at the cellular level which results in the assembly, arrangement of constituent parts, or disassembly of an organelle within a cell. An organelle is an organized structure of distinctive morphology and function. Includes the nucleus, mitochondria, plastids, vacuoles, vesicles, ribosomes and the cytoskeleton. Excludes the plasma membrane."" [GOC:mah]",3573,520,117,20972,0.225,0.0327455919395466,query_1,['GO:0016043']
REAC,REAC:R-HSA-3000157,Laminin interactions,0.008730011356971717,True,Laminin interactions,30,322,6,11056,0.018633540372670808,0.2,query_1,['REAC:R-HSA-1474244']
REAC,REAC:R-HSA-419037,NCAM1 interactions,0.008730011356971717,True,NCAM1 interactions,42,322,7,11056,0.021739130434782608,0.16666666666666666,query_1,['REAC:R-HSA-375165']
GO:BP,GO:0060993,kidney morphogenesis,0.008842475144960083,True,"""Morphogenesis of a kidney. A kidney is an organ that filters the blood and excretes the end products of body metabolism in the form of urine."" [GOC:dph, GOC:mtg_kidney_jan10]",98,520,9,20972,0.01730769230769231,0.09183673469387756,query_1,"['GO:0001822', 'GO:0009887']"
GO:BP,GO:0030500,regulation of bone mineralization,0.008986683480459183,True,"""Any process that modulates the frequency, rate or extent of bone mineralization."" [GOC:go_curators]",79,520,8,20972,0.015384615384615385,0.10126582278481013,query_1,"['GO:0030278', 'GO:0030282', 'GO:0070167']"
GO:BP,GO:1903530,regulation of secretion by cell,0.008986683480459183,True,"""Any process that modulates the frequency, rate or extent of secretion by cell."" [GO_REF:0000058, GOC:pm, GOC:TermGenie, PMID:12130530]",556,520,27,20972,0.051923076923076926,0.048561151079136694,query_1,"['GO:0032940', 'GO:0050794', 'GO:0051046']"
GO:BP,GO:0033043,regulation of organelle organization,0.008986683480459183,True,"""Any process that modulates the frequency, rate or extent of a process involved in the formation, arrangement of constituent parts, or disassembly of an organelle."" [GOC:mah]",1167,520,47,20972,0.09038461538461538,0.04027420736932305,query_1,"['GO:0006996', 'GO:0051128']"
GO:BP,GO:0060419,heart growth,0.008986683480459183,True,"""The increase in size or mass of the heart."" [GOC:dph, GOC:tb]",79,520,8,20972,0.015384615384615385,0.10126582278481013,query_1,"['GO:0007507', 'GO:0035265']"
GO:BP,GO:0034113,heterotypic cell-cell adhesion,0.008993525704631017,True,"""The attachment of a cell to a cell of a different type via adhesion molecules."" [GOC:add]",61,520,7,20972,0.013461538461538462,0.11475409836065574,query_1,['GO:0098609']
GO:BP,GO:0030073,insulin secretion,0.008993525704631017,True,"""The regulated release of proinsulin from secretory granules accompanied by cleavage of proinsulin to form mature insulin. In vertebrates, insulin is secreted from B granules in the B cells of the vertebrate pancreas and from insulin-producing cells in insects."" [GOC:mah, ISBN:0198506732]",209,520,14,20972,0.026923076923076925,0.06698564593301436,query_1,"['GO:0009306', 'GO:0030072']"
GO:BP,GO:0060022,hard palate development,0.009149438070384736,True,"""The biological process whose specific outcome is the progression of the hard palate from an initial condition to its mature state. This process begins with the formation of the structure and ends with the mature structure, whatever form that may be including its natural destruction. The hard palate is the anterior portion of the palate consisting of bone and mucous membranes."" [GOC:dph, ISBN:0721662544]",8,520,3,20972,0.0057692307692307696,0.375,query_1,"['GO:0048856', 'GO:0062009']"
GO:BP,GO:0045766,positive regulation of angiogenesis,0.00923137745045772,True,"""Any process that activates or increases angiogenesis."" [GOC:go_curators]",163,520,12,20972,0.023076923076923078,0.0736196319018405,query_1,"['GO:0001525', 'GO:0045765', 'GO:1904018']"
GO:BP,GO:0071634,regulation of transforming growth factor beta production,0.009240775840826065,True,"""Any process that modulates the frequency, rate, or extent of production of transforming growth factor-beta."" [GOC:mah]",30,520,5,20972,0.009615384615384616,0.16666666666666666,query_1,"['GO:0001817', 'GO:0071604']"
GO:BP,GO:0002682,regulation of immune system process,0.009302591593741461,True,"""Any process that modulates the frequency, rate, or extent of an immune system process."" [GOC:add]",1594,520,60,20972,0.11538461538461539,0.037641154328732745,query_1,"['GO:0002376', 'GO:0050789']"
GO:BP,GO:0001657,ureteric bud development,0.009302591593741461,True,"""The process whose specific outcome is the progression of the ureteric bud over time, from its formation to the mature structure."" [GOC:go_curators]",99,520,9,20972,0.01730769230769231,0.09090909090909091,query_1,['GO:0072164']
GO:BP,GO:0050919,negative chemotaxis,0.009436555643692215,True,"""The directed movement of a motile cell or organism towards a lower concentration of a chemical."" [GOC:ai, GOC:bf, GOC:isa_complete]",45,520,6,20972,0.011538461538461539,0.13333333333333333,query_1,['GO:0006935']
GO:BP,GO:0031638,zymogen activation,0.009436555643692215,True,"""The proteolytic processing of an inactive enzyme to an active form."" [GOC:hjd]",45,520,6,20972,0.011538461538461539,0.13333333333333333,query_1,['GO:0016485']
GO:BP,GO:0170034,L-amino acid biosynthetic process,0.009436555643692215,True,"""The chemical reactions and pathways resulting in the formation of L-amino acids, the L-enantiomers of amino acids."" [GOC:edw]",45,520,6,20972,0.011538461538461539,0.13333333333333333,query_1,"['GO:0170033', 'GO:1901607']"
GO:BP,GO:1901699,cellular response to nitrogen compound,0.00949281422564951,True,"""Any process that results in a change in state or activity of a cell (in terms of movement, secretion, enzyme production, gene expression, etc.) as a result of a nitrogen compound stimulus."" [GOC:pr, GOC:TermGenie]",676,520,31,20972,0.05961538461538462,0.04585798816568047,query_1,"['GO:0070887', 'GO:1901698']"
GO:BP,GO:0010721,negative regulation of cell development,0.009566020772498785,True,"""Any process that decreases the rate, frequency or extent of the progression of the cell over time, from its formation to the mature structure. Cell development does not include the steps involved in committing a cell to a specific fate."" [GOC:BHF, GOC:dph, GOC:tb]",260,520,16,20972,0.03076923076923077,0.06153846153846154,query_1,"['GO:0045596', 'GO:0048468', 'GO:0060284']"
GO:BP,GO:0001658,branching involved in ureteric bud morphogenesis,0.00970367198955688,True,"""The process in which the branching structure of the ureteric bud is generated and organized. The ureteric bud is an epithelial tube that grows out from the metanephric duct. The bud elongates and branches to give rise to the ureter and kidney collecting tubules."" [GOC:dph, PMID:16916378]",62,520,7,20972,0.013461538461538462,0.11290322580645161,query_1,"['GO:0048754', 'GO:0060675']"
GO:BP,GO:0072163,mesonephric epithelium development,0.009821365957120465,True,"""The process whose specific outcome is the progression of an epithelium in the mesonephros over time, from its formation to the mature structure. An epithelium is a tissue that covers the internal or external surfaces of an anatomical structure."" [GOC:mtg_kidney_jan10]",100,520,9,20972,0.01730769230769231,0.09,query_1,"['GO:0001823', 'GO:0072073']"
GO:BP,GO:0072164,mesonephric tubule development,0.009821365957120465,True,"""The progression of a mesonephric tubule over time, from its initial formation to the mature structure. A mesonephric tubule is an epithelial tube that is part of the mesonephros."" [GOC:mtg_kidney_jan10]",100,520,9,20972,0.01730769230769231,0.09,query_1,"['GO:0035295', 'GO:0072163']"
GO:BP,GO:0072080,nephron tubule development,0.009821365957120465,True,"""The progression of a nephron tubule over time, from its initial formation to the mature structure. A nephron tubule is an epithelial tube that is part of the nephron, the functional part of the kidney."" [GOC:mtg_kidney_jan10]",100,520,9,20972,0.01730769230769231,0.09,query_1,"['GO:0061326', 'GO:0072009']"
GO:BP,GO:0098751,bone cell development,0.009948065391260209,True,"""The process whose specific outcome is the progression of a bone cell over time, from initial commitment of the cell to a specific fate, to the fully functional differentiated cell."" [GOC:dos]",18,520,4,20972,0.007692307692307693,0.2222222222222222,query_1,"['GO:0048468', 'GO:0060348']"
GO:BP,GO:0036035,osteoclast development,0.009948065391260209,True,"""The process whose specific outcome is the progression of a osteoclast from its formation to the mature structure. Cell development does not include the steps involved in committing a cell to a specific fate. An osteoclast is a specialized phagocytic cell associated with the absorption and removal of the mineralized matrix of bone tissue."" [CL:0000092, GOC:bf, GOC:yaf]",18,520,4,20972,0.007692307692307693,0.2222222222222222,query_1,"['GO:0030316', 'GO:0061515', 'GO:0098751']"
GO:BP,GO:0001932,regulation of protein phosphorylation,0.009948699558319509,True,"""Any process that modulates the frequency, rate or extent of addition of phosphate groups into an amino acid in a protein."" [GOC:hjd]",504,520,25,20972,0.04807692307692308,0.0496031746031746,query_1,"['GO:0006468', 'GO:0031399', 'GO:0042325']"
GO:BP,GO:0043534,blood vessel endothelial cell migration,0.009975074776599393,True,"""The orderly movement of an endothelial cell into the extracellular matrix in order to form new blood vessels during angiogenesis."" [PMID:11166264]",121,520,10,20972,0.019230769230769232,0.08264462809917356,query_1,['GO:0043542']
GO:BP,GO:0003300,cardiac muscle hypertrophy,0.010147785404619443,True,"""The enlargement or overgrowth of all or part of the heart muscle due to an increase in size of cardiac muscle cells without cell division."" [GOC:mtg_heart]",81,520,8,20972,0.015384615384615385,0.09876543209876543,query_1,['GO:0014897']
GO:BP,GO:0070509,calcium ion import,0.010147785404619443,True,"""The directed movement of calcium ions into a cell or organelle."" [GOC:mah]",81,520,8,20972,0.015384615384615385,0.09876543209876543,query_1,['GO:0006816']
GO:BP,GO:0070374,positive regulation of ERK1 and ERK2 cascade,0.010298324168441881,True,"""Any process that activates or increases the frequency, rate or extent of signal transduction mediated by the ERK1 and ERK2 cascade."" [GOC:mah]",189,520,13,20972,0.025,0.06878306878306878,query_1,"['GO:0043410', 'GO:0070371', 'GO:0070372']"
GO:BP,GO:0051048,negative regulation of secretion,0.01038265357343255,True,"""Any process that stops, prevents, or reduces the frequency, rate or extent of the controlled release of a substance from a cell or a tissue."" [GOC:ai]",166,520,12,20972,0.023076923076923078,0.07228915662650602,query_1,"['GO:0046903', 'GO:0051046', 'GO:0051051']"
GO:BP,GO:0099558,maintenance of synapse structure,0.01038265357343255,True,"""A process that preserves the structural organistation and orientation of a synaptic cellular component such as the synaptic cytoskeleton and molecular scaffolds."" [GOC:dos, PMID:24449494, PMID:25611509]",31,520,5,20972,0.009615384615384616,0.16129032258064516,query_1,"['GO:0034331', 'GO:0050808']"
GO:BP,GO:0002011,morphogenesis of an epithelial sheet,0.010412756760862816,True,"""The process in which the anatomical structures of an epithelial sheet are generated and organized. An epithelial sheet is a flat surface consisting of closely packed epithelial cells."" [GOC:jl]",63,520,7,20972,0.013461538461538462,0.1111111111111111,query_1,['GO:0002009']
GO:BP,GO:0044403,biological process involved in symbiotic interaction,0.01072590480498783,True,"""A process carried out by gene products in an organism that enable the organism to engage in a symbiotic relationship, a more or less intimate association, with another organism. The various forms of symbiosis include parasitism, in which the association is disadvantageous or destructive to one of the organisms; mutualism, in which the association is advantageous, or often necessary to one or both and not harmful to either; and commensalism, in which one member of the association benefits while the other is not affected. However, mutualism, parasitism, and commensalism are often not discrete categories of interactions and should rather be perceived as a continuum of interaction ranging from parasitism to mutualism. In fact, the direction of a symbiotic interaction can change during the lifetime of the symbionts due to developmental changes as well as changes in the biotic/abiotic environment in which the interaction occurs. Microscopic symbionts are often referred to as endosymbionts."" [GOC:cc, PMID:31257129]",190,520,13,20972,0.025,0.06842105263157895,query_1,['GO:0044419']
GO:BP,GO:0010876,lipid localization,0.010762921529104852,True,"""Any process in which a lipid is transported to, or maintained in, a specific location."" [GOC:BHF, GOC:dph, GOC:tb]",451,520,23,20972,0.04423076923076923,0.050997782705099776,query_1,['GO:0033036']
GO:BP,GO:0048041,focal adhesion assembly,0.010854287083219541,True,"""The aggregation and bonding together of a set of components to form a focal adhesion, a complex of intracellular signaling and structural proteins that provides a structural link between the internal actin cytoskeleton and the ECM, and also function as a locus of signal transduction activity."" [GOC:jid, GOC:mah]",82,520,8,20972,0.015384615384615385,0.0975609756097561,query_1,"['GO:0007044', 'GO:0007160']"
REAC,REAC:R-HSA-381426,Regulation of Insulin-like Growth Factor (IGF) transport and uptake by Insulin-like Growth Factor Binding Proteins (IGFBPs),0.011359988686930696,True,Regulation of Insulin-like Growth Factor (IGF) transport and uptake by Insulin-like Growth Factor Binding Proteins (IGFBPs),124,322,12,11056,0.037267080745341616,0.0967741935483871,query_1,['REAC:R-HSA-392499']
GO:BP,GO:0043523,regulation of neuron apoptotic process,0.011360027186018728,True,"""Any process that modulates the occurrence or rate of cell death by apoptotic process in neurons."" [GOC:go_curators, GOC:mtg_apoptosis]",240,520,15,20972,0.028846153846153848,0.0625,query_1,"['GO:0042981', 'GO:0051402']"
GO:BP,GO:0034220,monoatomic ion transmembrane transport,0.011516756228592013,True,"""A process in which a monoatomic ion is transported across a membrane. Monatomic ions (also called simple ions) are ions consisting of exactly one atom."" [GOC:mah]",1025,520,42,20972,0.08076923076923077,0.04097560975609756,query_1,"['GO:0006811', 'GO:0055085']"
GO:BP,GO:1904950,negative regulation of establishment of protein localization,0.01176448627296054,True,"""Any process that stops, prevents or reduces the frequency, rate or extent of establishment of protein localization."" [GO_REF:0000058, GOC:TermGenie, PMID:22761445]",124,520,10,20972,0.019230769230769232,0.08064516129032258,query_1,"['GO:0045184', 'GO:0048519', 'GO:0070201']"
GO:BP,GO:0061037,negative regulation of cartilage development,0.011852683314045228,True,"""Any process that decreases the rate, frequency, or extent of cartilage development, the process whose specific outcome is the progression of the cartilage over time, from its formation to the mature structure. Cartilage is a connective tissue dominated by extracellular matrix containing collagen type II and large amounts of proteoglycan, particularly chondroitin sulfate."" [GOC:dph]",32,520,5,20972,0.009615384615384616,0.15625,query_1,"['GO:0051093', 'GO:0051216', 'GO:0051241', 'GO:0061035']"
GO:BP,GO:0045780,positive regulation of bone resorption,0.011901585129959603,True,"""Any process that activates or increases the frequency, rate or extent of bone resorption."" [GOC:go_curators]",19,520,4,20972,0.007692307692307693,0.21052631578947367,query_1,"['GO:0045124', 'GO:0045453', 'GO:0051240']"
GO:BP,GO:0007156,homophilic cell-cell adhesion,0.011901585129959603,True,"""The attachment of an adhesion molecule in one cell to an identical molecule in an adjacent cell."" [ISBN:0198506732]",169,520,12,20972,0.023076923076923078,0.07100591715976332,query_1,['GO:0098609']
GO:BP,GO:0009651,response to salt stress,0.011901585129959603,True,"""Any process that results in a change in state or activity of a cell or an organism (in terms of movement, secretion, enzyme production, gene expression, etc.) as a result of a stimulus indicating an increase or decrease in the concentration of salt (particularly but not exclusively sodium and chloride ions) in the environment."" [GOC:jl]",19,520,4,20972,0.007692307692307693,0.21052631578947367,query_1,['GO:0006970']
GO:BP,GO:0030502,negative regulation of bone mineralization,0.011901585129959603,True,"""Any process that stops, prevents, or reduces the frequency, rate or extent of bone mineralization."" [GOC:go_curators]",19,520,4,20972,0.007692307692307693,0.21052631578947367,query_1,"['GO:0030279', 'GO:0030282', 'GO:0030500', 'GO:0070168']"
GO:BP,GO:0060047,heart contraction,0.012157237953616286,True,"""The multicellular organismal process in which the heart decreases in volume in a characteristic way to propel blood through the body."" [GOC:dph]",242,520,15,20972,0.028846153846153848,0.06198347107438017,query_1,"['GO:0003015', 'GO:0008015']"
GO:BP,GO:0071396,cellular response to lipid,0.01217331084427545,True,"""Any process that results in a change in state or activity of a cell (in terms of movement, secretion, enzyme production, gene expression, etc.) as a result of a lipid stimulus."" [GOC:mah]",600,520,28,20972,0.05384615384615385,0.04666666666666667,query_1,"['GO:0033993', 'GO:0070887']"
GO:BP,GO:0045453,bone resorption,0.01217331084427545,True,"""The process in which specialized cells known as osteoclasts degrade the organic and inorganic portions of bone, and endocytose and transport the degradation products."" [GOC:mah, PMID:10968780]",65,520,7,20972,0.013461538461538462,0.1076923076923077,query_1,"['GO:0001894', 'GO:0046849']"
GO:BP,GO:0006935,chemotaxis,0.01217331084427545,True,"""The directed movement of a motile cell or organism, or the directed growth of a cell guided by a specific chemical concentration gradient. Movement may be towards a higher concentration (positive chemotaxis) or towards a lower concentration (negative chemotaxis)."" [ISBN:0198506732]",456,520,23,20972,0.04423076923076923,0.05043859649122807,query_1,"['GO:0042221', 'GO:0042330']"
GO:BP,GO:0008652,amino acid biosynthetic process,0.01217331084427545,True,"""The chemical reactions and pathways resulting in the formation of amino acids, organic acids containing one or more amino substituents."" [ISBN:0198506732]",65,520,7,20972,0.013461538461538462,0.1076923076923077,query_1,"['GO:0006520', 'GO:0009058']"
GO:BP,GO:0006911,"phagocytosis, engulfment",0.0122316767105077,True,"""The internalization of bacteria, immune complexes and other particulate matter or of an apoptotic cell by phagocytosis, including the membrane and cytoskeletal processes required, which involves one of three mechanisms: zippering of pseudopods around a target via repeated receptor-ligand interactions, sinking of the target directly into plasma membrane of the phagocytosing cell, or induced uptake via an enhanced membrane ruffling of the phagocytosing cell similar to macropinocytosis."" [GOC:curators, ISBN:0781735149]",48,520,6,20972,0.011538461538461539,0.125,query_1,"['GO:0006909', 'GO:0099024']"
GO:BP,GO:0035023,regulation of Rho protein signal transduction,0.0122316767105077,True,"""Any process that modulates the frequency, rate or extent of Rho protein signal transduction."" [GOC:bf]",84,520,8,20972,0.015384615384615385,0.09523809523809523,query_1,"['GO:0007266', 'GO:0051056']"
GO:BP,GO:0045837,negative regulation of membrane potential,0.0122316767105077,True,"""Any process that stops, prevents, or reduces the frequency, rate or extent of establishment or extent of a membrane potential, the electric potential existing across any membrane arising from charges in the membrane itself and from the charges present in the media on either side of the membrane."" [GOC:go_curators]",9,520,3,20972,0.0057692307692307696,0.3333333333333333,query_1,['GO:0042391']
GO:BP,GO:0170038,proteinogenic amino acid biosynthetic process,0.0122316767105077,True,"""The chemical reactions and pathways resulting in the formation of any amino acid that is incorporated into protein naturally by ribosomal translation of mRNA, and that has a specific codon for translation from mRNA to protein."" [GOC:ew]",48,520,6,20972,0.011538461538461539,0.125,query_1,"['GO:0046394', 'GO:0170039']"
GO:BP,GO:0099562,maintenance of postsynaptic density structure,0.0122316767105077,True,"""A process which maintains the organization and the arrangement of proteins in the presynaptic density."" [GOC:dos]",9,520,3,20972,0.0057692307692307696,0.3333333333333333,query_1,['GO:0098880']
GO:BP,GO:0001823,mesonephros development,0.0122316767105077,True,"""The process whose specific outcome is the progression of the mesonephros over time, from its formation to the mature structure. In mammals, the mesonephros is the second of the three embryonic kidneys to be established and exists only transiently. In lower vertebrates such as fish and amphibia, the mesonephros will form the mature kidney."" [GOC:dph, ISBN:0124020607, ISBN:0721662544, PMID:10535314]",104,520,9,20972,0.01730769230769231,0.08653846153846154,query_1,['GO:0001822']
GO:BP,GO:0060430,lung saccule development,0.0122316767105077,True,"""The biological process whose specific outcome is the progression of a lung saccule from an initial condition to its mature state. The lung saccule is the primitive gas exchange portion of the lung composed of type I and type II cells."" [GOC:dph, GOC:mtg_lung]",9,520,3,20972,0.0057692307692307696,0.3333333333333333,query_1,"['GO:0048286', 'GO:0048856']"
GO:BP,GO:0048880,sensory system development,0.0122316767105077,True,"""The process whose specific outcome is the progression of a sensory system over time from its formation to the mature structure."" [GOC:dgh]",429,520,22,20972,0.04230769230769231,0.05128205128205128,query_1,['GO:0048731']
GO:BP,GO:0009725,response to hormone,0.0122316767105077,True,"""Any process that results in a change in state or activity of a cell or an organism (in terms of movement, secretion, enzyme production, gene expression, etc.) as a result of a hormone stimulus."" [GOC:jl]",904,520,38,20972,0.07307692307692308,0.0420353982300885,query_1,"['GO:0009719', 'GO:0042221']"
GO:BP,GO:0014897,striated muscle hypertrophy,0.0122316767105077,True,"""The enlargement or overgrowth of all or part of an organ due to an increase in size of muscle cells without cell division. In the case of striated muscle, this happens due to the additional synthesis of sarcomeric proteins and assembly of myofibrils."" [GOC:mtg_muscle]",84,520,8,20972,0.015384615384615385,0.09523809523809523,query_1,['GO:0014896']
GO:BP,GO:0042908,xenobiotic transport,0.0122316767105077,True,"""The directed movement of a xenobiotic into, out of or within a cell, or between cells, by means of some agent such as a transporter or pore. A xenobiotic is a compound foreign to the organism exposed to it. It may be synthesized by another organism (like ampicilin) or it can be a synthetic chemical."" [GOC:go_curators, GOC:krc]",48,520,6,20972,0.011538461538461539,0.125,query_1,['GO:0006810']
GO:BP,GO:2000243,positive regulation of reproductive process,0.0122316767105077,True,"""Any process that activates or increases the frequency, rate or extent of reproductive process."" [GOC:mah]",84,520,8,20972,0.015384615384615385,0.09523809523809523,query_1,"['GO:0022414', 'GO:0048518', 'GO:2000241']"
GO:BP,GO:0010917,negative regulation of mitochondrial membrane potential,0.0122316767105077,True,"""Any process that stops, prevents, or reduces the frequency, rate or extent of establishment or extent of a mitochondrial membrane potential, the electric potential existing across any mitochondrial membrane arising from charges in the membrane itself and from the charges present in the media on either side of the membrane."" [GOC:dph, GOC:tb]",9,520,3,20972,0.0057692307692307696,0.3333333333333333,query_1,"['GO:0045837', 'GO:0051881']"
GO:BP,GO:0042330,taxis,0.012503048143570507,True,"""The directed movement of a motile cell or organism in response to an external stimulus."" [GOC:jl, ISBN:0192801023]",458,520,23,20972,0.04423076923076923,0.05021834061135371,query_1,"['GO:0009605', 'GO:0040011']"
GO:BP,GO:0019538,protein metabolic process,0.012531002752148907,True,"""The chemical reactions and pathways involving a protein. Includes protein modification."" [GOC:ma]",4467,520,140,20972,0.2692307692307692,0.03134094470561898,query_1,"['GO:0043170', 'GO:0044238']"
GO:BP,GO:1905330,regulation of morphogenesis of an epithelium,0.012935424863707549,True,"""Any process that modulates the frequency, rate or extent of morphogenesis of an epithelium."" [GO_REF:0000058, GOC:bhm, GOC:TermGenie, PMID:25745997]",66,520,7,20972,0.013461538461538462,0.10606060606060606,query_1,"['GO:0002009', 'GO:0022603']"
GO:BP,GO:0071604,transforming growth factor beta production,0.013027598549425003,True,"""The appearance of any member of the transforming growth factor-beta family of cytokines due to biosynthesis or secretion following a cellular stimulus, resulting in an increase in its intracellular or extracellular levels. Transforming growth factor-beta family members include TGF-B1, TGF-B2, and TGF-B3."" [GOC:add, GOC:rv, PMID:16891311, PMID:2022183]",33,520,5,20972,0.009615384615384616,0.15151515151515152,query_1,['GO:0001816']
GO:BP,GO:0016055,Wnt signaling pathway,0.013139897423048498,True,"""The series of molecular signals initiated by binding of a Wnt protein to a frizzled family receptor on the surface of a target cell and ending with a change in cell state."" [PMID:11532397]",460,520,23,20972,0.04423076923076923,0.05,query_1,['GO:0007166']
GO:BP,GO:0050954,sensory perception of mechanical stimulus,0.013325250102105035,True,"""The series of events required for an organism to receive a sensory mechanical stimulus, convert it to a molecular signal, and recognize and characterize the signal. This is a neurological process."" [GOC:ai]",196,520,13,20972,0.025,0.0663265306122449,query_1,['GO:0007600']
GO:BP,GO:0044703,multi-organism reproductive process,0.013325250102105035,True,"""A biological process that directly contributes to the process of producing new individuals, involving another organism."" [GOC:jl]",196,520,13,20972,0.025,0.0663265306122449,query_1,['GO:0022414']
GO:BP,GO:0006163,purine nucleotide metabolic process,0.013504491990398501,True,"""The chemical reactions and pathways involving a purine nucleotide, a compound consisting of nucleoside (a purine base linked to a deoxyribose or ribose sugar) esterified with a phosphate group at either the 3' or 5'-hydroxyl group of the sugar."" [GOC:go_curators, ISBN:0198506732]",433,520,22,20972,0.04230769230769231,0.050808314087759814,query_1,"['GO:0009117', 'GO:0072521']"
REAC,REAC:R-HSA-2022090,Assembly of collagen fibrils and other multimeric structures,0.013562605287923362,True,Assembly of collagen fibrils and other multimeric structures,60,322,8,11056,0.024844720496894408,0.13333333333333333,query_1,['REAC:R-HSA-1474290']
GO:BP,GO:1901890,positive regulation of cell junction assembly,0.01357077285285404,True,"""Any process that activates or increases the frequency, rate or extent of cell junction assembly."" [GOC:TermGenie]",106,520,9,20972,0.01730769230769231,0.08490566037735849,query_1,"['GO:0034329', 'GO:0044089', 'GO:0051130', 'GO:1901888']"
GO:BP,GO:0021537,telencephalon development,0.013809779586007164,True,"""The process whose specific outcome is the progression of the telencephalon over time, from its formation to the mature structure. The telencephalon is the paired anteriolateral division of the prosencephalon plus the lamina terminalis from which the olfactory lobes, cerebral cortex, and subcortical nuclei are derived."" [GO_REF:0000021, GOC:cls, GOC:dgh, GOC:dph, GOC:jid, PMID:12626695]",272,520,16,20972,0.03076923076923077,0.058823529411764705,query_1,"['GO:0030900', 'GO:0048856']"
GO:BP,GO:0014896,muscle hypertrophy,0.013809779586007164,True,"""The muscle system process that results in enlargement or overgrowth of all or part of a muscle organ due to an increase in the size of its muscle cells. Physiological hypertrophy is a normal process during development (it stops in cardiac muscle after adolescence) and can also be brought on in response to demand. In athletes cardiac and skeletal muscles undergo hypertrophy stimulated by increasing muscle activity on exercise. Smooth muscle cells in the uterus undergo hypertrophy during pregnancy."" [GOC:mtg_muscle]",86,520,8,20972,0.015384615384615385,0.09302325581395349,query_1,['GO:0003012']
GO:BP,GO:0061298,retina vasculature development in camera-type eye,0.013809779586007164,True,"""The process whose specific outcome is the progression of the vasculature of the retina over time, from its formation to the mature structure."" [GOC:BHF, GOC:dph]",20,520,4,20972,0.007692307692307693,0.2,query_1,"['GO:0001944', 'GO:0060041']"
GO:BP,GO:0040013,negative regulation of locomotion,0.014037300034887797,True,"""Any process that stops, prevents, or reduces the frequency, rate or extent of locomotion of a cell or organism."" [GOC:go_curators]",325,520,18,20972,0.03461538461538462,0.055384615384615386,query_1,"['GO:0040011', 'GO:0040012', 'GO:0048519']"
GO:BP,GO:0008630,intrinsic apoptotic signaling pathway in response to DNA damage,0.014367113060601856,True,"""The series of molecular signals in which an intracellular signal is conveyed to trigger the apoptotic death of a cell. The pathway is induced by the detection of DNA damage, and ends when the execution phase of apoptosis is triggered."" [GOC:go_curators, GOC:mtg_apoptosis]",107,520,9,20972,0.01730769230769231,0.08411214953271028,query_1,"['GO:0006974', 'GO:0097193']"
GO:BP,GO:0090183,regulation of kidney development,0.014587397369982744,True,"""Any process that modulates the rate, frequency or extent of kidney development. Kidney development is the process whose specific outcome is the progression of the kidney over time, from its formation to the mature structure. The kidney is an organ that filters the blood and excretes the end products of body metabolism in the form of urine."" [GOC:dph, GOC:tb, GOC:yaf]",34,520,5,20972,0.009615384615384616,0.14705882352941177,query_1,"['GO:0001822', 'GO:0050793']"
GO:BP,GO:0002063,chondrocyte development,0.014587397369982744,True,"""The process whose specific outcome is the progression of a chondrocyte over time, from its commitment to its mature state. Chondrocyte development does not include the steps involved in committing a chondroblast to a chondrocyte fate."" [GOC:dph]",34,520,5,20972,0.009615384615384616,0.14705882352941177,query_1,"['GO:0002062', 'GO:0048468']"
GO:BP,GO:0071711,basement membrane organization,0.014587397369982744,True,"""A process that is carried out at the cellular level which results in the assembly, arrangement of constituent parts, or disassembly of the basement membrane."" [GOC:mah]",34,520,5,20972,0.009615384615384616,0.14705882352941177,query_1,['GO:0030198']
GO:BP,GO:0086005,ventricular cardiac muscle cell action potential,0.014587397369982744,True,"""An action potential that occurs in a ventricular cardiac muscle cell."" [GOC:BHF, GOC:mtg_cardiac_conduct_nov11]",34,520,5,20972,0.009615384615384616,0.14705882352941177,query_1,['GO:0086002']
GO:BP,GO:0061041,regulation of wound healing,0.014660938691972714,True,"""Any process that modulates the rate, frequency, or extent of the series of events that restore integrity to a damaged tissue, following an injury."" [GOC:BHF, GOC:dph]",129,520,10,20972,0.019230769230769232,0.07751937984496124,query_1,"['GO:0042060', 'GO:1903034']"
GO:BP,GO:0007422,peripheral nervous system development,0.014660938691972714,True,"""The process whose specific outcome is the progression of the peripheral nervous system over time, from its formation to the mature structure. The peripheral nervous system is one of the two major divisions of the nervous system. Nerves in the PNS connect the central nervous system (CNS) with sensory organs, other organs, muscles, blood vessels and glands."" [GOC:go_curators, UBERON:0000010]",87,520,8,20972,0.015384615384615385,0.09195402298850575,query_1,"['GO:0007399', 'GO:0048731']"
GO:BP,GO:0060675,ureteric bud morphogenesis,0.014934329826935672,True,"""The process in which the ureteric bud is generated and organized."" [GOC:dph, GOC:mtg_kidney_jan10]",68,520,7,20972,0.013461538461538462,0.10294117647058823,query_1,"['GO:0001657', 'GO:0072171']"
GO:BP,GO:1904375,regulation of protein localization to cell periphery,0.01505189754727115,True,"""Any process that modulates the frequency, rate or extent of protein localization to cell periphery."" [GO_REF:0000058, GOC:TermGenie, PMID:18216290]",152,520,11,20972,0.021153846153846155,0.07236842105263158,query_1,"['GO:0032880', 'GO:1990778']"
GO:BP,GO:0009117,nucleotide metabolic process,0.015211970140125871,True,"""The chemical reactions and pathways involving a nucleotide, a nucleoside that is esterified with (ortho)phosphate or an oligophosphate at any hydroxyl group on the glycose moiety; may be mono-, di- or triphosphate; this definition includes cyclic nucleotides (nucleoside cyclic phosphates)."" [GOC:ma]",495,520,24,20972,0.046153846153846156,0.048484848484848485,query_1,['GO:0006753']
GO:BP,GO:0001936,regulation of endothelial cell proliferation,0.015428075967953049,True,"""Any process that modulates the frequency, rate, or extent of endothelial cell proliferation."" [GOC:add]",130,520,10,20972,0.019230769230769232,0.07692307692307693,query_1,"['GO:0001935', 'GO:0050678']"
GO:BP,GO:0007565,female pregnancy,0.015500600710937328,True,"""The set of physiological processes that allow an embryo or foetus to develop within the body of a female animal. It covers the time from fertilization of a female ovum by a male spermatozoon until birth."" [ISBN:0192800825]",176,520,12,20972,0.023076923076923078,0.06818181818181818,query_1,"['GO:0044703', 'GO:0044706']"
GO:BP,GO:0051056,regulation of small GTPase mediated signal transduction,0.015521766184453693,True,"""Any process that modulates the frequency, rate or extent of small GTPase mediated signal transduction."" [GOC:go_curators]",302,520,17,20972,0.032692307692307694,0.056291390728476824,query_1,"['GO:0007264', 'GO:1902531']"
GO:BP,GO:0003015,heart process,0.01609634571762262,True,"""A circulatory system process carried out by the heart. The heart is a hollow, muscular organ, which, by contracting rhythmically, keeps up the circulation of the blood. The heart is a hollow, muscular organ, which, by contracting rhythmically, keeps up the circulation of the blood."" [GOC:mtg_cardio]",251,520,15,20972,0.028846153846153848,0.05976095617529881,query_1,['GO:0003013']
GO:BP,GO:0051797,regulation of hair follicle development,0.016111835892682204,True,"""Any process that modulates the frequency, rate or extent of hair follicle development."" [GOC:ai]",21,520,4,20972,0.007692307692307693,0.19047619047619047,query_1,"['GO:0001942', 'GO:0042634', 'GO:2000026']"
GO:BP,GO:1902966,positive regulation of protein localization to early endosome,0.016111835892682204,True,"""Any process that activates or increases the frequency, rate or extent of protein localization to early endosome."" [GO_REF:0000058, GOC:sjp, GOC:TermGenie, PMID:22621900]",10,520,3,20972,0.0057692307692307696,0.3,query_1,"['GO:1902946', 'GO:1902965', 'GO:1905668']"
GO:BP,GO:0036315,cellular response to sterol,0.016111835892682204,True,"""Any process that results in a change in state or activity of a cell (in terms of movement, secretion, enzyme production, gene expression, etc.) as a result of a sterol stimulus."" [GOC:bf]",21,520,4,20972,0.007692307692307693,0.19047619047619047,query_1,"['GO:0036314', 'GO:0071396', 'GO:1901701']"
GO:BP,GO:1902965,regulation of protein localization to early endosome,0.016111835892682204,True,"""Any process that modulates the frequency, rate or extent of protein localization to early endosome."" [GO_REF:0000058, GOC:sjp, GOC:TermGenie, PMID:22621900]",10,520,3,20972,0.0057692307692307696,0.3,query_1,"['GO:1902946', 'GO:1905666']"
GO:BP,GO:0048846,axon extension involved in axon guidance,0.016111835892682204,True,"""The long distance growth of a single cell process, that is involved in the migration of an axon growth cone, where the migration is directed to a specific target site by a combination of attractive and repulsive cues."" [GOC:ef, GOC:jid]",21,520,4,20972,0.007692307692307693,0.19047619047619047,query_1,"['GO:0007411', 'GO:0048675']"
GO:BP,GO:0002685,regulation of leukocyte migration,0.016124445482772875,True,"""Any process that modulates the frequency, rate, or extent of leukocyte migration."" [GOC:add]",226,520,14,20972,0.026923076923076925,0.061946902654867256,query_1,"['GO:0002682', 'GO:0030334', 'GO:0050900']"
GO:BP,GO:0048048,embryonic eye morphogenesis,0.01620735343625233,True,"""The process occurring in the embryo by which the anatomical structures of the post-embryonic eye are generated and organized."" [GOC:jid]",35,520,5,20972,0.009615384615384616,0.14285714285714285,query_1,"['GO:0048562', 'GO:0048592']"
GO:BP,GO:0045807,positive regulation of endocytosis,0.01633233664308794,True,"""Any process that activates or increases the frequency, rate or extent of endocytosis."" [GOC:go_curators]",154,520,11,20972,0.021153846153846155,0.07142857142857142,query_1,"['GO:0006897', 'GO:0030100', 'GO:0051050', 'GO:0051130']"
GO:BP,GO:0005975,carbohydrate metabolic process,0.016426989037086916,True,"""The chemical reactions and pathways involving carbohydrates, any of a group of organic compounds based of the general formula Cx(H2O)y."" [GOC:mah, ISBN:0198506732]",557,520,26,20972,0.05,0.0466786355475763,query_1,['GO:0044238']
REAC,REAC:R-HSA-75205,Dissolution of Fibrin Clot,0.01644856082435266,True,Dissolution of Fibrin Clot,13,322,4,11056,0.012422360248447204,0.3076923076923077,query_1,['REAC:R-HSA-109582']
GO:BP,GO:0010638,positive regulation of organelle organization,0.016497319171932645,True,"""Any process that increases the frequency, rate or extent of a process involved in the formation, arrangement of constituent parts, or disassembly of an organelle."" [GOC:dph, GOC:tb]",499,520,24,20972,0.046153846153846156,0.04809619238476954,query_1,"['GO:0006996', 'GO:0033043', 'GO:0051130']"
GO:BP,GO:0080134,regulation of response to stress,0.016497319171932645,True,"""Any process that modulates the frequency, rate or extent of a response to stress. Response to stress is a change in state or activity of a cell or an organism (in terms of movement, secretion, enzyme production, gene expression, etc.) as a result of a disturbance in organismal or cellular homeostasis, usually, but not necessarily, exogenous (e.g. temperature, humidity, ionizing radiation)."" [GOC:dhl]",1410,520,53,20972,0.10192307692307692,0.0375886524822695,query_1,"['GO:0006950', 'GO:0048583']"
GO:BP,GO:0031032,actomyosin structure organization,0.016497319171932645,True,"""A process that is carried out at the cellular level which results in the assembly, arrangement of constituent parts, or disassembly of cytoskeletal structures containing both actin and myosin or paramyosin. The myosin may be organized into filaments."" [GOC:dph, GOC:jl, GOC:mah]",202,520,13,20972,0.025,0.06435643564356436,query_1,['GO:0030036']
GO:BP,GO:0050900,leukocyte migration,0.016548642539086104,True,"""The movement of a leukocyte within or between different tissues and organs of the body."" [GOC:add, ISBN:0781735149, PMID:14680625, PMID:14708592, PMID:7507411, PMID:8600538]",386,520,20,20972,0.038461538461538464,0.05181347150259067,query_1,"['GO:0002376', 'GO:0016477']"
GO:BP,GO:0008361,regulation of cell size,0.016584348222307053,True,"""Any process that modulates the size of a cell."" [GOC:go_curators]",178,520,12,20972,0.023076923076923078,0.06741573033707865,query_1,['GO:0032535']
GO:BP,GO:0006952,defense response,0.016599126107324873,True,"""Reactions, triggered in response to the presence of a foreign body or the occurrence of an injury, which result in restriction of damage to the organism attacked or prevention/recovery from the infection caused by the attack."" [GOC:go_curators]",1883,520,67,20972,0.12884615384615383,0.03558151885289432,query_1,['GO:0006950']
GO:BP,GO:0060627,regulation of vesicle-mediated transport,0.0167555236091555,True,"""Any process that modulates the rate, frequency, or extent of vesicle-mediated transport, the directed movement of substances, either within a vesicle or in the vesicle membrane, into, out of or within a cell."" [GOC:dph, GOC:tb]",529,520,25,20972,0.04807692307692308,0.04725897920604915,query_1,"['GO:0016192', 'GO:0050794', 'GO:0051049']"
GO:BP,GO:0002090,regulation of receptor internalization,0.01699835536419852,True,"""Any process that modulates the frequency, rate or extent of receptor internalization."" [GOC:hjd]",70,520,7,20972,0.013461538461538462,0.1,query_1,"['GO:0031623', 'GO:0048259']"
GO:BP,GO:0006508,proteolysis,0.017009293482391736,True,"""The hydrolysis of proteins into smaller polypeptides and/or amino acids by cleavage of their peptide bonds."" [GOC:bf, GOC:mah]",801,520,34,20972,0.06538461538461539,0.04244694132334582,query_1,['GO:0019538']
GO:BP,GO:0043491,phosphatidylinositol 3-kinase/protein kinase B signal transduction,0.017145652254960182,True,"""An intracellular signaling cassette that starts with phosphatidylinositol 3-kinase (PI3K) activation, production of phosphatidylinositol 3-phosphate (PI3P), activation of PDK1, which recruits and ending with the activation of protein kinase B (PKB, also known as Akt). PI3K is activated by cell surface receptors. Note that PTEN is an inhibitor of the pathway."" [PMID:20517722, PMID:22952397]",306,520,17,20972,0.032692307692307694,0.05555555555555555,query_1,['GO:0141124']
GO:BP,GO:0048638,regulation of developmental growth,0.017145652254960182,True,"""Any process that modulates the frequency, rate or extent of developmental growth."" [GOC:go_curators]",306,520,17,20972,0.032692307692307694,0.05555555555555555,query_1,"['GO:0040008', 'GO:0048589', 'GO:0050793']"
GO:BP,GO:0048260,positive regulation of receptor-mediated endocytosis,0.017145652254960182,True,"""Any process that activates or increases the frequency, rate or extent of receptor mediated endocytosis, the uptake of external materials by cells, utilizing receptors to ensure specificity of transport."" [GOC:go_curators, GOC:tb]",52,520,6,20972,0.011538461538461539,0.11538461538461539,query_1,"['GO:0006898', 'GO:0045807', 'GO:0048259']"
GO:BP,GO:0048286,lung alveolus development,0.017145652254960182,True,"""The process whose specific outcome is the progression of the alveolus over time, from its formation to the mature structure. The alveolus is a sac for holding air in the lungs; formed by the terminal dilation of air passageways."" [GOC:mtg_lung, PMID:9751757]",52,520,6,20972,0.011538461538461539,0.11538461538461539,query_1,"['GO:0030324', 'GO:0048856']"
GO:BP,GO:0090276,regulation of peptide hormone secretion,0.017417076757003866,True,"""Any process that modulates the rate, frequency, or extent of the regulated release of a peptide hormone from secretory granules."" [GOC:tb]",204,520,13,20972,0.025,0.06372549019607843,query_1,"['GO:0002791', 'GO:0030072', 'GO:0046883']"
GO:BP,GO:1990927,calcium ion regulated lysosome exocytosis,0.017417076757003866,True,"""The process of secretion by a cell that results in the release of intracellular molecules contained within a lysosome by fusion of the vesicle with the plasma membrane of a cell, induced by a rise in cytosolic calcium-ion levels."" [PMID:10725327, PMID:11511344]",3,520,2,20972,0.0038461538461538464,0.6666666666666666,query_1,['GO:0017156']
GO:BP,GO:0061182,negative regulation of chondrocyte development,0.017417076757003866,True,"""Any process that decreases the rate, frequency, or extent of the process whose specific outcome is the progression of a chondrocyte over time, from its commitment to its mature state. Chondrocyte development does not include the steps involved in committing a chondroblast to a chondrocyte fate."" [GOC:BHF, GOC:dph]",3,520,2,20972,0.0038461538461538464,0.6666666666666666,query_1,"['GO:0002063', 'GO:0010721', 'GO:0032331', 'GO:0061181']"
GO:BP,GO:0021740,principal sensory nucleus of trigeminal nerve development,0.017417076757003866,True,"""The process whose specific outcome is the progression of the pontine nucleus over time, from its formation to the mature structure."" [GO_REF:0000021, GOC:cls, GOC:curators, GOC:dgh, GOC:dph, GOC:jid]",3,520,2,20972,0.0038461538461538464,0.6666666666666666,query_1,['GO:0021730']
GO:BP,GO:0099536,synaptic signaling,0.017417076757003866,True,"""Cell-cell signaling to, from or within a synapse."" [GOC:dos]",803,520,34,20972,0.06538461538461539,0.04234122042341221,query_1,['GO:0007267']
GO:BP,GO:0021730,trigeminal sensory nucleus development,0.017417076757003866,True,"""The process whose specific outcome is the progression of the trigeminal sensory nucleus over time, from its formation to the mature structure."" [GO_REF:0000021, GOC:cls, GOC:curators, GOC:dgh, GOC:dph, GOC:jid]",3,520,2,20972,0.0038461538461538464,0.6666666666666666,query_1,"['GO:0007420', 'GO:0048857']"
GO:BP,GO:0046882,negative regulation of follicle-stimulating hormone secretion,0.017417076757003866,True,"""Any process that stops, prevents, or reduces the frequency, rate or extent of the regulated release of follicle-stimulating hormone."" [GOC:ai]",3,520,2,20972,0.0038461538461538464,0.6666666666666666,query_1,"['GO:0032277', 'GO:0046880', 'GO:0046884']"
GO:BP,GO:0030322,stabilization of membrane potential,0.017417076757003866,True,"""The accomplishment of a non-fluctuating membrane potential, the electric potential existing across any membrane arising from charges in the membrane itself and from the charges present in the media on either side of the membrane."" [GOC:jl, ISBN:0198506732]",3,520,2,20972,0.0038461538461538464,0.6666666666666666,query_1,['GO:0042391']
GO:BP,GO:0018057,peptidyl-lysine oxidation,0.017417076757003866,True,"""The oxidation of the terminal amino-methylene groups of peptidyl-L-lysine or peptidyl-5-hydroxy-L-lysine to aldehyde groups to form allysine or hydroxyallysine residues, respectively; these are intermediates in the formation of covalent cross-links between adjacent polypeptide chains in proteins such as collagens."" [ISBN:0198547684, RESID:AA0121]",3,520,2,20972,0.0038461538461538464,0.6666666666666666,query_1,"['GO:0018158', 'GO:0018205']"
GO:BP,GO:0060278,regulation of ovulation,0.017417076757003866,True,"""Any process that modulates the frequency, rate or extent of ovulation, the release of a mature ovum/oocyte from an ovary."" [GOC:dph, GOC:kmv, GOC:tb]",3,520,2,20972,0.0038461538461538464,0.6666666666666666,query_1,"['GO:0030728', 'GO:0051239', 'GO:2000241']"
GO:BP,GO:0060828,regulation of canonical Wnt signaling pathway,0.01774202027180178,True,"""Any process that modulates the rate, frequency, or extent of the Wnt signaling pathway through beta-catenin, the series of molecular signals initiated by binding of a Wnt protein to a frizzled family receptor on the surface of the target cell, followed by propagation of the signal via beta-catenin, and ending with a change in transcription of target genes."" [GOC:dph, GOC:sdb_2009, GOC:tb]",255,520,15,20972,0.028846153846153848,0.058823529411764705,query_1,"['GO:0030111', 'GO:0060070']"
GO:BP,GO:0001654,eye development,0.01797036138245067,True,"""The process whose specific outcome is the progression of the eye over time, from its formation to the mature structure. The eye is the organ of sight."" [GOC:jid, GOC:jl]",418,520,21,20972,0.04038461538461539,0.050239234449760764,query_1,"['GO:0007423', 'GO:0150063']"
GO:BP,GO:2000146,negative regulation of cell motility,0.01797036138245067,True,"""Any process that stops, prevents, or reduces the frequency, rate or extent of cell motility."" [GOC:mah]",308,520,17,20972,0.032692307692307694,0.05519480519480519,query_1,"['GO:0040013', 'GO:0048523', 'GO:0048870', 'GO:2000145']"
GO:BP,GO:0044706,multi-multicellular organism process,0.018019324829112903,True,"""A multicellular organism process which involves another multicellular organism of the same or different species."" [GOC:jl]",205,520,13,20972,0.025,0.06341463414634146,query_1,['GO:0032501']
GO:BP,GO:0001775,cell activation,0.018019324829112903,True,"""A multicellular organismal process by which exposure to an activating factor such as a cellular or soluble ligand results in a change in the morphology or behavior of a cell."" [GOC:mgi_curators]",1123,520,44,20972,0.08461538461538462,0.039180765805877114,query_1,"['GO:0009987', 'GO:0032501']"
GO:BP,GO:0030879,mammary gland development,0.018028205473633072,True,"""The process whose specific outcome is the progression of the mammary gland over time, from its formation to the mature structure. The mammary gland is a large compound sebaceous gland that in female mammals is modified to secrete milk. Its development starts with the formation of the mammary line and ends as the mature gland cycles between nursing and weaning stages."" [PMID:9576833]",134,520,10,20972,0.019230769230769232,0.07462686567164178,query_1,['GO:0048732']
GO:BP,GO:0038084,vascular endothelial growth factor signaling pathway,0.018069244855439016,True,"""The series of molecular signals initiated by vascular endothelial growth factor (VEGF) binding its receptor on the surface of the target cell, and ending with the regulation of a downstream cellular process, e.g. transcription."" [GOC:signaling, PMID:17470632]",91,520,8,20972,0.015384615384615385,0.08791208791208792,query_1,"['GO:0007169', 'GO:0035924']"
GO:BP,GO:0055085,transmembrane transport,0.018599300316614956,True,"""The process in which a solute is transported across a lipid bilayer, from one side of a membrane to the other."" [GOC:dph, GOC:jid]",1555,520,57,20972,0.10961538461538461,0.036655948553054665,query_1,"['GO:0006810', 'GO:0009987']"
GO:BP,GO:0043010,camera-type eye development,0.01876560419393488,True,"""The process whose specific outcome is the progression of the camera-type eye over time, from its formation to the mature structure. The camera-type eye is an organ of sight that receives light through an aperture and focuses it through a lens, projecting it on a photoreceptor field."" [GOC:go_curators, GOC:mtg_sensu]",364,520,19,20972,0.03653846153846154,0.0521978021978022,query_1,['GO:0001654']
GO:BP,GO:0060070,canonical Wnt signaling pathway,0.01900547476642342,True,"""A type of Wnt signaling pathway in which Wnt binding to its receptor on the surface of a target cell results in the by propagation of the molecular signals via beta-catenin, and end with a change in transcription of target genes. In this pathway, the activated receptor signals via downstream effectors that result in the inhibition of beta-catenin phosphorylation, thereby preventing degradation of beta-catenin. Stabilized beta-catenin can then accumulate and travel to the nucleus to trigger changes in transcription of target genes."" [PMID:11532397, PMID:19619488]",310,520,17,20972,0.032692307692307694,0.054838709677419356,query_1,['GO:0016055']
GO:BP,GO:0097553,calcium ion transmembrane import into cytosol,0.019031277677211647,True,"""A process in which a calcium ion is transported from one side of a membrane to the other into the cytosol by means of some agent such as a transporter or pore."" [GOC:vw]",182,520,12,20972,0.023076923076923078,0.06593406593406594,query_1,['GO:0070588']
GO:BP,GO:0006816,calcium ion transport,0.019257291307354412,True,"""The directed movement of calcium (Ca) ions into, out of or within a cell, or between cells, by means of some agent such as a transporter or pore."" [GOC:ai]",421,520,21,20972,0.04038461538461539,0.0498812351543943,query_1,['GO:0030001']
GO:BP,GO:0043269,regulation of monoatomic ion transport,0.019257291307354412,True,"""Any process that modulates the frequency, rate or extent of the directed movement of charged atoms or small charged molecules into, out of or within a cell, or between cells, by means of some agent such as a transporter or pore."" [GOC:jl]",421,520,21,20972,0.04038461538461539,0.0498812351543943,query_1,"['GO:0006811', 'GO:0051049']"
GO:BP,GO:0032102,negative regulation of response to external stimulus,0.01930484425024792,True,"""Any process that stops, prevents, or reduces the frequency, rate or extent of a response to an external stimulus."" [GOC:mah]",393,520,20,20972,0.038461538461538464,0.05089058524173028,query_1,"['GO:0009605', 'GO:0032101', 'GO:0048585']"
GO:BP,GO:0002791,regulation of peptide secretion,0.01930783717418153,True,"""Any process that modulates the frequency, rate, or extent of peptide secretion."" [GOC:add]",207,520,13,20972,0.025,0.06280193236714976,query_1,"['GO:0002790', 'GO:0051046', 'GO:0090087']"
GO:BP,GO:1905332,positive regulation of morphogenesis of an epithelium,0.019491878014427196,True,"""Any process that activates or increases the frequency, rate or extent of morphogenesis of an epithelium."" [GO_REF:0000058, GOC:bhm, GOC:TermGenie, PMID:25745997]",37,520,5,20972,0.009615384615384616,0.13513513513513514,query_1,"['GO:0002009', 'GO:0051094', 'GO:1905330']"
GO:BP,GO:0150063,visual system development,0.019681282358682283,True,"""The process whose specific outcome is the progression of the visual system over time, from its formation to the mature structure, including the eye, parts of the central nervous system (CNS) involved in processing of visual inputs, and connecting nerve pathways."" [GOC:aruk, GOC:bc, GOC:krc, PMID:15004427, PMID:20647017, PMID:22632727]",422,520,21,20972,0.04038461538461539,0.04976303317535545,query_1,['GO:0048880']
GO:BP,GO:0043086,negative regulation of catalytic activity,0.019869847002810824,True,"""Any process that stops or reduces the activity of an enzyme."" [GOC:ebc, GOC:jl, GOC:tb, GOC:vw]",233,520,14,20972,0.026923076923076925,0.060085836909871244,query_1,"['GO:0044092', 'GO:0050790']"
GO:BP,GO:0060900,embryonic camera-type eye formation,0.02006007791864179,True,"""The developmental process pertaining to the initial formation of a camera-type eye from unspecified neurectoderm. This process begins with the differentiation of cells that form the optic field and ends when the optic cup has attained its shape."" [GOC:dph, GOC:sdb_2009, GOC:tb]",11,520,3,20972,0.0057692307692307696,0.2727272727272727,query_1,"['GO:0048596', 'GO:0048646']"
GO:BP,GO:0032342,aldosterone biosynthetic process,0.02006007791864179,True,"""The chemical reactions and pathways resulting in the formation of aldosterone, a corticosteroid hormone that is produced by the zona glomerulosa of the adrenal cortex and regulates salt (sodium and potassium) and water balance."" [PMID:16527843]",11,520,3,20972,0.0057692307692307696,0.2727272727272727,query_1,"['GO:0006700', 'GO:0006705', 'GO:0032341', 'GO:0034309', 'GO:0042181', 'GO:0046184', 'GO:0120255']"
GO:BP,GO:0061035,regulation of cartilage development,0.0204141122191501,True,"""Any process that modulates the rate, frequency, or extent of cartilage development, the process whose specific outcome is the progression of the cartilage over time, from its formation to the mature structure. Cartilage is a connective tissue dominated by extracellular matrix containing collagen type II and large amounts of proteoglycan, particularly chondroitin sulfate."" [GOC:dph]",73,520,7,20972,0.013461538461538462,0.0958904109589041,query_1,"['GO:0051216', 'GO:2000026']"
GO:BP,GO:0090087,regulation of peptide transport,0.02076839197560884,True,"""Any process that modulates the frequency, rate or extent of the directed movement of peptides, compounds of two or more amino acids where the alpha carboxyl group of one is bound to the alpha amino group of another, into, out of or within a cell, or between cells, by means of some agent such as a transporter or pore."" [GOC:dph, GOC:tb]",209,520,13,20972,0.025,0.06220095693779904,query_1,"['GO:0015833', 'GO:0051049']"
GO:BP,GO:1903076,regulation of protein localization to plasma membrane,0.02101539410986457,True,"""Any process that modulates the frequency, rate or extent of protein localization to plasma membrane."" [GO_REF:0000058, GOC:BHF, GOC:rl, GOC:TermGenie, PMID:11602640]",115,520,9,20972,0.01730769230769231,0.0782608695652174,query_1,"['GO:0072659', 'GO:1904375', 'GO:1905475']"
GO:BP,GO:0014912,negative regulation of smooth muscle cell migration,0.02101539410986457,True,"""Any process that stops, prevents, or reduces the frequency, rate or extent of smooth muscle cell migration."" [CL:0000192, GOC:mtg_muscle]",23,520,4,20972,0.007692307692307693,0.17391304347826086,query_1,"['GO:0014909', 'GO:0014910', 'GO:0030336']"
GO:BP,GO:0048259,regulation of receptor-mediated endocytosis,0.02101539410986457,True,"""Any process that modulates the frequency, rate or extent of receptor mediated endocytosis, the uptake of external materials by cells, utilizing receptors to ensure specificity of transport."" [GOC:go_curators, GOC:tb]",115,520,9,20972,0.01730769230769231,0.0782608695652174,query_1,"['GO:0006898', 'GO:0030100']"
GO:BP,GO:0008037,cell recognition,0.021336578011153847,True,"""The process in which a cell in an organism interprets its surroundings."" [GOC:go_curators]",161,520,11,20972,0.021153846153846155,0.06832298136645963,query_1,['GO:0009987']
GO:BP,GO:0045936,negative regulation of phosphate metabolic process,0.021443992574001,True,"""Any process that stops, prevents, or reduces the frequency, rate or extent of the chemical reactions and pathways involving phosphates."" [GOC:go_curators]",210,520,13,20972,0.025,0.06190476190476191,query_1,"['GO:0006796', 'GO:0010563']"
GO:BP,GO:0010563,negative regulation of phosphorus metabolic process,0.021443992574001,True,"""Any process that decreases the frequency, rate or extent of the chemical reactions and pathways involving phosphorus or compounds containing phosphorus."" [GOC:dph, GOC:tb]",210,520,13,20972,0.025,0.06190476190476191,query_1,"['GO:0006793', 'GO:0009892', 'GO:0051174']"
GO:BP,GO:0010611,regulation of cardiac muscle hypertrophy,0.021451227972056782,True,"""Any process that modulates the rate, frequency or extent of the enlargement or overgrowth of all or part of the heart due to an increase in size (not length) of individual cardiac muscle fibers, without cell division."" [GOC:dph, GOC:tb]",55,520,6,20972,0.011538461538461539,0.10909090909090909,query_1,"['GO:0003300', 'GO:0014743', 'GO:0043502']"
GO:BP,GO:0034110,regulation of homotypic cell-cell adhesion,0.021501096178699854,True,"""Any process that modulates the frequency, rate, or extent of homotypic cell-cell adhesion."" [GOC:add]",38,520,5,20972,0.009615384615384616,0.13157894736842105,query_1,"['GO:0022407', 'GO:0034109']"
GO:BP,GO:0030168,platelet activation,0.021502584179484703,True,"""A series of progressive, overlapping events triggered by exposure of the platelets to subendothelial tissue. These events include shape change, adhesiveness, aggregation, and release reactions. When carried through to completion, these events lead to the formation of a stable hemostatic plug."" [PMID:27403440]",138,520,10,20972,0.019230769230769232,0.07246376811594203,query_1,"['GO:0001775', 'GO:0007596']"
GO:BP,GO:0001649,osteoblast differentiation,0.021845176996870337,True,"""The process whereby a relatively unspecialized cell acquires the specialized features of an osteoblast, a mesodermal or neural crest cell that gives rise to bone."" [CL:0000062, GO_REF:0000034, GOC:jid]",236,520,14,20972,0.026923076923076925,0.059322033898305086,query_1,"['GO:0001503', 'GO:0030154']"
GO:BP,GO:0051224,negative regulation of protein transport,0.022011026279764995,True,"""Any process that stops, prevents, or reduces the frequency, rate or extent of the directed movement of a protein into, out of or within a cell, or between cells, by means of some agent such as a transporter or pore."" [GOC:ai]",116,520,9,20972,0.01730769230769231,0.07758620689655173,query_1,"['GO:0015031', 'GO:0051051', 'GO:0051223', 'GO:1903828', 'GO:1904950']"
GO:BP,GO:0055002,striated muscle cell development,0.022108396160551744,True,"""The process whose specific outcome is the progression of a striated muscle cell over time, from its formation to the mature structure. Striated muscle cells contain fibers that are divided by transverse bands into striations, and cardiac and skeletal muscle are types of striated muscle."" [CL:0000737, GOC:devbiol]",162,520,11,20972,0.021153846153846155,0.06790123456790123,query_1,"['GO:0051146', 'GO:0055001']"
REAC,REAC:R-HSA-76002,"Platelet activation, signaling and aggregation",0.02214003557663098,True,"Platelet activation, signaling and aggregation",259,322,18,11056,0.055900621118012424,0.0694980694980695,query_1,['REAC:R-HSA-109582']
GO:BP,GO:0016192,vesicle-mediated transport,0.022608384137529924,True,"""A cellular transport process in which transported substances are moved in membrane-bounded vesicles; transported substances are enclosed in the vesicle lumen or located in the vesicle membrane. The process begins with a step that directs a substance to the forming vesicle, and includes vesicle budding and coating. Vesicles are then targeted to, and fuse with, an acceptor membrane."" [GOC:ai, GOC:mah, ISBN:08789310662000]",1572,520,57,20972,0.10961538461538461,0.03625954198473282,query_1,"['GO:0006810', 'GO:0009987']"
GO:BP,GO:0045596,negative regulation of cell differentiation,0.02269410710554398,True,"""Any process that stops, prevents, or reduces the frequency, rate or extent of cell differentiation."" [GOC:go_curators]",665,520,29,20972,0.05576923076923077,0.04360902255639098,query_1,"['GO:0030154', 'GO:0045595', 'GO:0048523', 'GO:0051093']"
GO:BP,GO:1903034,regulation of response to wounding,0.023083201382855977,True,"""Any process that modulates the frequency, rate or extent of response to wounding."" [GO_REF:0000058, GOC:kmv, GOC:TermGenie, PMID:19164535]",163,520,11,20972,0.021153846153846155,0.06748466257668712,query_1,"['GO:0009611', 'GO:0080134']"
GO:BP,GO:1902893,regulation of miRNA transcription,0.023124590283214567,True,"""Any process that modulates the frequency, rate or extent of microRNA (miRNA) gene transcription."" [GO_REF:0000058, GOC:dph, GOC:kmv, GOC:TermGenie, PMID:24699545]",75,520,7,20972,0.013461538461538462,0.09333333333333334,query_1,"['GO:0006355', 'GO:0061614', 'GO:2000628']"
GO:BP,GO:0070613,regulation of protein processing,0.023124590283214567,True,"""Any process that modulates the frequency, rate or extent of protein processing, a protein maturation process achieved by the cleavage of a peptide bond or bonds within a protein."" [GOC:mah]",56,520,6,20972,0.011538461538461539,0.10714285714285714,query_1,"['GO:0016485', 'GO:0030162', 'GO:1903317']"
GO:BP,GO:1904377,positive regulation of protein localization to cell periphery,0.023124590283214567,True,"""Any process that activates or increases the frequency, rate or extent of protein localization to cell periphery."" [GO_REF:0000058, GOC:TermGenie, PMID:18216290]",75,520,7,20972,0.013461538461538462,0.09333333333333334,query_1,"['GO:1903829', 'GO:1904375', 'GO:1990778']"
GO:BP,GO:0021543,pallium development,0.023723057078340857,True,"""The process whose specific outcome is the progression of the pallium over time, from its formation to the mature structure. The pallium is the roof region of the telencephalon."" [GO_REF:0000021, GOC:cls, GOC:dgh, GOC:dph, GOC:jid, PMID:12626695]",188,520,12,20972,0.023076923076923078,0.06382978723404255,query_1,"['GO:0021537', 'GO:0048856']"
GO:BP,GO:0050866,negative regulation of cell activation,0.02372339641933714,True,"""Any process that stops, prevents, or reduces the frequency, rate or extent of cell activation."" [GOC:ai]",213,520,13,20972,0.025,0.06103286384976526,query_1,"['GO:0001775', 'GO:0048523', 'GO:0050865', 'GO:0051241']"
GO:BP,GO:0051894,positive regulation of focal adhesion assembly,0.02393412906061151,True,"""Any process that activates or increases the frequency, rate or extent of focal adhesion assembly, the establishment and maturation of focal adhesions."" [GOC:ai]",24,520,4,20972,0.007692307692307693,0.16666666666666666,query_1,"['GO:0001954', 'GO:0048041', 'GO:0051893', 'GO:0150117', 'GO:1901890']"
GO:BP,GO:0034698,response to gonadotropin,0.02393412906061151,True,"""Any process that results in a change in state or activity of a cell or an organism (in terms of movement, secretion, enzyme production, gene expression, etc.) as a result of a gonadotropin stimulus."" [GOC:BHF, GOC:vk]",24,520,4,20972,0.007692307692307693,0.16666666666666666,query_1,['GO:0009725']
GO:BP,GO:0060045,positive regulation of cardiac muscle cell proliferation,0.02393412906061151,True,"""Any process that activates or increases the frequency, rate or extent of cardiac muscle cell proliferation."" [GOC:dph, GOC:rph]",24,520,4,20972,0.007692307692307693,0.16666666666666666,query_1,"['GO:0008284', 'GO:0055023', 'GO:0060038', 'GO:0060043']"
GO:BP,GO:0050921,positive regulation of chemotaxis,0.024566340336742022,True,"""Any process that activates or increases the frequency, rate or extent of the directed movement of a motile cell or organism in response to a specific chemical concentration gradient."" [GOC:ai]",141,520,10,20972,0.019230769230769232,0.07092198581560284,query_1,"['GO:0006935', 'GO:0032103', 'GO:0040017', 'GO:0050920']"
GO:BP,GO:0015850,organic hydroxy compound transport,0.02465545894595838,True,"""The directed movement of an organic hydroxy compound (organic alcohol) into, out of or within a cell, or between cells, by means of some agent such as a transporter or pore. An organic hydroxy compound is an organic compound having at least one hydroxy group attached to a carbon atom."" [GOC:ai]",266,520,15,20972,0.028846153846153848,0.05639097744360902,query_1,['GO:0006810']
GO:BP,GO:0061614,miRNA transcription,0.02465545894595838,True,"""The cellular synthesis of microRNA (miRNA) transcripts. MicroRNA genes are synthesized as primary (pri) miRNA transcripts and subsequently processed to produce the ~22nt miRNAs that function in gene regulation."" [GOC:dph, GOC:kmv, PMID:18778799]",76,520,7,20972,0.013461538461538462,0.09210526315789473,query_1,"['GO:0006351', 'GO:0010586']"
GO:BP,GO:0001553,luteinization,0.024688888692678893,True,"""The set of processes resulting in differentiation of theca and granulosa cells into luteal cells and in the formation of a corpus luteum after ovulation."" [https://www.ncbi.nlm.nih.gov/books/NBK279054/]",12,520,3,20972,0.0057692307692307696,0.25,query_1,"['GO:0008585', 'GO:0022602']"
GO:BP,GO:0030336,negative regulation of cell migration,0.024688888692678893,True,"""Any process that stops, prevents, or reduces the frequency, rate or extent of cell migration."" [GOC:go_curators]",293,520,16,20972,0.03076923076923077,0.05460750853242321,query_1,"['GO:0016477', 'GO:0030334', 'GO:2000146']"
GO:BP,GO:1900748,positive regulation of vascular endothelial growth factor signaling pathway,0.024688888692678893,True,"""Any process that activates or increases the frequency, rate or extent of vascular endothelial growth factor signaling pathway."" [GOC:TermGenie]",12,520,3,20972,0.0057692307692307696,0.25,query_1,"['GO:0009967', 'GO:0038084', 'GO:1900746']"
GO:BP,GO:0099024,plasma membrane invagination,0.024688888692678893,True,"""An infolding of the plasma membrane."" [GOC:dos, GOC:vw]",57,520,6,20972,0.011538461538461539,0.10526315789473684,query_1,['GO:0010324']
GO:BP,GO:0098911,regulation of ventricular cardiac muscle cell action potential,0.024688888692678893,True,"""Any process that modulates the frequency, rate or extent of action potential creation, propagation or termination in a ventricular cardiac muscle cell contributing to the regulation of its contraction. This typically occurs via modulation of the activity or expression of voltage-gated ion channels."" [GOC:BHF, GOC:mtg_cardiac_conduct_nov11]",12,520,3,20972,0.0057692307692307696,0.25,query_1,"['GO:0086004', 'GO:0086005', 'GO:0098901']"
GO:BP,GO:0050982,detection of mechanical stimulus,0.024688888692678893,True,"""The series of events by which a mechanical stimulus is received and converted into a molecular signal."" [GOC:ai, GOC:dos]",57,520,6,20972,0.011538461538461539,0.10526315789473684,query_1,"['GO:0009581', 'GO:0009582', 'GO:0009612']"
GO:BP,GO:1904705,regulation of vascular associated smooth muscle cell proliferation,0.024688888692678893,True,"""Any process that modulates the frequency, rate or extent of vascular smooth muscle cell proliferation."" [GO_REF:0000058, GOC:TermGenie, PMID:23246467]",57,520,6,20972,0.011538461538461539,0.10526315789473684,query_1,"['GO:0048660', 'GO:1990874']"
GO:BP,GO:0006705,mineralocorticoid biosynthetic process,0.024688888692678893,True,"""The chemical reactions and pathways resulting in the formation of mineralocorticoids, hormonal C21 corticosteroids synthesized from cholesterol."" [ISBN:0198506732]",12,520,3,20972,0.0057692307692307696,0.25,query_1,"['GO:0008212', 'GO:0042446', 'GO:0120178']"
GO:BP,GO:0033690,positive regulation of osteoblast proliferation,0.024688888692678893,True,"""Any process that activates or increases the rate or extent of osteoblast proliferation."" [GOC:mah]",12,520,3,20972,0.0057692307692307696,0.25,query_1,"['GO:0008284', 'GO:0033687', 'GO:0033688']"
GO:BP,GO:0001755,neural crest cell migration,0.024688888692678893,True,"""The characteristic movement of cells from the dorsal ridge of the neural tube to a variety of locations in a vertebrate embryo."" [GOC:ascb_2009, GOC:dph, GOC:tb, ISBN:0878932437]",57,520,6,20972,0.011538461538461539,0.10526315789473684,query_1,"['GO:0014032', 'GO:0090497']"
GO:BP,GO:1902946,protein localization to early endosome,0.024688888692678893,True,"""A process in which a protein is transported to, or maintained in, a location within an early endosome."" [GO_REF:0000087, GOC:sjp, GOC:TermGenie, PMID:22621900]",12,520,3,20972,0.0057692307692307696,0.25,query_1,['GO:0036010']
GO:BP,GO:0044283,small molecule biosynthetic process,0.02487227683517798,True,"""The chemical reactions and pathways resulting in the formation of small molecules, any low molecular weight, monomeric, non-encoded molecule."" [GOC:curators, GOC:pde, GOC:vw]",580,520,26,20972,0.05,0.04482758620689655,query_1,"['GO:0009058', 'GO:0044281']"
GO:BP,GO:0006869,lipid transport,0.024878871663424274,True,"""The directed movement of lipids into, out of or within a cell, or between cells, by means of some agent such as a transporter or pore. Lipids are compounds soluble in an organic solvent but not, or sparingly, in an aqueous solvent."" [ISBN:0198506732]",433,520,21,20972,0.04038461538461539,0.04849884526558892,query_1,"['GO:0006810', 'GO:0010876']"
GO:BP,GO:0051261,protein depolymerization,0.0249671360110484,True,"""The process in which protein polymers, compounds composed of a large number of component monomers, are broken down. Depolymerization occurs by the successive removal of monomers from an existing poly- or oligomeric protein."" [GOC:ai]",119,520,9,20972,0.01730769230769231,0.07563025210084033,query_1,['GO:0032984']
GO:BP,GO:0002688,regulation of leukocyte chemotaxis,0.0249671360110484,True,"""Any process that modulates the frequency, rate, or extent of leukocyte chemotaxis."" [GOC:add]",119,520,9,20972,0.01730769230769231,0.07563025210084033,query_1,"['GO:0002685', 'GO:0030595', 'GO:0050920']"
GO:BP,GO:0055001,muscle cell development,0.0249671360110484,True,"""The process whose specific outcome is the progression of a muscle cell over time, from its formation to the mature structure. Muscle cell development does not include the steps involved in committing an unspecified cell to the muscle cell fate."" [CL:0000187, GOC:devbiol]",190,520,12,20972,0.023076923076923078,0.06315789473684211,query_1,"['GO:0042692', 'GO:0048468']"
GO:BP,GO:0007596,blood coagulation,0.025104426986661772,True,"""The sequential process in which the multiple coagulation factors of the blood interact, ultimately resulting in the formation of an insoluble fibrin clot; it may be divided into three stages: stage 1, the formation of intrinsic and extrinsic prothrombin converting principle; stage 2, the formation of thrombin; stage 3, the formation of stable fibrin polymers."" [PMID:30700128]",241,520,14,20972,0.026923076923076925,0.058091286307053944,query_1,"['GO:0007599', 'GO:0042060', 'GO:0050817']"
GO:BP,GO:0090199,regulation of release of cytochrome c from mitochondria,0.025561537292296873,True,"""Any process that modulates the rate, frequency or extent of release of cytochrome c from mitochondria, the process in which cytochrome c is enabled to move from the mitochondrial intermembrane space into the cytosol, which is an early step in apoptosis and leads to caspase activation."" [GOC:dph, GOC:mtg_apoptosis, GOC:tb]",40,520,5,20972,0.009615384615384616,0.125,query_1,"['GO:0001836', 'GO:0010821']"
GO:BP,GO:0030001,metal ion transport,0.025561537292296873,True,"""The directed movement of metal ions, any metal ion with an electric charge, into, out of or within a cell, or between cells, by means of some agent such as a transporter or pore."" [GOC:ai]",860,520,35,20972,0.0673076923076923,0.040697674418604654,query_1,['GO:0006812']
GO:BP,GO:0051279,regulation of release of sequestered calcium ion into cytosol,0.025645809990660413,True,"""Any process that modulates the frequency, rate or extent of the release into the cytosolic compartment of calcium ions sequestered in the endoplasmic reticulum or mitochondria."" [GOC:ai, GOC:tb]",77,520,7,20972,0.013461538461538462,0.09090909090909091,query_1,"['GO:0051209', 'GO:1903169']"
GO:BP,GO:0051896,regulation of phosphatidylinositol 3-kinase/protein kinase B signal transduction,0.025645809990660413,True,"""Any process that modulates the frequency, rate or extent of phosphatidylinositol 3-kinase/protein kinase B signal transduction."" [GOC:ai]",268,520,15,20972,0.028846153846153848,0.055970149253731345,query_1,"['GO:0043491', 'GO:1902531']"
GO:BP,GO:0019226,transmission of nerve impulse,0.025645809990660413,True,"""The neurological system process in which a signal is transmitted through the nervous system by a combination of action potential propagation and synaptic transmission."" [GOC:curators, ISBN:0815316194]",77,520,7,20972,0.013461538461538462,0.09090909090909091,query_1,"['GO:0007154', 'GO:0050877']"
GO:BP,GO:0001818,negative regulation of cytokine production,0.02574227890889994,True,"""Any process that stops, prevents, or reduces the rate of production of a cytokine."" [GOC:add, ISBN:0781735149]",295,520,16,20972,0.03076923076923077,0.05423728813559322,query_1,"['GO:0001816', 'GO:0001817', 'GO:0010629', 'GO:0051241']"
GO:BP,GO:0045927,positive regulation of growth,0.025785255764575216,True,"""Any process that activates or increases the rate or extent of growth, the increase in size or mass of all or part of an organism."" [GOC:go_curators]",242,520,14,20972,0.026923076923076925,0.05785123966942149,query_1,"['GO:0040007', 'GO:0040008', 'GO:0048518']"
GO:BP,GO:0001889,liver development,0.02602927695062044,True,"""The process whose specific outcome is the progression of the liver over time, from its formation to the mature structure. The liver is an exocrine gland which secretes bile and functions in metabolism of protein and carbohydrate and fat, synthesizes substances involved in the clotting of the blood, synthesizes vitamin A, detoxifies poisonous substances, stores glycogen, and breaks down worn-out erythrocytes."" [GOC:add, ISBN:068340007X]",120,520,9,20972,0.01730769230769231,0.075,query_1,"['GO:0048732', 'GO:0061008']"
GO:BP,GO:0046887,positive regulation of hormone secretion,0.026062528566344292,True,"""Any process that activates or increases the frequency, rate or extent of the regulated release of a hormone from a cell."" [GOC:ai]",143,520,10,20972,0.019230769230769232,0.06993006993006994,query_1,"['GO:0010647', 'GO:0023056', 'GO:0046879', 'GO:0046883', 'GO:1903532']"
GO:BP,GO:1990874,vascular associated smooth muscle cell proliferation,0.026168439094886756,True,"""The multiplication or reproduction of vascular smooth muscle cells, resulting in the expansion of a cell population. A vascular smooth muscle cell is a non-striated, elongated, spindle-shaped cell found lining the blood vessels."" [PMID:23246467]",58,520,6,20972,0.011538461538461539,0.10344827586206896,query_1,['GO:0048659']
GO:BP,GO:0014743,regulation of muscle hypertrophy,0.026168439094886756,True,"""Any process that modulates the frequency, rate or extent of muscle hypertrophy."" [GOC:mtg_muscle]",58,520,6,20972,0.011538461538461539,0.10344827586206896,query_1,"['GO:0014896', 'GO:0090257']"
GO:BP,GO:1903055,positive regulation of extracellular matrix organization,0.02660888767129483,True,"""Any process that activates or increases the frequency, rate or extent of extracellular matrix organization."" [GO_REF:0000058, GOC:BHF, GOC:rl, GOC:TermGenie, PMID:22357537]",25,520,4,20972,0.007692307692307693,0.16,query_1,"['GO:0030198', 'GO:0051130', 'GO:1903053']"
GO:BP,GO:0030278,regulation of ossification,0.027315277135935196,True,"""Any process that modulates the frequency, rate or extent of ossification, the formation of bone or of a bony substance or the conversion of fibrous tissue or of cartilage into bone or a bony substance."" [GOC:go_curators]",121,520,9,20972,0.01730769230769231,0.0743801652892562,query_1,"['GO:0001503', 'GO:0051239']"
GO:BP,GO:1901652,response to peptide,0.027446279854490125,True,"""Any process that results in a change in state or activity of a cell or an organism (in terms of movement, secretion, enzyme production, gene expression, etc.) as a result of a peptide stimulus."" [GOC:pr, GOC:TermGenie]",993,520,39,20972,0.075,0.03927492447129909,query_1,['GO:0042221']
REAC,REAC:R-HSA-3781865,Diseases of glycosylation,0.028224268190419705,True,Diseases of glycosylation,140,322,12,11056,0.037267080745341616,0.08571428571428572,query_1,['REAC:R-HSA-5668914']
REAC,REAC:R-HSA-1474228,Degradation of the extracellular matrix,0.028224268190419705,True,Degradation of the extracellular matrix,140,322,12,11056,0.037267080745341616,0.08571428571428572,query_1,['REAC:R-HSA-1474244']
GO:BP,GO:0030042,actin filament depolymerization,0.028321928994358946,True,"""Disassembly of actin filaments by the removal of actin monomers from a filament."" [GOC:mah]",59,520,6,20972,0.011538461538461539,0.1016949152542373,query_1,"['GO:0008154', 'GO:0051261']"
GO:BP,GO:0038063,collagen-activated tyrosine kinase receptor signaling pathway,0.028321928994358946,True,"""The series of molecular signals initiated by collagen binding to its receptor on the surface of a target cell where the receptor possesses tyrosine kinase activity, and ending with the regulation of a downstream cellular process, e.g. transcription."" [GOC:bf, GOC:uh, PMID:15888913, PMID:16626936]",59,520,6,20972,0.011538461538461539,0.1016949152542373,query_1,"['GO:0007169', 'GO:0038065']"
GO:BP,GO:1905475,regulation of protein localization to membrane,0.028466520289839932,True,"""Any process that modulates the frequency, rate or extent of protein localization to membrane."" [GO_REF:0000058, GOC:bc, GOC:PARL, GOC:TermGenie, PMID:26911690]",169,520,11,20972,0.021153846153846155,0.0650887573964497,query_1,"['GO:0032880', 'GO:0060341', 'GO:0072657']"
GO:BP,GO:0060349,bone morphogenesis,0.028927532973637298,True,"""The process in which bones are generated and organized."" [GOC:dph]",100,520,8,20972,0.015384615384615385,0.08,query_1,"['GO:0009887', 'GO:0048705', 'GO:0060348']"
GO:BP,GO:0070167,regulation of biomineral tissue development,0.028927532973637298,True,"""Any process that modulates the frequency, rate or extent of biomineral tissue development, the formation of hard tissues that consist mainly of inorganic compounds."" [GOC:mah]",100,520,8,20972,0.015384615384615385,0.08,query_1,"['GO:0031214', 'GO:2000026']"
GO:BP,GO:0006811,monoatomic ion transport,0.029218517920420913,True,"""The directed movement of a monoatomic ion into, out of or within a cell, or between cells, by means of some agent such as a transporter or pore. Monatomic ions (also called simple ions) are ions consisting of exactly one atom."" [GOC:ai]",1260,520,47,20972,0.09038461538461538,0.0373015873015873,query_1,['GO:0006810']
GO:BP,GO:0050817,coagulation,0.029218517920420913,True,"""The process in which a fluid solution, or part of it, changes into a solid or semisolid mass."" [ISBN:0198506732]",246,520,14,20972,0.026923076923076925,0.056910569105691054,query_1,['GO:0032501']
GO:BP,GO:0050790,regulation of catalytic activity,0.029218517920420913,True,"""Any process that modulates the activity of an enzyme."" [GOC:ai, GOC:ebc, GOC:vw]",774,520,32,20972,0.06153846153846154,0.041343669250646,query_1,['GO:0065009']
GO:BP,GO:0044092,negative regulation of molecular function,0.029271248341881134,True,"""Any process that stops or reduces the rate or extent of a molecular function, an elemental biological activity occurring at the molecular level, such as catalysis or binding."" [GO:jl]",355,520,18,20972,0.03461538461538462,0.05070422535211268,query_1,['GO:0065009']
GO:BP,GO:0038189,neuropilin signaling pathway,0.029409597513939185,True,"""The series of molecular signals initiated by an extracellular ligand binding to a neuropilin protein on the surface of a target cell, and ending with the regulation of a downstream cellular process, e.g. transcription."" [GOC:BHF, PMID:12852851]",4,520,2,20972,0.0038461538461538464,0.5,query_1,['GO:0007166']
GO:BP,GO:0072268,pattern specification involved in metanephros development,0.029409597513939185,True,"""Any developmental process that results in the creation of defined areas or spaces within the metanephros to which cells respond and eventually are instructed to differentiate."" [GOC:mtg_kidney_jan10]",4,520,2,20972,0.0038461538461538464,0.5,query_1,"['GO:0001656', 'GO:0007389']"
GO:BP,GO:0062197,cellular response to chemical stress,0.029409597513939185,True,"""Any process that results in a change in state or activity of a cell (in terms of movement, secretion, enzyme production, gene expression, etc.) as a result of a chemical stimulus indicating the organism is under stress."" [PMID:26653712]",300,520,16,20972,0.03076923076923077,0.05333333333333334,query_1,"['GO:0033554', 'GO:0070887']"
GO:BP,GO:0001508,action potential,0.029409597513939185,True,"""A process in which membrane potential cycles through a depolarizing spike, triggered in response to depolarization above some threshold, followed by repolarization. This cycle is driven by the flow of ions through various voltage gated channels with different thresholds and ion specificities."" [GOC:dph, GOC:go_curators, GOC:tb, ISBN:978-0-07-139011-8]",170,520,11,20972,0.021153846153846155,0.06470588235294118,query_1,['GO:0042391']
GO:BP,GO:0071205,protein localization to juxtaparanode region of axon,0.029409597513939185,True,"""Any process in which a protein is transported to, or maintained at, the juxtaparanode region of an axon."" [GOC:BHF, GOC:mah]",4,520,2,20972,0.0038461538461538464,0.5,query_1,['GO:0099612']
GO:BP,GO:1903792,negative regulation of monoatomic anion transport,0.029409597513939185,True,"""Any process that stops, prevents or reduces the frequency, rate or extent of anion transport."" [GO_REF:0000058, GOC:TermGenie, PMID:11336802]",4,520,2,20972,0.0038461538461538464,0.5,query_1,"['GO:0006820', 'GO:0043271', 'GO:0044070']"
GO:BP,GO:1902202,regulation of hepatocyte growth factor receptor signaling pathway,0.029409597513939185,True,"""Any process that modulates the frequency, rate or extent of hepatocyte growth factor receptor signaling pathway."" [GOC:TermGenie, PMID:18819921]",4,520,2,20972,0.0038461538461538464,0.5,query_1,"['GO:0009966', 'GO:0048012']"
GO:BP,GO:0033239,negative regulation of amine metabolic process,0.029409597513939185,True,"""Any process that stops, prevents, or reduces the frequency, rate or extent of the chemical reactions and pathways involving amines."" [GOC:mah]",4,520,2,20972,0.0038461538461538464,0.5,query_1,"['GO:0009308', 'GO:0009892', 'GO:0033238']"
GO:BP,GO:2001205,negative regulation of osteoclast development,0.029409597513939185,True,"""Any process that stops, prevents or reduces the frequency, rate or extent of osteoclast development."" [GOC:obol]",4,520,2,20972,0.0038461538461538464,0.5,query_1,"['GO:0036035', 'GO:0045671', 'GO:2001204']"
GO:BP,GO:0030177,positive regulation of Wnt signaling pathway,0.029409597513939185,True,"""Any process that activates or increases the frequency, rate or extent of Wnt signal transduction."" [GOC:dph, GOC:go_curators, GOC:tb]",146,520,10,20972,0.019230769230769232,0.0684931506849315,query_1,"['GO:0009967', 'GO:0016055', 'GO:0030111']"
GO:BP,GO:0035886,vascular associated smooth muscle cell differentiation,0.02947680814120122,True,"""The process in which a relatively unspecialized cell acquires specialized features of a vascular smooth muscle cell."" [GOC:sl, PMID:16151017, PMID:18267954]",26,520,4,20972,0.007692307692307693,0.15384615384615385,query_1,"['GO:0001944', 'GO:0051145']"
GO:BP,GO:0032341,aldosterone metabolic process,0.02947680814120122,True,"""The chemical reactions and pathways involving aldosterone, a corticosteroid hormone that is produced by the zona glomerulosa of the adrenal cortex and regulates salt (sodium and potassium) and water balance."" [PMID:16527843]",13,520,3,20972,0.0057692307692307696,0.23076923076923078,query_1,"['GO:0006081', 'GO:0008207', 'GO:0008212', 'GO:0034308', 'GO:0042180', 'GO:0120254']"
GO:BP,GO:0061008,hepaticobiliary system development,0.02947680814120122,True,"""The progression of the hepaticobiliary system over time, from its formation to the mature structure. The hepaticobiliary system is responsible for metabolic and catabolic processing of small molecules absorbed from the blood or gut, hormones and serum proteins, detoxification, storage of glycogen, triglycerides, metals and lipid soluble vitamins and excretion of bile. Included are the synthesis of albumin, blood coagulation factors, complement, and specific binding proteins."" [GOC:dph]",123,520,9,20972,0.01730769230769231,0.07317073170731707,query_1,['GO:0048731']
GO:BP,GO:0048871,multicellular organismal-level homeostasis,0.02947680814120122,True,"""Any process involved in the maintenance of an internal steady state at the level of the multicellular organism."" [GOC:isa_complete]",839,520,34,20972,0.06538461538461539,0.04052443384982122,query_1,"['GO:0032501', 'GO:0042592']"
GO:BP,GO:0070723,response to cholesterol,0.02947680814120122,True,"""Any process that results in a change in state or activity of a cell or an organism (in terms of movement, secretion, enzyme production, gene expression, etc.) as a result of a cholesterol stimulus."" [GOC:BHF, GOC:vk]",26,520,4,20972,0.007692307692307693,0.15384615384615385,query_1,"['GO:0036314', 'GO:0097305']"
GO:BP,GO:0035313,"wound healing, spreading of epidermal cells",0.02947680814120122,True,"""The migration of an epidermal cell along or through a wound gap that contributes to the reestablishment of a continuous epidermis."" [GOC:bf, PMID:15269788]",26,520,4,20972,0.007692307692307693,0.15384615384615385,query_1,['GO:0044319']
GO:BP,GO:0072009,nephron epithelium development,0.02947680814120122,True,"""The process whose specific outcome is the progression of the nephron epithelium over time, from its formation to the mature structure. An epithelium is a tissue that covers the internal or external surfaces of an anatomical structure. The nephron epithelium is a tissue that covers the surface of a nephron."" [GOC:mtg_kidney_jan10]",123,520,9,20972,0.01730769230769231,0.07317073170731707,query_1,"['GO:0072006', 'GO:0072073']"
GO:BP,GO:0022409,positive regulation of cell-cell adhesion,0.02947680814120122,True,"""Any process that activates or increases the rate or extent of cell adhesion to another cell."" [GOC:isa_complete]",328,520,17,20972,0.032692307692307694,0.051829268292682924,query_1,"['GO:0022407', 'GO:0045785', 'GO:0098609']"
GO:BP,GO:0106049,regulation of cellular response to osmotic stress,0.02947680814120122,True,"""Any process that modulates the frequency, rate or extent of the cellular response to osmotic stress."" [PMID:10398679]",13,520,3,20972,0.0057692307692307696,0.23076923076923078,query_1,"['GO:0047484', 'GO:0071470', 'GO:0080135']"
GO:BP,GO:0048745,smooth muscle tissue development,0.02947680814120122,True,"""The process whose specific outcome is the progression of smooth muscle over time, from its formation to the mature structure."" [GOC:dph, GOC:jid, GOC:lm]",26,520,4,20972,0.007692307692307693,0.15384615384615385,query_1,['GO:0060537']
GO:BP,GO:0010812,negative regulation of cell-substrate adhesion,0.029511928665857178,True,"""Any process that decreases the frequency, rate or extent of cell-substrate adhesion. Cell-substrate adhesion is the attachment of a cell to the underlying substrate via adhesion molecules."" [GOC:dph, GOC:pf, GOC:tb]",60,520,6,20972,0.011538461538461539,0.1,query_1,"['GO:0007162', 'GO:0010810', 'GO:0031589']"
GO:BP,GO:1903317,regulation of protein maturation,0.029511928665857178,True,"""Any process that modulates the frequency, rate or extent of protein maturation."" [GO_REF:0000058, GOC:TermGenie, GOC:vw]",60,520,6,20972,0.011538461538461539,0.1,query_1,"['GO:0010468', 'GO:0051246', 'GO:0051604']"
GO:BP,GO:0007566,embryo implantation,0.029511928665857178,True,"""Attachment of the blastocyst to the uterine lining."" [GOC:isa_complete, PMID:10882512]",60,520,6,20972,0.011538461538461539,0.1,query_1,"['GO:0007275', 'GO:0007565', 'GO:0022414']"
GO:BP,GO:0071773,cellular response to BMP stimulus,0.029726068582860473,True,"""Any process that results in a change in state or activity of a cell (in terms of movement, secretion, enzyme production, gene expression, etc.) as a result of a bone morphogenetic protein (BMP) stimulus."" [GOC:mah, GOC:yaf]",171,520,11,20972,0.021153846153846155,0.06432748538011696,query_1,"['GO:0071363', 'GO:0071772']"
GO:BP,GO:0071772,response to BMP,0.029726068582860473,True,"""Any process that results in a change in state or activity of a cell or an organism (in terms of movement, secretion, enzyme production, gene expression, etc.) as a result of a bone morphogenetic protein (BMP) stimulus."" [GOC:mah, GOC:yaf]",171,520,11,20972,0.021153846153846155,0.06432748538011696,query_1,['GO:0070848']
GO:BP,GO:0001837,epithelial to mesenchymal transition,0.029726068582860473,True,"""A transition where an epithelial cell loses apical/basolateral polarity, severs intercellular adhesive junctions, degrades basement membrane components and becomes a migratory mesenchymal cell."" [GOC:dph, PMID:14701881]",171,520,11,20972,0.021153846153846155,0.06432748538011696,query_1,['GO:0048762']
GO:BP,GO:0050714,positive regulation of protein secretion,0.029924497271921948,True,"""Any process that activates or increases the frequency, rate or extent of the controlled release of a protein from a cell."" [GOC:ai]",147,520,10,20972,0.019230769230769232,0.06802721088435375,query_1,"['GO:0009306', 'GO:0050708', 'GO:0051222', 'GO:1903532']"
GO:BP,GO:0007599,hemostasis,0.030102848881701637,True,"""The stopping of bleeding (loss of body fluid) or the arrest of the circulation to an organ or part."" [ISBN:0198506732]",248,520,14,20972,0.026923076923076925,0.056451612903225805,query_1,['GO:0050878']
GO:BP,GO:0051259,protein complex oligomerization,0.03039801105911668,True,"""The process of creating protein oligomers, compounds composed of a small number, usually between three and ten, of component monomers; protein oligomers may be composed of different or identical monomers. Oligomers may be formed by the polymerization of a number of monomers or the depolymerization of a large protein polymer."" [GOC:ai, PMID:18293929]",275,520,15,20972,0.028846153846153848,0.05454545454545454,query_1,['GO:0065003']
REAC,REAC:R-HSA-194138,Signaling by VEGF,0.030550653930862894,True,Signaling by VEGF,104,322,10,11056,0.031055900621118012,0.09615384615384616,query_1,['REAC:R-HSA-9006934']
GO:BP,GO:0022411,cellular component disassembly,0.030583961787683744,True,"""A cellular process that results in the breakdown of a cellular component."" [GOC:isa_complete]",444,520,21,20972,0.04038461538461539,0.0472972972972973,query_1,['GO:0016043']
GO:BP,GO:0006939,smooth muscle contraction,0.03097646290550183,True,"""A process in which force is generated within smooth muscle tissue, resulting in a change in muscle geometry. Force generation involves a chemo-mechanical energy conversion step that is carried out by the actin/myosin complex activity, which generates force through ATP hydrolysis. Smooth muscle differs from striated muscle in the much higher actin/myosin ratio, the absence of conspicuous sarcomeres and the ability to contract to a much smaller fraction of its resting length."" [GOC:ef, GOC:jl, GOC:mtg_muscle, ISBN:0198506732]",102,520,8,20972,0.015384615384615385,0.0784313725490196,query_1,['GO:0006936']
GO:BP,GO:0032963,collagen metabolic process,0.03097646290550183,True,"""The chemical reactions and pathways involving collagen, any of a group of fibrous proteins of very high tensile strength that form the main component of connective tissue in animals. Collagen is highly enriched in glycine (some regions are 33% glycine) and proline, occurring predominantly as 3-hydroxyproline (about 20%)."" [GOC:mah, ISBN:0198506732]",102,520,8,20972,0.015384615384615385,0.0784313725490196,query_1,['GO:0008152']
GO:BP,GO:0030072,peptide hormone secretion,0.03097646290550183,True,"""The regulated release of a peptide hormone from a cell."" [GOC:mah]",249,520,14,20972,0.026923076923076925,0.05622489959839357,query_1,"['GO:0002790', 'GO:0046879', 'GO:0071705']"
REAC,REAC:R-HSA-421270,Cell-cell junction organization,0.03142266719316386,True,Cell-cell junction organization,87,322,9,11056,0.027950310559006212,0.10344827586206896,query_1,['REAC:R-HSA-446728']
GO:BP,GO:0045744,negative regulation of G protein-coupled receptor signaling pathway,0.03152405771364015,True,"""Any process that stops, prevents, or reduces the frequency, rate or extent of G protein-coupled receptor signaling pathway."" [GOC:go_curators]",61,520,6,20972,0.011538461538461539,0.09836065573770492,query_1,"['GO:0007186', 'GO:0008277', 'GO:0009968']"
GO:BP,GO:1900024,regulation of substrate adhesion-dependent cell spreading,0.03152405771364015,True,"""Any process that modulates the frequency, rate or extent of substrate adhesion-dependent cell spreading."" [GOC:TermGenie, GOC:yaf]",61,520,6,20972,0.011538461538461539,0.09836065573770492,query_1,"['GO:0010810', 'GO:0034446']"
GO:BP,GO:0071356,cellular response to tumor necrosis factor,0.03192618451883155,True,"""Any process that results in a change in state or activity of a cell (in terms of movement, secretion, enzyme production, gene expression, etc.) as a result of a tumor necrosis factor stimulus."" [GOC:mah]",198,520,12,20972,0.023076923076923078,0.06060606060606061,query_1,"['GO:0034612', 'GO:0071345']"
GO:BP,GO:0030279,negative regulation of ossification,0.032296272360938155,True,"""Any process that stops, prevents, or reduces the frequency, rate or extent of ossification, the formation of bone or of a bony substance or the conversion of fibrous tissue or of cartilage into bone or a bony substance."" [GOC:go_curators]",43,520,5,20972,0.009615384615384616,0.11627906976744186,query_1,"['GO:0001503', 'GO:0030278', 'GO:0051241']"
GO:BP,GO:1900026,positive regulation of substrate adhesion-dependent cell spreading,0.032296272360938155,True,"""Any process that activates or increases the frequency, rate or extent of substrate adhesion-dependent cell spreading."" [GOC:TermGenie, GOC:yaf]",43,520,5,20972,0.009615384615384616,0.11627906976744186,query_1,"['GO:0010811', 'GO:0034446', 'GO:1900024']"
GO:BP,GO:0050865,regulation of cell activation,0.03255429230122774,True,"""Any process that modulates the frequency, rate or extent of cell activation, the change in the morphology or behavior of a cell resulting from exposure to an activating factor such as a cellular or soluble ligand."" [GOC:ai]",627,520,27,20972,0.051923076923076926,0.0430622009569378,query_1,"['GO:0001775', 'GO:0050794', 'GO:0051239']"
GO:BP,GO:0008637,apoptotic mitochondrial changes,0.03255429230122774,True,"""The morphological and physiological alterations undergone by mitochondria during apoptosis."" [GOC:mah, GOC:mtg_apoptosis]",103,520,8,20972,0.015384615384615385,0.07766990291262135,query_1,"['GO:0006915', 'GO:0007005']"
GO:BP,GO:0048562,embryonic organ morphogenesis,0.032709680663499476,True,"""Morphogenesis, during the embryonic phase, of a tissue or tissues that work together to perform a specific function or functions. Morphogenesis is the process in which anatomical structures are generated and organized. Organs are commonly observed as visibly distinct structures, but may also exist as loosely associated clusters of cells that work together to perform a specific function or functions."" [GOC:jid]",305,520,16,20972,0.03076923076923077,0.05245901639344262,query_1,"['GO:0009887', 'GO:0048568', 'GO:0048598']"
GO:BP,GO:0002092,positive regulation of receptor internalization,0.032767582179372055,True,"""Any process that activates or increases the frequency, rate or extent of receptor internalization."" [GOC:hjd]",27,520,4,20972,0.007692307692307693,0.14814814814814814,query_1,"['GO:0002090', 'GO:0031623', 'GO:0048260']"
GO:BP,GO:0060343,trabecula formation,0.032767582179372055,True,"""The process of creating a trabecula in an organ. A trabecula is a small, often microscopic, tissue element in the form of a small beam, strut or rod, which generally has a mechanical function. Trabecula are usually but not necessarily, composed of dense collagenous tissue."" [GOC:dph]",27,520,4,20972,0.007692307692307693,0.14814814814814814,query_1,"['GO:0009887', 'GO:0048646', 'GO:0061383']"
GO:BP,GO:0033688,regulation of osteoblast proliferation,0.032767582179372055,True,"""Any process that modulates the frequency, rate or extent of osteoblast proliferation."" [GOC:mah]",27,520,4,20972,0.007692307692307693,0.14814814814814814,query_1,"['GO:0033687', 'GO:0042127']"
GO:BP,GO:0090314,positive regulation of protein targeting to membrane,0.032767582179372055,True,"""Any process that increases the frequency, rate or extent of the process of directing proteins towards a membrane, usually using signals contained within the protein."" [GOC:tb]",27,520,4,20972,0.007692307692307693,0.14814814814814814,query_1,"['GO:0006612', 'GO:0048522', 'GO:0090313', 'GO:1904951']"
REAC,REAC:R-HSA-418990,Adherens junctions interactions,0.032904505247020585,True,Adherens junctions interactions,55,322,7,11056,0.021739130434782608,0.12727272727272726,query_1,['REAC:R-HSA-421270']
GO:BP,GO:0002521,leukocyte differentiation,0.03293966195628456,True,"""The process in which a relatively unspecialized hemopoietic precursor cell acquires the specialized features of a leukocyte. A leukocyte is an achromatic cell of the myeloid or lymphoid lineages capable of ameboid movement, found in blood or other tissue."" [CL:0000738, GOC:add, PMID:16551264]",628,520,27,20972,0.051923076923076926,0.042993630573248405,query_1,"['GO:0030097', 'GO:0030154']"
GO:BP,GO:0086003,cardiac muscle cell contraction,0.03314363069239198,True,"""The actin filament-based process in which cytoplasmic actin filaments slide past one another resulting in contraction of a cardiac muscle cell."" [GOC:BHF, GOC:mtg_cardiac_conduct_nov11]",82,520,7,20972,0.013461538461538462,0.08536585365853659,query_1,"['GO:0060048', 'GO:0070252']"
GO:BP,GO:1905477,positive regulation of protein localization to membrane,0.03314363069239198,True,"""Any process that activates or increases the frequency, rate or extent of protein localization to membrane."" [GO_REF:0000058, GOC:bc, GOC:PARL, GOC:TermGenie, PMID:26911690]",82,520,7,20972,0.013461538461538462,0.08536585365853659,query_1,"['GO:0048522', 'GO:0072657', 'GO:1903829', 'GO:1905475']"
GO:BP,GO:0060284,regulation of cell development,0.03314363069239198,True,"""Any process that modulates the rate, frequency or extent of the progression of the cell over time, from its formation to the mature structure. Cell development does not include the steps involved in committing a cell to a specific fate."" [GOC:dph, GOC:tb]",816,520,33,20972,0.06346153846153846,0.04044117647058824,query_1,"['GO:0045595', 'GO:0048468']"
GO:BP,GO:0007163,establishment or maintenance of cell polarity,0.034119685633268455,True,"""Any cellular process that results in the specification, formation or maintenance of anisotropic intracellular organization or cell growth patterns."" [GOC:mah]",226,520,13,20972,0.025,0.05752212389380531,query_1,['GO:0009987']
GO:BP,GO:0034097,response to cytokine,0.03433122218263384,True,"""Any process that results in a change in state or activity of a cell or an organism (in terms of movement, secretion, enzyme production, gene expression, etc.) as a result of a cytokine stimulus."" [GOC:sl]",979,520,38,20972,0.07307692307692308,0.03881511746680286,query_1,['GO:1901652']
GO:BP,GO:0003206,cardiac chamber morphogenesis,0.03442565711060626,True,"""The process in which a cardiac chamber is generated and organized. A cardiac chamber is an enclosed cavity within the heart."" [GOC:mtg_heart]",127,520,9,20972,0.01730769230769231,0.07086614173228346,query_1,"['GO:0003007', 'GO:0003205', 'GO:0009653']"
GO:BP,GO:0042327,positive regulation of phosphorylation,0.03442565711060626,True,"""Any process that activates or increases the frequency, rate or extent of addition of phosphate groups to a molecule."" [GOC:jl]",335,520,17,20972,0.032692307692307694,0.050746268656716415,query_1,"['GO:0016310', 'GO:0042325', 'GO:0045937']"
GO:BP,GO:0006000,fructose metabolic process,0.03450993776056079,True,"""The chemical reactions and pathways involving fructose, the ketohexose arabino-2-hexulose. Fructose exists in a open chain form or as a ring compound. D-fructose is the sweetest of the sugars and is found free in a large number of fruits and honey."" [ISBN:0198506732]",14,520,3,20972,0.0057692307692307696,0.21428571428571427,query_1,['GO:0019318']
GO:BP,GO:0044406,adhesion of symbiont to host,0.03450993776056079,True,"""The attachment of a symbiont to its host via either adhesion molecules, general stickiness, or other mechanisms. The host is defined as the larger of the organisms involved in a symbiotic interaction."" [GOC:bf, GOC:cc, GOC:dos, GOC:jl]",14,520,3,20972,0.0057692307692307696,0.21428571428571427,query_1,['GO:0051701']
GO:BP,GO:1905668,positive regulation of protein localization to endosome,0.03450993776056079,True,"""Any process that activates or increases the frequency, rate or extent of protein localization to endosome."" [GO_REF:0000058, GOC:bc, GOC:PARL, GOC:TermGenie, PMID:22732145]",14,520,3,20972,0.0057692307692307696,0.21428571428571427,query_1,"['GO:0036010', 'GO:1903829', 'GO:1905666']"
GO:BP,GO:0044070,regulation of monoatomic anion transport,0.03450993776056079,True,"""Any process that modulates the frequency, rate or extent of the directed movement of anions, atoms or small molecules with a net negative charge into, out of or within a cell, or between cells, by means of some agent such as a transporter or pore."" [GOC:jl]",14,520,3,20972,0.0057692307692307696,0.21428571428571427,query_1,"['GO:0006820', 'GO:0043269']"
GO:BP,GO:0032964,collagen biosynthetic process,0.03450993776056079,True,"""The chemical reactions and pathways resulting in the formation of collagen, any of a group of fibrous proteins of very high tensile strength that form the main component of connective tissue in animals. Collagen is highly enriched in glycine (some regions are 33% glycine) and proline, occurring predominantly as 3-hydroxyproline (about 20%)."" [GOC:mah, ISBN:0198506732]",44,520,5,20972,0.009615384615384616,0.11363636363636363,query_1,"['GO:0009058', 'GO:0032963']"
GO:BP,GO:0070365,hepatocyte differentiation,0.03450993776056079,True,"""The process in which a relatively unspecialized cell acquires the specialized features of a hepatocyte. A hepatocyte is specialized epithelial cell that is organized into interconnected plates called lobules, and is the main structural component of the liver."" [CL:0000182, PMID:7588884]",14,520,3,20972,0.0057692307692307696,0.21428571428571427,query_1,"['GO:0001889', 'GO:0030855']"
GO:BP,GO:0034309,primary alcohol biosynthetic process,0.03450993776056079,True,"""The chemical reactions and pathways resulting in the formation of primary alcohols. A primary alcohol is any alcohol in which a hydroxy group, -OH, is attached to a saturated carbon atom which has either three hydrogen atoms attached to it or only one other carbon atom and two hydrogen atoms attached to it."" [GOC:mah]",14,520,3,20972,0.0057692307692307696,0.21428571428571427,query_1,"['GO:0034308', 'GO:0046165']"
GO:BP,GO:0021587,cerebellum morphogenesis,0.03450993776056079,True,"""The process in which the anatomical structure of the cerebellum is generated and organized. The cerebellum is the portion of the brain in the back of the head between the cerebrum and the pons. The cerebellum controls balance for walking and standing, modulates the force and range of movement and is involved in the learning of motor skills."" [GO_REF:0000021, GOC:cls, GOC:dgh, GOC:dph, GOC:jid, ISBN:0838580343]",44,520,5,20972,0.009615384615384616,0.11363636363636363,query_1,"['GO:0009653', 'GO:0021549', 'GO:0021575']"
GO:BP,GO:0002687,positive regulation of leukocyte migration,0.03450993776056079,True,"""Any process that activates or increases the frequency, rate, or extent of leukocyte migration."" [GOC:add]",151,520,10,20972,0.019230769230769232,0.06622516556291391,query_1,"['GO:0002684', 'GO:0002685', 'GO:0030335', 'GO:0050900']"
GO:BP,GO:0008212,mineralocorticoid metabolic process,0.03450993776056079,True,"""The chemical reactions and pathways involving mineralocorticoids, hormonal C21 corticosteroids synthesized from cholesterol. Mineralocorticoids act primarily on water and electrolyte balance."" [ISBN:0198506732]",14,520,3,20972,0.0057692307692307696,0.21428571428571427,query_1,"['GO:0008202', 'GO:0042445']"
REAC,REAC:R-HSA-8957275,Post-translational protein phosphorylation,0.03452179458420556,True,Post-translational protein phosphorylation,107,322,10,11056,0.031055900621118012,0.09345794392523364,query_1,['REAC:R-HSA-597592']
GO:BP,GO:0055006,cardiac cell development,0.03463683152497323,True,"""The process whose specific outcome is the progression of a cardiac cell over time, from its formation to the mature state. A cardiac cell is a cell that will form part of the cardiac organ of an individual."" [GOC:devbiol]",83,520,7,20972,0.013461538461538462,0.08433734939759036,query_1,"['GO:0035051', 'GO:0048468']"
GO:BP,GO:0009306,protein secretion,0.03463683152497323,True,"""The controlled release of proteins from a cell."" [GOC:ai]",364,520,18,20972,0.03461538461538462,0.04945054945054945,query_1,"['GO:0015031', 'GO:0032940', 'GO:0035592', 'GO:0071692']"
GO:BP,GO:0086001,cardiac muscle cell action potential,0.03463683152497323,True,"""An action potential that occurs in a cardiac muscle cell."" [GOC:BHF, GOC:mtg_cardiac_conduct_nov11]",83,520,7,20972,0.013461538461538462,0.08433734939759036,query_1,['GO:0001508']
GO:BP,GO:0042058,regulation of epidermal growth factor receptor signaling pathway,0.035383327375747294,True,"""Any process that modulates the frequency, rate or extent of epidermal growth factor receptor signaling pathway activity."" [GOC:go_curators]",63,520,6,20972,0.011538461538461539,0.09523809523809523,query_1,"['GO:0007173', 'GO:1901184']"
GO:BP,GO:1903078,positive regulation of protein localization to plasma membrane,0.035383327375747294,True,"""Any process that activates or increases the frequency, rate or extent of protein localization to plasma membrane."" [GO_REF:0000058, GOC:BHF, GOC:rl, GOC:TermGenie, PMID:11602640]",63,520,6,20972,0.011538461538461539,0.09523809523809523,query_1,"['GO:0072659', 'GO:1903076', 'GO:1904377', 'GO:1905477']"
GO:BP,GO:0072073,kidney epithelium development,0.03573258291981478,True,"""The process whose specific outcome is the progression of an epithelium in the kidney over time, from its formation to the mature structure. An epithelium is a tissue that covers the internal or external surfaces of an anatomical structure."" [GOC:mtg_kidney_jan10]",152,520,10,20972,0.019230769230769232,0.06578947368421052,query_1,"['GO:0001822', 'GO:0060429']"
GO:BP,GO:0034284,response to monosaccharide,0.03573258291981478,True,"""Any process that results in a change in state or activity of a cell or an organism (in terms of movement, secretion, enzyme production, gene expression, etc.) as a result of a monosaccharide stimulus."" [GOC:mah]",202,520,12,20972,0.023076923076923078,0.0594059405940594,query_1,['GO:0009743']
GO:BP,GO:0070168,negative regulation of biomineral tissue development,0.03591011724479038,True,"""Any process that stops, prevents, or reduces the frequency, rate or extent of biomineral tissue development, the formation of hard tissues that consist mainly of inorganic compounds."" [GOC:mah]",28,520,4,20972,0.007692307692307693,0.14285714285714285,query_1,"['GO:0031214', 'GO:0051093', 'GO:0070167']"
GO:BP,GO:0010466,negative regulation of peptidase activity,0.03591011724479038,True,"""Any process that stops or reduces the rate of peptidase activity, the hydrolysis of peptide bonds within proteins."" [GOC:dph, GOC:tb]",28,520,4,20972,0.007692307692307693,0.14285714285714285,query_1,"['GO:0045861', 'GO:0051346', 'GO:0052547']"
GO:BP,GO:0055023,positive regulation of cardiac muscle tissue growth,0.03591011724479038,True,"""Any process that activates, maintains or increases the frequency, rate or extent of cardiac muscle growth."" [GOC:vk]",28,520,4,20972,0.007692307692307693,0.14285714285714285,query_1,"['GO:0055017', 'GO:0055021', 'GO:0060421']"
GO:BP,GO:0006921,cellular component disassembly involved in execution phase of apoptosis,0.03591011724479038,True,"""The breakdown of structures such as organelles, proteins, or other macromolecular structures during apoptosis."" [GOC:dph, GOC:mah, GOC:mtg_apoptosis, GOC:tb]",28,520,4,20972,0.007692307692307693,0.14285714285714285,query_1,"['GO:0022411', 'GO:0097194']"
GO:BP,GO:0010614,negative regulation of cardiac muscle hypertrophy,0.03591011724479038,True,"""Any process that decreases the rate, frequency or extent of the enlargement or overgrowth of all or part of the heart due to an increase in size (not length) of individual cardiac muscle fibers, without cell division."" [GOC:BHF, GOC:dph, GOC:tb]",28,520,4,20972,0.007692307692307693,0.14285714285714285,query_1,"['GO:0003300', 'GO:0010611', 'GO:0014741']"
GO:BP,GO:0060384,innervation,0.03591011724479038,True,"""The process in which a nerve invades a tissue and makes functional synaptic connection within the tissue."" [GOC:dph, GOC:sart]",28,520,4,20972,0.007692307692307693,0.14285714285714285,query_1,"['GO:0021675', 'GO:0032501']"
GO:BP,GO:0036010,protein localization to endosome,0.03591011724479038,True,"""A process in which a protein is transported to, or maintained in, a location within an endosome."" [GOC:yaf]",28,520,4,20972,0.007692307692307693,0.14285714285714285,query_1,['GO:0033365']
REAC,REAC:R-HSA-5173105,O-linked glycosylation,0.035961417553081715,True,O-linked glycosylation,108,322,10,11056,0.031055900621118012,0.09259259259259259,query_1,['REAC:R-HSA-597592']
GO:BP,GO:0071692,protein localization to extracellular region,0.035994269823654945,True,"""Any process in which a protein is transported from one specific location in the extracellular region to another, or maintained in a specific extracellular location."" [GOC:mah]",366,520,18,20972,0.03461538461538462,0.04918032786885246,query_1,['GO:0033036']
GO:BP,GO:0090100,positive regulation of transmembrane receptor protein serine/threonine kinase signaling pathway,0.03672373064493324,True,"""Any process that increases the rate, frequency, or extent of the series of molecular signals generated as a consequence of a transmembrane receptor serine/threonine kinase binding to its physiological ligand."" [GOC:dph, GOC:tb]",106,520,8,20972,0.015384615384615385,0.07547169811320754,query_1,"['GO:0007178', 'GO:0009967', 'GO:0090092']"
GO:BP,GO:0046660,female sex differentiation,0.03672373064493324,True,"""The establishment of the sex of a female organism by physical differentiation."" [GOC:bf]",129,520,9,20972,0.01730769230769231,0.06976744186046512,query_1,"['GO:0007275', 'GO:0007548']"
GO:BP,GO:0014902,myotube differentiation,0.03672373064493324,True,"""The process in which a relatively unspecialized cell acquires specialized features of a myotube cell. Myotube differentiation starts with myoblast fusion and the appearance of specific cell markers (this is the cell development step). Then individual myotubes can fuse to form bigger myotubes and start to contract. Myotubes are multinucleated cells that are formed when proliferating myoblasts exit the cell cycle, differentiate and fuse."" [GOC:mtg_muscle]",129,520,9,20972,0.01730769230769231,0.06976744186046512,query_1,['GO:0051146']
GO:BP,GO:0035592,establishment of protein localization to extracellular region,0.036814960140316426,True,"""The directed movement of a protein to a specific location within the extracellular region."" [GOC:bf, GOC:BHF]",367,520,18,20972,0.03461538461538462,0.04904632152588556,query_1,['GO:0045184']
GO:BP,GO:0002790,peptide secretion,0.03691257761339929,True,"""The controlled release of a peptide from a cell or a tissue."" [GOC:add]",256,520,14,20972,0.026923076923076925,0.0546875,query_1,"['GO:0015833', 'GO:0046903']"
GO:BP,GO:0048483,autonomic nervous system development,0.03700476834516182,True,"""The process whose specific outcome is the progression of the autonomic nervous system over time, from its formation to the mature structure. The autonomic nervous system is composed of neurons that are not under conscious control, and is comprised of two antagonistic components, the sympathetic and parasympathetic nervous systems. The autonomic nervous system regulates key functions including the activity of the cardiac (heart) muscle, smooth muscles (e.g. of the gut), and glands."" [FMA:9905, GOC:jid, GOC:sr]",45,520,5,20972,0.009615384615384616,0.1111111111111111,query_1,"['GO:0007399', 'GO:0048731']"
GO:BP,GO:0010557,positive regulation of macromolecule biosynthetic process,0.03703676385975722,True,"""Any process that increases the rate, frequency or extent of the chemical reactions and pathways resulting in the formation of a macromolecule, any molecule of high relative molecular mass, the structure of which essentially comprises the multiple repetition of units derived, actually or conceptually, from molecules of low relative molecular mass."" [GOC:dph, GOC:tb]",2538,520,83,20972,0.1596153846153846,0.032702915681639085,query_1,"['GO:0009059', 'GO:0009891', 'GO:0010556', 'GO:0010604']"
GO:BP,GO:0031214,biomineral tissue development,0.03703676385975722,True,"""Formation of hard tissues that consist mainly of inorganic compounds, and also contain a small amounts of organic matrices that are believed to play important roles in their formation."" [PMID:15132736]",178,520,11,20972,0.021153846153846155,0.06179775280898876,query_1,"['GO:0009888', 'GO:0048513']"
GO:BP,GO:0044281,small molecule metabolic process,0.0372925637168126,True,"""The chemical reactions and pathways involving small molecules, any low molecular weight, monomeric, non-encoded molecule."" [GOC:curators, GOC:pde, GOC:vw]",1694,520,59,20972,0.11346153846153846,0.03482880755608028,query_1,['GO:0008152']
GO:BP,GO:0010324,membrane invagination,0.0372925637168126,True,"""The infolding of a membrane."" [GOC:tb]",64,520,6,20972,0.011538461538461539,0.09375,query_1,['GO:0061024']
GO:BP,GO:0010975,regulation of neuron projection development,0.03760862732455879,True,"""Any process that modulates the rate, frequency or extent of neuron projection development. Neuron projection development is the process whose specific outcome is the progression of a neuron projection over time, from its formation to the mature structure. A neuron projection is any process extending from a neural cell, such as axons or dendrites (collectively called neurites)."" [GOC:dph, GOC:tb]",426,520,20,20972,0.038461538461538464,0.046948356807511735,query_1,"['GO:0031175', 'GO:0120035']"
GO:BP,GO:0008016,regulation of heart contraction,0.03760862732455879,True,"""Any process that modulates the frequency, rate or extent of heart contraction. Heart contraction is the process in which the heart decreases in volume in a characteristic way to propel blood through the body."" [GOC:dph, GOC:go_curators, GOC:tb]",204,520,12,20972,0.023076923076923078,0.058823529411764705,query_1,"['GO:0060047', 'GO:1903522']"
GO:BP,GO:0071345,cellular response to cytokine stimulus,0.03797244584175702,True,"""Any process that results in a change in state or activity of a cell (in terms of movement, secretion, enzyme production, gene expression, etc.) as a result of a cytokine stimulus."" [GOC:mah]",891,520,35,20972,0.0673076923076923,0.03928170594837262,query_1,['GO:0034097']
GO:BP,GO:0098655,monoatomic cation transmembrane transport,0.038055214579633685,True,"""The process in which a monoatomic cation is transported across a membrane. Monatomic cations (also called simple cations) are positively charged ions consisting of exactly one atom."" [GOC:dos, GOC:vw]",859,520,34,20972,0.06538461538461539,0.03958090803259604,query_1,"['GO:0006812', 'GO:0034220']"
GO:BP,GO:0010717,regulation of epithelial to mesenchymal transition,0.038079107194964504,True,"""Any process that modulates the rate, frequency, or extent of epithelial to mesenchymal transition. Epithelial to mesenchymal transition where an epithelial cell loses apical/basolateral polarity, severs intercellular adhesive junctions, degrades basement membrane components and becomes a migratory mesenchymal cell."" [GOC:BHF, GOC:dph, GOC:tb]",107,520,8,20972,0.015384615384615385,0.07476635514018691,query_1,"['GO:0001837', 'GO:0045595']"
GO:BP,GO:0010595,positive regulation of endothelial cell migration,0.038079107194964504,True,"""Any process that increases the rate, frequency, or extent of the orderly movement of an endothelial cell into the extracellular matrix to form an endothelium."" [GOC:BHF, GOC:dph, GOC:tb]",107,520,8,20972,0.015384615384615385,0.07476635514018691,query_1,"['GO:0010594', 'GO:0030335', 'GO:0043542']"
GO:BP,GO:0048008,platelet-derived growth factor receptor signaling pathway,0.038079107194964504,True,"""The series of molecular signals initiated by a ligand binding to a platelet-derived growth factor receptor on the surface of a target cell, and ending with the regulation of a downstream cellular process, e.g. transcription."" [GOC:ceb]",107,520,8,20972,0.015384615384615385,0.07476635514018691,query_1,['GO:0007169']
GO:BP,GO:0001763,morphogenesis of a branching structure,0.03877604600829368,True,"""The process in which the anatomical structures of branches are generated and organized. A branch is a division or offshoot from a main stem. Examples in animals would include blood vessels, nerves, lymphatics and other endothelial or epithelial tubes."" [ISBN:0721662544]",205,520,12,20972,0.023076923076923078,0.05853658536585366,query_1,"['GO:0009653', 'GO:0032501']"
GO:BP,GO:1904062,regulation of monoatomic cation transmembrane transport,0.03877604600829368,True,"""Any process that modulates the frequency, rate or extent of cation transmembrane transport."" [GO_REF:0000058, GOC:TermGenie, PMID:15304482]",258,520,14,20972,0.026923076923076925,0.05426356589147287,query_1,"['GO:0034765', 'GO:0098655']"
GO:BP,GO:0090330,regulation of platelet aggregation,0.03965067259221066,True,"""Any process that modulates the rate, frequency or extent of platelet aggregation. Platelet aggregation is the adhesion of one platelet to one or more other platelets via adhesion molecules."" [GOC:dph, GOC:tb]",29,520,4,20972,0.007692307692307693,0.13793103448275862,query_1,"['GO:0010543', 'GO:0034110', 'GO:0070527']"
GO:BP,GO:0010959,regulation of metal ion transport,0.03965067259221066,True,"""Any process that modulates the frequency, rate, or extent of metal ion transport. Metal ion transport is the directed movement of metal ions, any metal ion with an electric charge, into, out of or within a cell, or between cells, by means of some agent such as a transporter or pore."" [GOC:dph, GOC:tb]",342,520,17,20972,0.032692307692307694,0.049707602339181284,query_1,"['GO:0030001', 'GO:0043269']"
GO:BP,GO:0150117,positive regulation of cell-substrate junction organization,0.03965067259221066,True,"""Any process that activates or increases the frequency, rate or extent of cell-substrate junction organization."" [GOC:aruk]",29,520,4,20972,0.007692307692307693,0.13793103448275862,query_1,"['GO:0051130', 'GO:0150115', 'GO:0150116']"
REAC,REAC:R-HSA-71387,Metabolism of carbohydrates and carbohydrate derivatives,0.03991582500339751,True,Metabolism of carbohydrates and carbohydrate derivatives,279,322,18,11056,0.055900621118012424,0.06451612903225806,query_1,['REAC:R-HSA-1430728']
REAC,REAC:R-HSA-375165,NCAM signaling for neurite out-growth,0.04008707762607101,True,NCAM signaling for neurite out-growth,58,322,7,11056,0.021739130434782608,0.1206896551724138,query_1,['REAC:R-HSA-422475']
GO:BP,GO:0055012,ventricular cardiac muscle cell differentiation,0.040241529415311034,True,"""The process in which a relatively unspecialized cell acquires specialized features of a ventricular cardiac muscle cell. Cardiac muscle cells are striated muscle cells that are responsible for heart contraction. The ventricle is the part of the heart that pumps blood out of the organ."" [GOC:devbiol, GOC:mtg_heart]",15,520,3,20972,0.0057692307692307696,0.2,query_1,['GO:0055007']
GO:BP,GO:1901163,regulation of trophoblast cell migration,0.040241529415311034,True,"""Any process that modulates the frequency, rate or extent of trophoblast cell migration."" [GOC:BHF, GOC:TermGenie]",15,520,3,20972,0.0057692307692307696,0.2,query_1,"['GO:0030334', 'GO:0061450']"
GO:BP,GO:0046034,ATP metabolic process,0.04094848726986342,True,"""The chemical reactions and pathways involving ATP, adenosine triphosphate, a universally important coenzyme and enzyme regulator."" [GOC:go_curators]",233,520,13,20972,0.025,0.055793991416309016,query_1,"['GO:0009150', 'GO:0009205']"
GO:BP,GO:0006941,striated muscle contraction,0.04094848726986342,True,"""A process in which force is generated within striated muscle tissue, resulting in the shortening of the muscle. Force generation involves a chemo-mechanical energy conversion step that is carried out by the actin/myosin complex activity, which generates force through ATP hydrolysis. Striated muscle is a type of muscle in which the repeating units (sarcomeres) of the contractile myofibrils are arranged in registry throughout the cell, resulting in transverse or oblique striations observable at the level of the light microscope."" [GOC:jl, GOC:mtg_muscle, ISBN:0198506732]",181,520,11,20972,0.021153846153846155,0.06077348066298342,query_1,['GO:0006936']
GO:BP,GO:0002376,immune system process,0.04162680878264015,True,"""Any process involved in the development or functioning of the immune system, an organismal system for calibrated responses to potential internal or invasive threats."" [GO_REF:0000022, GOC:add]",2913,520,93,20972,0.17884615384615385,0.03192584963954686,query_1,['GO:0008150']
GO:BP,GO:0007548,sex differentiation,0.04177516397163016,True,"""The establishment of the sex of an organism by physical differentiation."" [GOC:ai]",288,520,15,20972,0.028846153846153848,0.052083333333333336,query_1,['GO:0003006']
GO:BP,GO:1904016,response to Thyroglobulin triiodothyronine,0.04196577797912823,True,"""Any process that results in a change in state or activity of a cell or an organism (in terms of movement, secretion, enzyme production, gene expression, etc.) as a result of a Thyroglobulin triiodothyronine stimulus."" [GO_REF:0000071, GOC:TermGenie, PMID:7531505]",5,520,2,20972,0.0038461538461538464,0.4,query_1,['GO:0042221']
GO:BP,GO:0097070,ductus arteriosus closure,0.04196577797912823,True,"""The morphogenesis process in which the ductus arteriosus changes to no longer permit blood flow after birth. The ductus arteriosus is the shunt between the aorta and the pulmonary artery which allows blood to bypass the fetus' lungs."" [GOC:hw]",5,520,2,20972,0.0038461538461538464,0.4,query_1,['GO:0048844']
GO:BP,GO:0051388,positive regulation of neurotrophin TRK receptor signaling pathway,0.04196577797912823,True,"""Any process that activates or increases the frequency, rate or extent of the neurotrophin TRK receptor signaling pathway."" [GOC:ai]",5,520,2,20972,0.0038461538461538464,0.4,query_1,"['GO:0009967', 'GO:0048011', 'GO:0051386']"
GO:BP,GO:2000741,positive regulation of mesenchymal stem cell differentiation,0.04196577797912823,True,"""Any process that activates or increases the frequency, rate or extent of mesenchymal stem cell differentiation."" [GOC:obol]",5,520,2,20972,0.0038461538461538464,0.4,query_1,"['GO:0072497', 'GO:2000738', 'GO:2000739']"
GO:BP,GO:2000138,positive regulation of cell proliferation involved in heart morphogenesis,0.04196577797912823,True,"""Any process that activates or increases the frequency, rate or extent of cell proliferation involved in heart morphogenesis."" [GOC:dph]",5,520,2,20972,0.0038461538461538464,0.4,query_1,"['GO:0008284', 'GO:0061323', 'GO:2000136']"
GO:BP,GO:1902219,negative regulation of intrinsic apoptotic signaling pathway in response to osmotic stress,0.04196577797912823,True,"""Any process that stops, prevents or reduces the frequency, rate or extent of intrinsic apoptotic signaling pathway in response to osmotic stress."" [GOC:BHF, GOC:mtg_apoptosis, GOC:rl, GOC:TermGenie, PMID:14569084]",5,520,2,20972,0.0038461538461538464,0.4,query_1,"['GO:0008627', 'GO:1902218', 'GO:2001243']"
GO:BP,GO:0060023,soft palate development,0.04196577797912823,True,"""The biological process whose specific outcome is the progression of the soft palate from an initial condition to its mature state. This process begins with the formation of the structure and ends with the mature structure, whatever form that may be including its natural destruction. The soft palate is the posterior portion of the palate extending from the posterior edge of the hard palate."" [GOC:dph, ISBN:0721662544]",5,520,2,20972,0.0038461538461538464,0.4,query_1,"['GO:0048856', 'GO:0062009']"
GO:BP,GO:0046620,regulation of organ growth,0.042112583615457125,True,"""Any process that modulates the frequency, rate or extent of growth of an organ of an organism."" [GOC:bf, GOC:tb]",87,520,7,20972,0.013461538461538462,0.08045977011494253,query_1,"['GO:0035265', 'GO:0048638', 'GO:0051239']"
REAC,REAC:R-HSA-76005,Response to elevated platelet cytosolic Ca2+,0.042520698241378226,True,Response to elevated platelet cytosolic Ca2+,131,322,11,11056,0.034161490683229816,0.08396946564885496,query_1,['REAC:R-HSA-76002']
GO:BP,GO:0007520,myoblast fusion,0.04283425389787609,True,"""A process in which non-proliferating myoblasts fuse to existing fibers or to myotubes to form new fibers. A myoblast is a mononucleate cell type that, by fusion with other myoblasts, gives rise to the myotubes that eventually develop into skeletal muscle fibers."" [CL:0000056, GOC:mtg_muscle]",47,520,5,20972,0.009615384615384616,0.10638297872340426,query_1,"['GO:0000768', 'GO:0014902']"
GO:BP,GO:0021575,hindbrain morphogenesis,0.04283425389787609,True,"""The process in which the anatomical structure of the hindbrain is generated and organized. The hindbrain is the region consisting of the medulla, pons and cerebellum. Areas of the hindbrain control motor and autonomic functions."" [GO_REF:0000021, GOC:cls, GOC:dgh, GOC:dph, GOC:jid, ISBN:0838580343]",47,520,5,20972,0.009615384615384616,0.10638297872340426,query_1,"['GO:0009653', 'GO:0030902']"
GO:BP,GO:0000122,negative regulation of transcription by RNA polymerase II,0.043119678231757406,True,"""Any process that stops, prevents, or reduces the frequency, rate or extent of transcription mediated by RNA polymerase II."" [GOC:go_curators, GOC:txnOH]",933,520,36,20972,0.06923076923076923,0.03858520900321544,query_1,"['GO:0006357', 'GO:0006366', 'GO:0045892']"
REAC,REAC:R-HSA-4420097,VEGFA-VEGFR2 Pathway,0.04317846905979713,True,VEGFA-VEGFR2 Pathway,94,322,9,11056,0.027950310559006212,0.09574468085106383,query_1,['REAC:R-HSA-194138']
REAC,REAC:R-HSA-6805567,Keratinization,0.04317846905979713,True,Keratinization,216,322,15,11056,0.046583850931677016,0.06944444444444445,query_1,['REAC:R-HSA-1266738']
GO:BP,GO:0016525,negative regulation of angiogenesis,0.04355605825618788,True,"""Any process that stops, prevents, or reduces the frequency, rate or extent of angiogenesis."" [GOC:go_curators]",110,520,8,20972,0.015384615384615385,0.07272727272727272,query_1,"['GO:0001525', 'GO:0045765', 'GO:2000181']"
GO:BP,GO:0003279,cardiac septum development,0.04355605825618788,True,"""The progression of a cardiac septum over time, from its initial formation to the mature structure."" [GOC:mtg_heart]",110,520,8,20972,0.015384615384615385,0.07272727272727272,query_1,"['GO:0003205', 'GO:0048856']"
GO:BP,GO:0014741,negative regulation of muscle hypertrophy,0.043587084275301405,True,"""Any process that stops, prevents, or reduces the frequency, rate, or extent of muscle hypertrophy."" [GOC:mtg_muscle]",30,520,4,20972,0.007692307692307693,0.13333333333333333,query_1,"['GO:0014743', 'GO:0014896', 'GO:0051241']"
GO:BP,GO:0120255,olefinic compound biosynthetic process,0.043587084275301405,True,"""The chemical reactions and pathways resulting in the formation of an olefinic compound, any compound which contains a carbon-carbon double bond (aka C=C)."" [GOC:krc]",30,520,4,20972,0.007692307692307693,0.13333333333333333,query_1,"['GO:0009058', 'GO:0120254']"
GO:BP,GO:0098901,regulation of cardiac muscle cell action potential,0.043587084275301405,True,"""Any process that modulates the frequency, rate or extent of action potential creation, propagation or termination in a cardiac muscle cell. This typically occurs via modulation of the activity or expression of voltage-gated ion channels."" [GOC:dos, GOC:mtg_cardiac_conduct_nov11]",30,520,4,20972,0.007692307692307693,0.13333333333333333,query_1,"['GO:0086001', 'GO:0098900']"
GO:BP,GO:0042634,regulation of hair cycle,0.043587084275301405,True,"""Any process that modulates the frequency, rate or extent of the cyclical phases of growth (anagen), regression (catagen), quiescence (telogen), and shedding (exogen) in the life of a hair."" [GOC:go_curators, PMID:12230507]",30,520,4,20972,0.007692307692307693,0.13333333333333333,query_1,"['GO:0042633', 'GO:0051239']"
GO:BP,GO:0003007,heart morphogenesis,0.04418629788554304,True,"""The developmental process in which the heart is generated and organized. The heart is a hollow, muscular organ, which, by contracting rhythmically, keeps up the circulation of the blood."" [GOC:dph, GOC:isa_complete]",263,520,14,20972,0.026923076923076925,0.053231939163498096,query_1,"['GO:0007507', 'GO:0009887']"
GO:BP,GO:0007589,body fluid secretion,0.04419032621842632,True,"""The controlled release of a fluid by a cell or tissue in an animal."" [GOC:ai, GOC:dph, GOC:mah, GOC:tb]",88,520,7,20972,0.013461538461538462,0.07954545454545454,query_1,"['GO:0046903', 'GO:0050878']"
GO:BP,GO:0048565,digestive tract development,0.04432840662401144,True,"""The process whose specific outcome is the progression of the digestive tract over time, from its formation to the mature structure. The digestive tract is the anatomical structure through which food passes and is processed."" [GOC:go_curators]",134,520,9,20972,0.01730769230769231,0.06716417910447761,query_1,"['GO:0035295', 'GO:0055123']"
REAC,REAC:R-HSA-9662834,CD163 mediating an anti-inflammatory response,0.04524134413144456,True,CD163 mediating an anti-inflammatory response,9,322,3,11056,0.009316770186335404,0.3333333333333333,query_1,['REAC:R-HSA-9662851']
REAC,REAC:R-HSA-977347,Serine metabolism,0.04524134413144456,True,Serine metabolism,9,322,3,11056,0.009316770186335404,0.3333333333333333,query_1,['REAC:R-HSA-71291']
GO:BP,GO:0120034,positive regulation of plasma membrane bounded cell projection assembly,0.045328194912450485,True,"""Any process that activates or increases the frequency, rate or extent of plasma membrane bounded cell projection assembly."" [GOC:krc]",111,520,8,20972,0.015384615384615385,0.07207207207207207,query_1,"['GO:0031346', 'GO:0044089', 'GO:0120031', 'GO:0120032']"
GO:BP,GO:0006898,receptor-mediated endocytosis,0.045328194912450485,True,"""An endocytosis process in which cell surface receptors ensure specificity of transport. A specific receptor on the cell surface binds tightly to the extracellular macromolecule (the ligand) that it recognizes; the plasma-membrane region containing the receptor-ligand complex then undergoes endocytosis, forming a transport vesicle containing the receptor-ligand complex and excluding most other plasma-membrane proteins. Receptor-mediated endocytosis generally occurs via clathrin-coated pits and vesicles."" [GOC:mah, ISBN:0716731363]",264,520,14,20972,0.026923076923076925,0.05303030303030303,query_1,['GO:0006897']
GO:BP,GO:2000181,negative regulation of blood vessel morphogenesis,0.045328194912450485,True,"""Any process that stops, prevents, or reduces the frequency, rate or extent of blood vessel morphogenesis."" [GOC:dph, GOC:yaf]",111,520,8,20972,0.015384615384615385,0.07207207207207207,query_1,"['GO:0022603', 'GO:0048514', 'GO:1901343']"
GO:BP,GO:0048754,branching morphogenesis of an epithelial tube,0.045328194912450485,True,"""The process in which the anatomical structures of branches in an epithelial tube are generated and organized. A tube is a long hollow cylinder."" [GOC:dgh, GOC:dph, GOC:jid]",159,520,10,20972,0.019230769230769232,0.06289308176100629,query_1,"['GO:0035239', 'GO:0060562', 'GO:0061138']"
GO:BP,GO:0009060,aerobic respiration,0.04568636588342589,True,"""The enzymatic release of energy from inorganic and organic compounds (especially carbohydrates and fats) which requires oxygen as the terminal electron acceptor."" [GOC:das, GOC:jl, ISBN:0140513590]",292,520,15,20972,0.028846153846153848,0.05136986301369863,query_1,['GO:0045333']
GO:BP,GO:1902532,negative regulation of intracellular signal transduction,0.04568636588342589,True,"""Any process that stops, prevents or reduces the frequency, rate or extent of intracellular signal transduction."" [GOC:dph, GOC:signaling, GOC:tb, GOC:TermGenie]",681,520,28,20972,0.05384615384615385,0.041116005873715125,query_1,"['GO:0009968', 'GO:0035556', 'GO:1902531']"
GO:BP,GO:0034765,regulation of monoatomic ion transmembrane transport,0.04568636588342589,True,"""Any process that modulates the frequency, rate or extent of the directed movement of ions from one side of a membrane to the other."" [GOC:mah]",292,520,15,20972,0.028846153846153848,0.05136986301369863,query_1,"['GO:0034220', 'GO:0034762', 'GO:0043269']"
GO:BP,GO:1905145,cellular response to acetylcholine,0.04571568562300673,True,"""Any process that results in a change in state or activity of a cell (in terms of movement, secretion, enzyme production, gene expression, etc.) as a result of an acetylcholine stimulus."" [GO_REF:0000071, GOC:TermGenie, PMID:21238497]",48,520,5,20972,0.009615384615384616,0.10416666666666667,query_1,"['GO:1901699', 'GO:1901701', 'GO:1905144']"
GO:BP,GO:0060038,cardiac muscle cell proliferation,0.04571568562300673,True,"""The expansion of a cardiac muscle cell population by cell division."" [GOC:dph, GOC:rph, PMID:11161571]",48,520,5,20972,0.009615384615384616,0.10416666666666667,query_1,"['GO:0014855', 'GO:0055017']"
GO:BP,GO:0061383,trabecula morphogenesis,0.04571568562300673,True,"""The process of shaping a trabecula in an organ. A trabecula is a small, often microscopic, tissue element in the form of a small beam, strut or rod, which generally has a mechanical function. Trabecula are usually but not necessarily, composed of dense collagenous tissue."" [GOC:dph]",48,520,5,20972,0.009615384615384616,0.10416666666666667,query_1,['GO:0009653']
GO:BP,GO:0010799,regulation of peptidyl-threonine phosphorylation,0.04637798792391218,True,"""Any process that modulates the frequency, rate or extent of peptidyl-threonine phosphorylation. Peptidyl-threonine phosphorylation is the phosphorylation of peptidyl-threonine to form peptidyl-O-phospho-L-threonine."" [GOC:dph, GOC:tb]",16,520,3,20972,0.0057692307692307696,0.1875,query_1,"['GO:0001932', 'GO:0018107']"
GO:BP,GO:0061050,regulation of cell growth involved in cardiac muscle cell development,0.04637798792391218,True,"""Any process that modulates the rate, frequency, or extent of the growth of a cardiac muscle cell, where growth contributes to the progression of the cell over time from its initial formation to its mature state."" [GOC:dph]",16,520,3,20972,0.0057692307692307696,0.1875,query_1,"['GO:0001558', 'GO:0055021', 'GO:0061049']"
GO:BP,GO:1903729,regulation of plasma membrane organization,0.04637798792391218,True,"""Any process that modulates the frequency, rate or extent of plasma membrane organization."" [GO_REF:0000058, GOC:TermGenie, PMID:24514900]",16,520,3,20972,0.0057692307692307696,0.1875,query_1,"['GO:0007009', 'GO:0051128']"
GO:BP,GO:0045934,negative regulation of nucleobase-containing compound metabolic process,0.04637798792391218,True,"""Any cellular process that stops, prevents, or reduces the frequency, rate or extent of the chemical reactions and pathways involving nucleobases, nucleosides, nucleotides and nucleic acids."" [GOC:go_curators]",1510,520,53,20972,0.10192307692307692,0.035099337748344374,query_1,"['GO:0006139', 'GO:0009892', 'GO:0019219']"
GO:BP,GO:0035265,organ growth,0.04655104651245761,True,"""The increase in size or mass of an organ. Organs are commonly observed as visibly distinct structures, but may also exist as loosely associated clusters of cells that function together as to perform a specific function."" [GOC:bf, ISBN:0471245208, ISBN:0721662544]",160,520,10,20972,0.019230769230769232,0.0625,query_1,"['GO:0032501', 'GO:0048589']"
GO:BP,GO:1901343,negative regulation of vasculature development,0.04709155713814126,True,"""Any process that stops, prevents or reduces the frequency, rate or extent of vasculature development."" [GOC:TermGenie]",112,520,8,20972,0.015384615384615385,0.07142857142857142,query_1,"['GO:0001944', 'GO:0051093', 'GO:0051241', 'GO:1901342']"
GO:BP,GO:0007416,synapse assembly,0.0475320120586257,True,"""The aggregation, arrangement and bonding together of a set of components to form a synapse. This process ends when the synapse is mature (functional)."" [GOC:mah]",266,520,14,20972,0.026923076923076925,0.05263157894736842,query_1,"['GO:0007399', 'GO:0034329', 'GO:0050808']"
GO:BP,GO:0001778,plasma membrane repair,0.04760250496634999,True,"""The resealing of a cell plasma membrane after cellular wounding due to, for instance, mechanical stress."" [GOC:add, PMID:12925704]",31,520,4,20972,0.007692307692307693,0.12903225806451613,query_1,"['GO:0007009', 'GO:0042060']"
GO:BP,GO:0035270,endocrine system development,0.04760250496634999,True,"""Progression of the endocrine system over time, from its formation to a mature structure. The endocrine system is a system of hormones and ductless glands, where the glands release hormones directly into the blood, lymph or other intercellular fluid, and the hormones circulate within the body to affect distant organs. The major glands that make up the human endocrine system are the hypothalamus, pituitary, thyroid, parathryoids, adrenals, pineal body, and the reproductive glands which include the ovaries and testes."" [GOC:bf, Wikipedia:Development_of_the_endocrine_system]",136,520,9,20972,0.01730769230769231,0.0661764705882353,query_1,['GO:0048731']
GO:BP,GO:0090382,phagosome maturation,0.04760250496634999,True,"""A process that is carried out at the cellular level which results in the arrangement of constituent parts of a phagosome within a cell. Phagosome maturation begins with endocytosis and formation of the early phagosome and ends with the formation of the hybrid organelle, the phagolysosome."" [GOC:kmv, GOC:tb]",31,520,4,20972,0.007692307692307693,0.12903225806451613,query_1,['GO:0006996']
GO:BP,GO:2000352,negative regulation of endothelial cell apoptotic process,0.04760250496634999,True,"""Any process that stops, prevents or reduces the frequency, rate or extent of endothelial cell apoptotic process."" [GOC:BHF, GOC:mah, GOC:mtg_apoptosis]",31,520,4,20972,0.007692307692307693,0.12903225806451613,query_1,"['GO:0043066', 'GO:0072577', 'GO:2000351']"
GO:BP,GO:0036314,response to sterol,0.04760250496634999,True,"""Any process that results in a change in state or activity of a cell or an organism (in terms of movement, secretion, enzyme production, gene expression, etc.) as a result of a sterol stimulus."" [GOC:bf]",31,520,4,20972,0.007692307692307693,0.12903225806451613,query_1,"['GO:0033993', 'GO:1901700']"
GO:BP,GO:0010605,negative regulation of macromolecule metabolic process,0.047905360418209364,True,"""Any process that decreases the frequency, rate or extent of the chemical reactions and pathways involving macromolecules, any molecule of high relative molecular mass, the structure of which essentially comprises the multiple repetition of units derived, actually or conceptually, from molecules of low relative molecular mass."" [GOC:dph, GOC:tb]",3080,520,97,20972,0.18653846153846154,0.03149350649350649,query_1,"['GO:0009892', 'GO:0043170', 'GO:0060255']"
GO:BP,GO:0045892,negative regulation of DNA-templated transcription,0.047905360418209364,True,"""Any process that stops, prevents, or reduces the frequency, rate or extent of cellular DNA-templated transcription."" [GOC:go_curators, GOC:txnOH]",1275,520,46,20972,0.08846153846153847,0.03607843137254902,query_1,"['GO:0006351', 'GO:0006355', 'GO:1902679']"
GO:BP,GO:0045321,leukocyte activation,0.04799209158220849,True,"""A change in morphology and behavior of a leukocyte resulting from exposure to a specific antigen, mitogen, cytokine, cellular ligand, or soluble factor."" [GOC:add]",975,520,37,20972,0.07115384615384615,0.03794871794871795,query_1,"['GO:0001775', 'GO:0002376']"
GO:BP,GO:2000628,regulation of miRNA metabolic process,0.04819738615204248,True,"""Any process that modulates the frequency, rate or extent of miRNA metabolic process."" [GOC:dph]",90,520,7,20972,0.013461538461538462,0.07777777777777778,query_1,"['GO:0010586', 'GO:0051252']"
GO:BP,GO:0072091,regulation of stem cell proliferation,0.04819738615204248,True,"""Any process that modulates the frequency, rate or extent of stem cell proliferation. A stem cell is a cell that retains the ability to divide and proliferate throughout life to provide progenitor cells that can differentiate into specialized cells."" [GOC:mtg_kidney_jan10]",90,520,7,20972,0.013461538461538462,0.07777777777777778,query_1,"['GO:0042127', 'GO:0072089']"
GO:BP,GO:0033628,regulation of cell adhesion mediated by integrin,0.04882176097947159,True,"""Any process that modulates the frequency, rate, or extent of cell adhesion mediated by integrin."" [GOC:add]",49,520,5,20972,0.009615384615384616,0.10204081632653061,query_1,"['GO:0030155', 'GO:0033627']"
GO:BP,GO:0009150,purine ribonucleotide metabolic process,0.04883647124569297,True,"""The chemical reactions and pathways involving a purine ribonucleotide, a compound consisting of ribonucleoside (a purine base linked to a ribose sugar) esterified with a phosphate group at either the 3' or 5'-hydroxyl group of the sugar."" [GOC:go_curators, ISBN:0198506732]",352,520,17,20972,0.032692307692307694,0.048295454545454544,query_1,"['GO:0006163', 'GO:0009259']"
GO:BP,GO:0019693,ribose phosphate metabolic process,0.04883647124569297,True,"""The chemical reactions and pathways involving ribose phosphate, any phosphorylated ribose sugar."" [GOC:ai]",381,520,18,20972,0.03461538461538462,0.047244094488188976,query_1,"['GO:0006796', 'GO:0019637', 'GO:1901135']"
GO:BP,GO:0030048,actin filament-based movement,0.04915098684141555,True,"""Movement of organelles or other particles along actin filaments, or sliding of actin filaments past each other, mediated by motor proteins."" [GOC:BHF, GOC:mah]",137,520,9,20972,0.01730769230769231,0.06569343065693431,query_1,['GO:0030029']
REAC,REAC:R-HSA-9006936,Signaling by TGFB family members,0.04917630250208182,True,Signaling by TGFB family members,156,322,12,11056,0.037267080745341616,0.07692307692307693,query_1,['REAC:R-HSA-162582']
GO:BP,GO:0050709,negative regulation of protein secretion,0.04918650547545067,True,"""Any process that stops, prevents, or reduces the frequency, rate or extent of the controlled release of a protein from a cell."" [GOC:ai]",69,520,6,20972,0.011538461538461539,0.08695652173913043,query_1,"['GO:0009306', 'GO:0050708', 'GO:0051224', 'GO:1903531']"
GO:BP,GO:1901184,regulation of ERBB signaling pathway,0.04918650547545067,True,"""Any process that modulates the frequency, rate or extent of ERBB signaling pathway."" [GOC:BHF, GOC:TermGenie]",69,520,6,20972,0.011538461538461539,0.08695652173913043,query_1,"['GO:0009966', 'GO:0038127']"
GO:BP,GO:0061572,actin filament bundle organization,0.04945311771045513,True,"""A process that results in the assembly, arrangement of constituent parts, or disassembly of an actin filament bundle."" [GOC:dph]",162,520,10,20972,0.019230769230769232,0.06172839506172839,query_1,['GO:0007015']
GO:BP,GO:0006937,regulation of muscle contraction,0.04945311771045513,True,"""Any process that modulates the frequency, rate or extent of muscle contraction."" [GOC:go_curators]",162,520,10,20972,0.019230769230769232,0.06172839506172839,query_1,"['GO:0006936', 'GO:0090257']"
GO:BP,GO:0061024,membrane organization,0.049795576801770026,True,"""A process which results in the assembly, arrangement of constituent parts, or disassembly of a membrane. A membrane is a double layer of lipid molecules that encloses all cells, and, in eukaryotes, many organelles; may be a single or double lipid bilayer; also includes associated proteins."" [GOC:dph, GOC:tb]",783,520,31,20972,0.05961538461538462,0.03959131545338442,query_1,['GO:0016043']
