source,native,name,p_value,significant,description,term_size,query_size,intersection_size,effective_domain_size,precision,recall,query,parents
GO:BP,GO:0050896,response to stimulus,1.1183619334522202e-34,True,"""Any process that results in a change in state or activity of a cell or an organism (in terms of movement, secretion, enzyme production, gene expression, etc.) as a result of a stimulus. The process begins with detection of the stimulus and ends with a change in state or activity or the cell or organism."" [GOC:ai, GOC:bf]",9051,959,609,20972,0.635036496350365,0.06728538283062645,query_1,['GO:0008150']
GO:BP,GO:0051716,cellular response to stimulus,3.0385450139222037e-29,True,"""Any process that results in a change in state or activity of a cell (in terms of movement, secretion, enzyme production, gene expression, etc.) as a result of a stimulus. The process begins with detection of the stimulus by a cell and ends with a change in state or activity or the cell."" [GOC:bf, GOC:jl]",7425,959,516,20972,0.5380604796663191,0.0694949494949495,query_1,"['GO:0009987', 'GO:0050896']"
GO:BP,GO:0007154,cell communication,1.989210354930142e-28,True,"""Any process that mediates interactions between a cell and its surroundings. Encompasses interactions such as signaling or attachment between one cell and another cell, between a cell and an extracellular matrix, or between a cell and any other aspect of its environment."" [GOC:mah]",6598,959,472,20972,0.4921793534932221,0.07153682934222491,query_1,['GO:0009987']
GO:BP,GO:0023052,signaling,3.2270328291791965e-28,True,"""The entirety of a process in which information is transmitted within a biological system. This process begins with an active signal and ends when a cellular response has been triggered."" [GOC:mtg_signal, GOC:mtg_signaling_feb11, GOC:signaling]",6558,959,469,20972,0.48905109489051096,0.07151570600792925,query_1,['GO:0050789']
GO:BP,GO:0007165,signal transduction,9.974323027962515e-28,True,"""The cellular process in which a signal is conveyed to trigger a change in the activity or state of a cell. Signal transduction begins with reception of a signal (e.g. a ligand binding to a receptor or receptor activation by a stimulus such as light), or for signal transduction in the absence of ligand, signal-withdrawal or the activity of a constitutively active receptor. Signal transduction ends with regulation of a downstream cellular process, e.g. regulation of transcription or regulation of a metabolic process. Signal transduction covers signaling from receptors located on the surface of the cell and signaling via molecules located within the cell. For signaling between cells, signal transduction is restricted to events at and within the receiving cell."" [GOC:go_curators, GOC:mtg_signaling_feb11]",6063,959,442,20972,0.4608967674661105,0.07290120402441036,query_1,"['GO:0007154', 'GO:0009987', 'GO:0023052', 'GO:0050794', 'GO:0051716']"
GO:BP,GO:0032501,multicellular organismal process,1.8875344330619723e-27,True,"""Any biological process, occurring at the level of a multicellular organism, pertinent to its function."" [GOC:curators, GOC:dph, GOC:isa_complete, GOC:tb]",7337,959,505,20972,0.5265901981230449,0.06882922175275999,query_1,['GO:0008150']
GO:BP,GO:0048583,regulation of response to stimulus,3.991614938125871e-27,True,"""Any process that modulates the frequency, rate or extent of a response to a stimulus. Response to stimulus is a change in state or activity of a cell or an organism (in terms of movement, secretion, enzyme production, gene expression, etc.) as a result of a stimulus."" [GOC:jid]",3993,959,328,20972,0.3420229405630866,0.08214375156523916,query_1,"['GO:0050789', 'GO:0050896']"
GO:BP,GO:0065007,biological regulation,6.20728554694624e-25,True,"""Any process that modulates a measurable attribute of any biological process, quality or function."" [GOC:dph, GOC:isa_complete, GOC:mah, GOC:pr, GOC:vw]",12804,959,741,20972,0.7726798748696558,0.057872539831302715,query_1,['GO:0008150']
GO:BP,GO:0009966,regulation of signal transduction,1.1085713627455117e-24,True,"""Any process that modulates the frequency, rate or extent of signal transduction."" [GOC:sm]",3031,959,265,20972,0.27632950990615224,0.08742989112504124,query_1,"['GO:0007165', 'GO:0010646', 'GO:0023051', 'GO:0048583']"
GO:BP,GO:0050789,regulation of biological process,7.261981700950656e-24,True,"""Any process that modulates the frequency, rate or extent of a biological process. Biological processes are regulated by many means; examples include the control of gene expression, protein modification or interaction with a protein or substrate molecule."" [GOC:ai, GOC:go_curators]",12397,959,721,20972,0.7518248175182481,0.05815923207227555,query_1,"['GO:0008150', 'GO:0065007']"
GO:BP,GO:0010646,regulation of cell communication,7.352286430442949e-24,True,"""Any process that modulates the frequency, rate or extent of cell communication. Cell communication is the process that mediates interactions between a cell and its surroundings. Encompasses interactions such as signaling or attachment between one cell and another cell, between a cell and an extracellular matrix, or between a cell and any other aspect of its environment."" [GOC:dph, GOC:tb]",3480,959,289,20972,0.3013555787278415,0.08304597701149426,query_1,"['GO:0007154', 'GO:0050794']"
GO:BP,GO:0023051,regulation of signaling,1.100429276980103e-23,True,"""Any process that modulates the frequency, rate or extent of a signaling process."" [GOC:mtg_signal]",3473,959,288,20972,0.30031282586027114,0.08292542470486611,query_1,"['GO:0023052', 'GO:0050789']"
GO:BP,GO:0032502,developmental process,6.206417185599778e-23,True,"""A biological process whose specific outcome is the progression of an integrated living unit: an anatomical structure (which may be a subcellular structure, cell, tissue, or organ), or organism over time from an initial condition to a later condition."" [GOC:isa_complete]",6535,959,450,20972,0.4692387904066736,0.06885998469778118,query_1,['GO:0008150']
GO:BP,GO:0048518,positive regulation of biological process,8.215585734495456e-23,True,"""Any process that activates or increases the frequency, rate or extent of a biological process. Biological processes are regulated by many means; examples include the control of gene expression, protein modification or interaction with a protein or substrate molecule."" [GOC:jid]",6150,959,430,20972,0.4483837330552659,0.06991869918699187,query_1,"['GO:0008150', 'GO:0050789']"
GO:BP,GO:0008283,cell population proliferation,1.9366037723191942e-22,True,"""The multiplication or reproduction of cells, resulting in the expansion of a cell population."" [GOC:mah, GOC:mb]",1961,959,192,20972,0.20020855057351408,0.09790922998470168,query_1,['GO:0009987']
GO:BP,GO:0007275,multicellular organism development,1.9366037723191942e-22,True,"""The biological process whose specific outcome is the progression of a multicellular organism over time from an initial condition (e.g. a zygote or a young adult) to a later condition (e.g. a multicellular animal or an aged adult)."" [GOC:dph, GOC:ems, GOC:isa_complete, GOC:tb]",4690,959,352,20972,0.3670490093847758,0.07505330490405117,query_1,"['GO:0032501', 'GO:0048856']"
GO:BP,GO:0048856,anatomical structure development,2.205352154414579e-22,True,"""The biological process whose specific outcome is the progression of an anatomical structure from an initial condition to its mature state. This process begins with the formation of the structure and ends with the mature structure, whatever form that may be including its natural destruction. An anatomical structure is any biological entity that occupies space and is distinguished from its surroundings. Anatomical structures can be macroscopic such as a carpel, or microscopic such as an acrosome."" [GO_REF:0000021]",5948,959,418,20972,0.4358706986444213,0.07027572293207801,query_1,['GO:0032502']
GO:BP,GO:0042221,response to chemical,4.92024001081856e-22,True,"""Any process that results in a change in state or activity of a cell or an organism (in terms of movement, secretion, enzyme production, gene expression, etc.) as a result of a chemical stimulus."" [GOC:jl]",3863,959,305,20972,0.3180396246089677,0.07895418068858401,query_1,['GO:0050896']
GO:BP,GO:0070887,cellular response to chemical stimulus,5.266317975930415e-22,True,"""Any process that results in a change in state or activity of a cell (in terms of movement, secretion, enzyme production, gene expression, etc.) as a result of a chemical stimulus."" [GOC:mah]",2199,959,206,20972,0.21480709071949947,0.09367894497498863,query_1,"['GO:0042221', 'GO:0051716']"
GO:BP,GO:0016477,cell migration,5.603565427957012e-22,True,"""The controlled self-propelled movement of a cell from one site to a destination guided by molecular cues."" [GOC:cjm, GOC:dph, GOC:ems, GOC:pf, Wikipedia:Cell_migration]",1532,959,162,20972,0.1689259645464025,0.10574412532637076,query_1,['GO:0048870']
GO:BP,GO:0051239,regulation of multicellular organismal process,6.931379174079881e-22,True,"""Any process that modulates the frequency, rate or extent of a multicellular organismal process, the processes pertinent to the function of a multicellular organism above the cellular level; includes the integrated processes of tissues and organs."" [GOC:ai, GOC:dph, GOC:tb]",2923,959,250,20972,0.26068821689259647,0.08552856654122477,query_1,"['GO:0032501', 'GO:0050789']"
GO:BP,GO:0048522,positive regulation of cellular process,8.0558927858058415e-22,True,"""Any process that activates or increases the frequency, rate or extent of a cellular process, any of those that are carried out at the cellular level, but are not necessarily restricted to a single cell. For example, cell communication occurs among more than one cell, but occurs at the cellular level."" [GOC:jid]",5739,959,405,20972,0.42231491136600624,0.0705697856769472,query_1,"['GO:0009987', 'GO:0048518', 'GO:0050794']"
GO:BP,GO:0048731,system development,8.0558927858058415e-22,True,"""The process whose specific outcome is the progression of an organismal system over time, from its formation to the mature structure. A system is a regularly interacting or interdependent group of organs or tissues that work together to carry out a given biological process."" [GOC:dph, GOC:jid]",4023,959,313,20972,0.32638164754953075,0.07780263484961472,query_1,"['GO:0007275', 'GO:0048856']"
GO:BP,GO:0009653,anatomical structure morphogenesis,9.5896405175884e-22,True,"""The process in which anatomical structures are generated and organized. Morphogenesis pertains to the creation of form."" [GOC:go_curators, ISBN:0521436125]",2699,959,236,20972,0.24608967674661106,0.08743979251574657,query_1,"['GO:0032502', 'GO:0048856']"
GO:BP,GO:0042127,regulation of cell population proliferation,1.6185303701001893e-21,True,"""Any process that modulates the frequency, rate or extent of cell proliferation."" [GOC:jl]",1639,959,168,20972,0.17518248175182483,0.10250152532031727,query_1,"['GO:0008283', 'GO:0050794']"
GO:BP,GO:1901700,response to oxygen-containing compound,1.8674966218787583e-20,True,"""Any process that results in a change in state or activity of a cell or an organism (in terms of movement, secretion, enzyme production, gene expression, etc.) as a result of an oxygen-containing compound stimulus."" [GOC:pr, GOC:TermGenie]",1632,959,165,20972,0.17205422314911367,0.10110294117647059,query_1,['GO:0042221']
GO:BP,GO:0050794,regulation of cellular process,6.420837610551421e-20,True,"""Any process that modulates the frequency, rate or extent of a cellular process, any of those that are carried out at the cellular level, but are not necessarily restricted to a single cell. For example, cell communication occurs among more than one cell, but occurs at the cellular level."" [GOC:go_curators]",11962,959,689,20972,0.7184567257559958,0.05759906370172212,query_1,"['GO:0009987', 'GO:0050789']"
GO:BP,GO:0007166,cell surface receptor signaling pathway,1.249979444143136e-19,True,"""The series of molecular signals initiated by an extracellular ligand binding to a receptor located on the cell surface. The pathway ends with regulation of a downstream cellular process, e.g. transcription."" [GOC:signaling]",2834,959,238,20972,0.24817518248175183,0.0839802399435427,query_1,['GO:0007165']
GO:BP,GO:0048585,negative regulation of response to stimulus,3.066967199305905e-19,True,"""Any process that stops, prevents, or reduces the frequency, rate or extent of a response to a stimulus. Response to stimulus is a change in state or activity of a cell or an organism (in terms of movement, secretion, enzyme production, gene expression, etc.) as a result of a stimulus."" [GOC:jid]",1693,959,166,20972,0.17309697601668406,0.0980507974010632,query_1,"['GO:0048519', 'GO:0048583', 'GO:0050896']"
GO:BP,GO:0048513,animal organ development,4.904123799885777e-19,True,"""Development of a tissue or tissues that work together to perform a specific function or functions. Development pertains to the process whose specific outcome is the progression of a structure over time, from its formation to the mature structure. Organs are commonly observed as visibly distinct structures, but may also exist as loosely associated clusters of cells that work together to perform a specific function or functions."" [GOC:dph, GOC:jid]",3018,959,247,20972,0.2575599582898853,0.08184227965540093,query_1,['GO:0048856']
GO:BP,GO:0009719,response to endogenous stimulus,7.012402996176803e-19,True,"""Any process that results in a change in state or activity of a cell or an organism (in terms of movement, secretion, enzyme production, gene expression, etc.) as a result of a stimulus arising within the organism."" [GOC:sm]",1467,959,150,20972,0.15641293013555788,0.10224948875255624,query_1,['GO:0050896']
GO:BP,GO:0040011,locomotion,7.454293460335934e-19,True,"""Self-propelled movement of a cell or organism from one location to another."" [GOC:dgh]",1236,959,134,20972,0.1397288842544317,0.10841423948220065,query_1,['GO:0008150']
GO:BP,GO:0050793,regulation of developmental process,1.0392968172931516e-18,True,"""Any process that modulates the frequency, rate or extent of development, the biological process whose specific outcome is the progression of a multicellular organism over time from an initial condition (e.g. a zygote, or a young adult) to a later condition (e.g. a multicellular animal or an aged adult)."" [GOC:go_curators]",2431,959,211,20972,0.22002085505735142,0.08679555738379267,query_1,"['GO:0032502', 'GO:0050789']"
GO:BP,GO:0048870,cell motility,1.1275796519818991e-18,True,"""Any process involved in the controlled self-propelled movement of a cell that results in translocation of the cell from one place to another."" [GOC:dgh, GOC:dph, GOC:isa_complete, GOC:mlg]",1794,959,171,20972,0.17831074035453598,0.09531772575250837,query_1,['GO:0009987']
GO:BP,GO:0007155,cell adhesion,1.6758278931960602e-18,True,"""The attachment of a cell, either to another cell or to an underlying substrate such as the extracellular matrix, via cell adhesion molecules."" [GOC:hb, GOC:pf]",1512,959,152,20972,0.15849843587069865,0.10052910052910052,query_1,['GO:0009987']
GO:BP,GO:0071495,cellular response to endogenous stimulus,5.908164278577418e-18,True,"""Any process that results in a change in state or activity of a cell (in terms of movement, secretion, enzyme production, gene expression, etc.) as a result of a stimulus arising within the organism."" [GOC:mah]",1238,959,132,20972,0.13764337851929093,0.10662358642972536,query_1,['GO:0009719']
GO:BP,GO:0009888,tissue development,6.118033012779725e-18,True,"""The process whose specific outcome is the progression of a tissue over time, from its formation to the mature structure."" [ISBN:0471245208]",2014,959,183,20972,0.1908237747653806,0.09086395233366434,query_1,['GO:0048856']
GO:BP,GO:0030334,regulation of cell migration,4.6721215263443484e-17,True,"""Any process that modulates the frequency, rate or extent of cell migration."" [GOC:go_curators]",944,959,109,20972,0.11366006256517205,0.11546610169491525,query_1,"['GO:0016477', 'GO:2000145']"
GO:BP,GO:0040012,regulation of locomotion,6.859990047381106e-17,True,"""Any process that modulates the frequency, rate or extent of locomotion of a cell or organism."" [GOC:ems]",1046,959,116,20972,0.12095933263816476,0.11089866156787763,query_1,"['GO:0040011', 'GO:0050789']"
GO:BP,GO:0141124,intracellular signaling cassette,1.3191769745911803e-16,True,"""An intracellular signaling module that is part of larger signaling pathways that can be initiated either intracellularly or by cell surface receptors. Intracellular signaling cassettes are discrete signaling units that are often shared by multiple signaling pathways."" [GOC:ha, GOC:pg]",1866,959,170,20972,0.1772679874869656,0.09110396570203644,query_1,['GO:0035556']
GO:BP,GO:0035295,tube development,2.7754322540579057e-16,True,"""The process whose specific outcome is the progression of a tube over time, from its initial formation to a mature structure. Epithelial and endothelial tubes transport gases, liquids and cells from one site to another and form the basic structure of many organs and tissues including lung and trachea, kidney, the mammary gland, the vascular system and the gastrointestinal and urinary-genital tracts."" [PMID:12526790]",1094,959,118,20972,0.12304483837330553,0.10786106032906764,query_1,"['GO:0007275', 'GO:0048856']"
GO:BP,GO:0007167,enzyme-linked receptor protein signaling pathway,4.396383260732136e-16,True,"""The series of molecular signals initiated by an extracellular ligand binding to a receptor on the surface of the target cell, where the receptor possesses catalytic activity or is closely associated with an enzyme such as a protein kinase, and ending with the regulation of a downstream cellular process, e.g. transcription."" [GOC:mah, GOC:signaling, ISBN:0815316194]",988,959,110,20972,0.11470281543274244,0.11133603238866396,query_1,['GO:0007166']
GO:BP,GO:0051240,positive regulation of multicellular organismal process,4.576208568322126e-16,True,"""Any process that activates or increases the frequency, rate or extent of an organismal process, any of the processes pertinent to the function of an organism above the cellular level; includes the integrated processes of tissues and organs."" [GOC:ai]",1639,959,154,20972,0.16058394160583941,0.09395973154362416,query_1,"['GO:0032501', 'GO:0048518', 'GO:0051239']"
GO:BP,GO:2000145,regulation of cell motility,5.264640642194953e-16,True,"""Any process that modulates the frequency, rate or extent of cell motility."" [GOC:mah]",1005,959,111,20972,0.11574556830031282,0.11044776119402985,query_1,"['GO:0040012', 'GO:0048870', 'GO:0050794']"
GO:BP,GO:0030154,cell differentiation,9.228715510844187e-16,True,"""The cellular developmental process in which a relatively unspecialized cell, e.g. embryonic or regenerative cell, acquires specialized structural and/or functional features that characterize a specific cell. Differentiation includes the processes involved in commitment of a cell to a specific fate and its subsequent development to the mature state."" [ISBN:0198506732]",4443,959,315,20972,0.3284671532846715,0.07089804186360567,query_1,['GO:0048869']
GO:BP,GO:0048869,cellular developmental process,9.34139286447943e-16,True,"""A biological process whose specific outcome is the progression of a cell over time from an initial condition to a later condition."" [GOC:isa_complete]",4444,959,315,20972,0.3284671532846715,0.07088208820882089,query_1,"['GO:0009987', 'GO:0032502']"
GO:BP,GO:0001503,ossification,1.125495809792668e-15,True,"""The formation of bone or of a bony substance, or the conversion of fibrous tissue or of cartilage into bone or a bony substance."" [GOC:mtg_mpo, PMID:17572649]",424,959,65,20972,0.06777893639207508,0.15330188679245282,query_1,['GO:0032501']
GO:BP,GO:0035556,intracellular signal transduction,1.9924831216972076e-15,True,"""The process in which a signal is passed on to downstream components within the cell, which become activated themselves to further propagate the signal and finally trigger a change in the function or state of the cell."" [GOC:bf, GOC:jl, GOC:signaling, ISBN:3527303782]",2963,959,232,20972,0.24191866527632952,0.07829902126223422,query_1,['GO:0007165']
GO:BP,GO:0048519,negative regulation of biological process,3.336118576474141e-15,True,"""Any process that stops, prevents, or reduces the frequency, rate or extent of a biological process. Biological processes are regulated by many means; examples include the control of gene expression, protein modification or interaction with a protein or substrate molecule."" [GOC:jid]",5753,959,381,20972,0.397288842544317,0.06622631670432817,query_1,"['GO:0008150', 'GO:0050789']"
GO:BP,GO:0001944,vasculature development,3.58691109091785e-15,True,"""The process whose specific outcome is the progression of the vasculature over time, from its formation to the mature structure. The vasculature is an interconnected tubular multi-tissue structure that contains fluid that is actively transported around the organism."" [GOC:dph, UBERON:0002409]",758,959,91,20972,0.0948905109489051,0.12005277044854881,query_1,"['GO:0048731', 'GO:0072359']"
GO:BP,GO:0009968,negative regulation of signal transduction,3.602359168808219e-15,True,"""Any process that stops, prevents, or reduces the frequency, rate or extent of signal transduction."" [GOC:sm]",1341,959,132,20972,0.13764337851929093,0.09843400447427293,query_1,"['GO:0007165', 'GO:0009966', 'GO:0010648', 'GO:0023057', 'GO:0048585']"
GO:BP,GO:0072359,circulatory system development,3.736412175285658e-15,True,"""The process whose specific outcome is the progression of the circulatory system over time, from its formation to the mature structure. The circulatory system is the organ system that passes nutrients (such as amino acids and electrolytes), gases, hormones, blood cells, etc. to and from cells in the body to help fight diseases and help stabilize body temperature and pH to maintain homeostasis."" [GOC:mah, UBERON:0001009]",1135,959,118,20972,0.12304483837330553,0.10396475770925111,query_1,['GO:0048731']
GO:BP,GO:0030198,extracellular matrix organization,6.816862001336672e-15,True,"""A process that is carried out at the cellular level which results in the assembly, arrangement of constituent parts, or disassembly of an extracellular matrix."" [GOC:mah]",307,959,53,20972,0.05526590198123045,0.17263843648208468,query_1,"['GO:0043062', 'GO:0045229']"
GO:BP,GO:0001568,blood vessel development,6.9546126065793744e-15,True,"""The process whose specific outcome is the progression of a blood vessel over time, from its formation to the mature structure. The blood vessel is the vasculature carrying blood."" [GOC:hjd, UBERON:0001981]",727,959,88,20972,0.09176225234619395,0.12104539202200826,query_1,"['GO:0001944', 'GO:0048856']"
GO:BP,GO:0043062,extracellular structure organization,7.594641310370633e-15,True,"""A process that is carried out at the cellular level which results in the assembly, arrangement of constituent parts, or disassembly of structures in the space external to the outermost structure of a cell. For cells without external protective or external encapsulating structures this refers to space outside of the plasma membrane, and also covers the host cell environment outside an intracellular parasite."" [GOC:ai, GOC:dph, GOC:jl, GOC:mah]",308,959,53,20972,0.05526590198123045,0.17207792207792208,query_1,['GO:0016043']
GO:BP,GO:0045229,external encapsulating structure organization,8.61785242825711e-15,True,"""A process that is carried out at the cellular level which results in the assembly, arrangement of constituent parts, or disassembly of external structures that lie outside the plasma membrane and surround the entire cell."" [GOC:ai, GOC:dph, GOC:jl, GOC:mah]",309,959,53,20972,0.05526590198123045,0.1715210355987055,query_1,['GO:0016043']
GO:BP,GO:0023057,negative regulation of signaling,2.108155710231669e-14,True,"""Any process that stops, prevents, or reduces the frequency, rate or extent of a signaling process."" [GOC:mtg_signal]",1449,959,137,20972,0.14285714285714285,0.0945479641131815,query_1,"['GO:0023051', 'GO:0023052', 'GO:0048519']"
GO:BP,GO:0035239,tube morphogenesis,2.108155710231669e-14,True,"""The process in which the anatomical structures of a tube are generated and organized. Epithelial and endothelial tubes transport gases, liquids and cells from one site to another and form the basic structure of many organs and tissues, with tube shape and organization varying from the single-celled excretory organ in Caenorhabditis elegans to the branching trees of the mammalian kidney and insect tracheal system."" [GOC:bf, PMID:14624839]",877,959,98,20972,0.10218978102189781,0.11174458380843785,query_1,"['GO:0009653', 'GO:0035295']"
GO:BP,GO:1901701,cellular response to oxygen-containing compound,2.2706328308607766e-14,True,"""Any process that results in a change in state or activity of a cell (in terms of movement, secretion, enzyme production, gene expression, etc.) as a result of an oxygen-containing compound stimulus."" [GOC:pr, GOC:TermGenie]",1194,959,120,20972,0.1251303441084463,0.10050251256281408,query_1,"['GO:0070887', 'GO:1901700']"
GO:BP,GO:0010648,negative regulation of cell communication,4.808254261970769e-14,True,"""Any process that decreases the frequency, rate or extent of cell communication. Cell communication is the process that mediates interactions between a cell and its surroundings. Encompasses interactions such as signaling or attachment between one cell and another cell, between a cell and an extracellular matrix, or between a cell and any other aspect of its environment."" [GOC:dph, GOC:tb]",1449,959,136,20972,0.14181438998957246,0.09385783298826778,query_1,"['GO:0007154', 'GO:0010646', 'GO:0048523']"
GO:BP,GO:0009605,response to external stimulus,5.136365071822845e-14,True,"""Any process that results in a change in state or activity of a cell or an organism (in terms of movement, secretion, enzyme production, gene expression, etc.) as a result of an external stimulus."" [GOC:hb]",2427,959,196,20972,0.20437956204379562,0.080758137618459,query_1,['GO:0050896']
GO:BP,GO:1902531,regulation of intracellular signal transduction,5.4137372302666975e-14,True,"""Any process that modulates the frequency, rate or extent of intracellular signal transduction."" [GOC:dph, GOC:signaling, GOC:tb, GOC:TermGenie]",1945,959,167,20972,0.17413972888425444,0.08586118251928021,query_1,"['GO:0009966', 'GO:0035556']"
GO:BP,GO:0009887,animal organ morphogenesis,1.0892278050105871e-13,True,"""Morphogenesis of an animal organ. An organ is defined as a tissue or set of tissues that work together to perform a specific function or functions. Morphogenesis is the process in which anatomical structures are generated and organized. Organs are commonly observed as visibly distinct structures, but may also exist as loosely associated clusters of cells that work together to perform a specific function or functions."" [GOC:dgh, GOC:go_curators, ISBN:0471245208, ISBN:0721662544]",1000,959,105,20972,0.10948905109489052,0.105,query_1,"['GO:0009653', 'GO:0048513']"
GO:BP,GO:0072001,renal system development,1.5387804758442454e-13,True,"""The process whose specific outcome is the progression of the renal system over time, from its formation to the mature structure. The renal system maintains fluid balance and contributes to electrolyte balance, acid/base balance, and disposal of nitrogenous waste products. In humans, the renal system comprises a pair of kidneys, a pair of ureters, urinary bladder, urethra, sphincter muscle and associated blood vessels."" [GOC:mtg_kidney_jan10, GOC:yaf, PMID:6996269]",331,959,53,20972,0.05526590198123045,0.16012084592145015,query_1,['GO:0048731']
GO:BP,GO:0048646,anatomical structure formation involved in morphogenesis,2.551603035779888e-13,True,"""The developmental process pertaining to the initial formation of an anatomical structure from unspecified parts. This process begins with the specific processes that contribute to the appearance of the discrete structure and ends when the structural rudiment is recognizable. An anatomical structure is any biological entity that occupies space and is distinguished from its surroundings. Anatomical structures can be macroscopic such as a carpel, or microscopic such as an acrosome."" [GOC:dph, GOC:jid, GOC:tb]",1190,959,117,20972,0.12200208550573514,0.09831932773109243,query_1,"['GO:0009653', 'GO:0032502']"
GO:BP,GO:0048514,blood vessel morphogenesis,4.0485730444951257e-13,True,"""The process in which the anatomical structures of blood vessels are generated and organized. The blood vessel is the vasculature carrying blood."" [GOC:jid]",632,959,77,20972,0.08029197080291971,0.12183544303797468,query_1,"['GO:0001568', 'GO:0035239']"
GO:BP,GO:0001822,kidney development,6.200451528755163e-13,True,"""The process whose specific outcome is the progression of the kidney over time, from its formation to the mature structure. The kidney is an organ that filters the blood and/or excretes the end products of body metabolism in the form of urine."" [GOC:dph, GOC:mtg_kidney_jan10, ISBN:0124020607, ISBN:0721662544]",320,959,51,20972,0.053180396246089674,0.159375,query_1,"['GO:0048513', 'GO:0072001']"
GO:BP,GO:0006950,response to stress,7.095166532762602e-13,True,"""Any process that results in a change in state or activity of a cell or an organism (in terms of movement, secretion, enzyme production, gene expression, etc.) as a result of a disturbance in organismal or cellular homeostasis, usually, but not necessarily, exogenous (e.g. temperature, humidity, ionizing radiation)."" [GOC:mah]",3984,959,279,20972,0.2909280500521376,0.07003012048192771,query_1,['GO:0050896']
GO:BP,GO:0051094,positive regulation of developmental process,9.75373312388506e-13,True,"""Any process that activates or increases the rate or extent of development, the biological process whose specific outcome is the progression of an organism over time from an initial condition (e.g. a zygote, or a young adult) to a later condition (e.g. a multicellular animal or an aged adult)."" [GOC:ai]",1305,959,123,20972,0.12825860271115747,0.09425287356321839,query_1,"['GO:0032502', 'GO:0048518', 'GO:0050793']"
GO:BP,GO:0043067,regulation of programmed cell death,1.3754290135285692e-12,True,"""Any process that modulates the frequency, rate or extent of programmed cell death, cell death resulting from activation of endogenous cellular processes."" [GOC:jl]",1467,959,133,20972,0.1386861313868613,0.09066121336059986,query_1,"['GO:0012501', 'GO:0050794']"
GO:BP,GO:0042981,regulation of apoptotic process,1.8665671626586702e-12,True,"""Any process that modulates the occurrence or rate of cell death by apoptotic process."" [GOC:jl, GOC:mtg_apoptosis]",1426,959,130,20972,0.13555787278415016,0.091164095371669,query_1,"['GO:0006915', 'GO:0043067']"
GO:BP,GO:0051241,negative regulation of multicellular organismal process,1.9803496207756624e-12,True,"""Any process that stops, prevents, or reduces the frequency, rate or extent of an organismal process, the processes pertinent to the function of an organism above the cellular level; includes the integrated processes of tissues and organs."" [GOC:ai]",1091,959,108,20972,0.11261730969760167,0.09899175068744272,query_1,"['GO:0032501', 'GO:0048519', 'GO:0051239']"
GO:BP,GO:0048584,positive regulation of response to stimulus,2.496943887160433e-12,True,"""Any process that activates, maintains or increases the rate of a response to a stimulus. Response to stimulus is a change in state or activity of a cell or an organism (in terms of movement, secretion, enzyme production, gene expression, etc.) as a result of a stimulus."" [GOC:jid]",2320,959,184,20972,0.19186652763295098,0.07931034482758621,query_1,"['GO:0048518', 'GO:0048583', 'GO:0050896']"
GO:BP,GO:0045595,regulation of cell differentiation,3.3770938203500723e-12,True,"""Any process that modulates the frequency, rate or extent of cell differentiation, the process in which relatively unspecialized cells acquire specialized structural and functional features."" [GOC:go_curators]",1549,959,137,20972,0.14285714285714285,0.08844415752098128,query_1,"['GO:0030154', 'GO:0050793', 'GO:0050794']"
GO:BP,GO:0061448,connective tissue development,3.937217246391946e-12,True,"""The progression of a connective tissue over time, from its formation to the mature structure."" [GOC:BHF]",291,959,47,20972,0.049009384775808136,0.16151202749140894,query_1,['GO:0009888']
GO:BP,GO:0008219,cell death,4.200562928281478e-12,True,"""Any biological process that results in permanent cessation of all vital functions of a cell. A cell should be considered dead when any one of the following molecular or morphological criteria is met: (1) the cell has lost the integrity of its plasma membrane; (2) the cell, including its nucleus, has undergone complete fragmentation into discrete bodies (frequently referred to as apoptotic bodies). The cell corpse (or its fragments) may be engulfed by an adjacent cell in vivo, but engulfment of whole cells should not be considered a strict criteria to define cell death as, under some circumstances, live engulfed cells can be released from phagosomes (see PMID:18045538)."" [GOC:mah, GOC:mtg_apoptosis, PMID:25236395]",1962,959,162,20972,0.1689259645464025,0.08256880733944955,query_1,['GO:0009987']
GO:BP,GO:0007169,cell surface receptor protein tyrosine kinase signaling pathway,6.738177420413111e-12,True,"""The series of molecular signals initiated by an extracellular ligand binding to a receptor on the surface of the target cell where the receptor possesses tyrosine kinase activity, and ending with the regulation of a downstream cellular process, e.g. transcription."" [GOC:ceb, GOC:signaling]",641,959,75,20972,0.07820646506777894,0.11700468018720749,query_1,['GO:0007167']
GO:BP,GO:2000026,regulation of multicellular organismal development,7.665856132270821e-12,True,"""Any process that modulates the frequency, rate or extent of multicellular organismal development."" [GOC:obol]",1392,959,126,20972,0.13138686131386862,0.09051724137931035,query_1,"['GO:0007275', 'GO:0050793', 'GO:0051239']"
GO:BP,GO:0048523,negative regulation of cellular process,7.677582352460206e-12,True,"""Any process that stops, prevents, or reduces the frequency, rate or extent of a cellular process, any of those that are carried out at the cellular level, but are not necessarily restricted to a single cell. For example, cell communication occurs among more than one cell, but occurs at the cellular level."" [GOC:jid]",5510,959,354,20972,0.3691345151199166,0.06424682395644284,query_1,"['GO:0009987', 'GO:0048519', 'GO:0050794']"
GO:BP,GO:0006915,apoptotic process,9.249799946742257e-12,True,"""A programmed cell death process which begins when a cell receives an internal (e.g. DNA damage) or external signal (e.g. an extracellular death ligand), and proceeds through a series of biochemical events (signaling pathway phase) which trigger an execution phase. The execution phase is the last step of an apoptotic process, and is typically characterized by rounding-up of the cell, retraction of pseudopodes, reduction of cellular volume (pyknosis), chromatin condensation, nuclear fragmentation (karyorrhexis), plasma membrane blebbing and fragmentation of the cell into apoptotic bodies. When the execution phase is completed, the cell has died."" [GOC:cjm, GOC:dhl, GOC:ecd, GOC:go_curators, GOC:mtg_apoptosis, GOC:tb, ISBN:0198506732, PMID:18846107, PMID:21494263]",1898,959,157,20972,0.16371220020855057,0.0827186512118019,query_1,['GO:0012501']
GO:BP,GO:0001649,osteoblast differentiation,1.310808542190888e-11,True,"""The process whereby a relatively unspecialized cell acquires the specialized features of an osteoblast, a mesodermal or neural crest cell that gives rise to bone."" [CL:0000062, GO_REF:0000034, GOC:jid]",236,959,41,20972,0.04275286757038582,0.17372881355932204,query_1,"['GO:0001503', 'GO:0030154']"
GO:BP,GO:0012501,programmed cell death,1.3921512422789756e-11,True,"""A process which begins when a cell receives an internal or external signal and activates a series of biochemical events (signaling pathway). The process ends with the death of the cell."" [GOC:lr, GOC:mtg_apoptosis]",1958,959,160,20972,0.16684045881126172,0.08171603677221655,query_1,['GO:0008219']
GO:BP,GO:0009725,response to hormone,1.417587424602166e-11,True,"""Any process that results in a change in state or activity of a cell or an organism (in terms of movement, secretion, enzyme production, gene expression, etc.) as a result of a hormone stimulus."" [GOC:jl]",904,959,93,20972,0.09697601668404589,0.10287610619469026,query_1,"['GO:0009719', 'GO:0042221']"
GO:BP,GO:0010647,positive regulation of cell communication,1.5219468028556246e-11,True,"""Any process that increases the frequency, rate or extent of cell communication. Cell communication is the process that mediates interactions between a cell and its surroundings. Encompasses interactions such as signaling or attachment between one cell and another cell, between a cell and an extracellular matrix, or between a cell and any other aspect of its environment."" [GOC:dph, GOC:tb]",1778,959,149,20972,0.1553701772679875,0.08380202474690664,query_1,"['GO:0007154', 'GO:0010646', 'GO:0048522']"
GO:BP,GO:0023056,positive regulation of signaling,1.573192069779275e-11,True,"""Any process that activates, maintains or increases the frequency, rate or extent of a signaling process."" [GOC:mtg_signal]",1779,959,149,20972,0.1553701772679875,0.0837549184935357,query_1,"['GO:0023051', 'GO:0023052', 'GO:0048518']"
GO:BP,GO:0008284,positive regulation of cell population proliferation,1.8240886128822175e-11,True,"""Any process that activates or increases the rate or extent of cell proliferation."" [GOC:go_curators]",923,959,94,20972,0.09801876955161627,0.10184182015167931,query_1,"['GO:0008283', 'GO:0042127', 'GO:0048522']"
GO:BP,GO:0030155,regulation of cell adhesion,1.8499033906978046e-11,True,"""Any process that modulates the frequency, rate or extent of attachment of a cell to another cell or to the extracellular matrix."" [GOC:mah]",780,959,84,20972,0.08759124087591241,0.1076923076923077,query_1,"['GO:0007155', 'GO:0050794']"
GO:BP,GO:0033993,response to lipid,1.8499033906978046e-11,True,"""Any process that results in a change in state or activity of a cell or an organism (in terms of movement, secretion, enzyme production, gene expression, etc.) as a result of a lipid stimulus."" [GOC:sl]",880,959,91,20972,0.0948905109489051,0.10340909090909091,query_1,['GO:0042221']
GO:BP,GO:0050900,leukocyte migration,1.8686365720654775e-11,True,"""The movement of a leukocyte within or between different tissues and organs of the body."" [GOC:add, ISBN:0781735149, PMID:14680625, PMID:14708592, PMID:7507411, PMID:8600538]",386,959,54,20972,0.056308654848800835,0.13989637305699482,query_1,"['GO:0002376', 'GO:0016477']"
GO:BP,GO:0045667,regulation of osteoblast differentiation,2.5817607588812967e-11,True,"""Any process that modulates the frequency, rate or extent of osteoblast differentiation."" [GOC:go_curators]",134,959,30,20972,0.03128258602711158,0.22388059701492538,query_1,"['GO:0001649', 'GO:0045595']"
GO:BP,GO:1901652,response to peptide,3.413597979277624e-11,True,"""Any process that results in a change in state or activity of a cell or an organism (in terms of movement, secretion, enzyme production, gene expression, etc.) as a result of a peptide stimulus."" [GOC:pr, GOC:TermGenie]",993,959,98,20972,0.10218978102189781,0.0986908358509567,query_1,['GO:0042221']
GO:BP,GO:0009967,positive regulation of signal transduction,3.413597979277624e-11,True,"""Any process that activates or increases the frequency, rate or extent of signal transduction."" [GOC:sm]",1569,959,135,20972,0.14077163712200208,0.08604206500956023,query_1,"['GO:0007165', 'GO:0009966', 'GO:0010647', 'GO:0023056', 'GO:0048584']"
GO:BP,GO:0001525,angiogenesis,4.213816645199224e-11,True,"""Blood vessel formation when new vessels emerge from the proliferation of pre-existing blood vessels."" [ISBN:0878932453]",546,959,66,20972,0.06882168925964546,0.12087912087912088,query_1,"['GO:0048514', 'GO:0048646']"
GO:BP,GO:0065008,regulation of biological quality,7.339933643772409e-11,True,"""Any process that modulates a qualitative or quantitative trait of a biological quality. A biological quality is a measurable attribute of an organism or part of an organism, such as size, mass, shape, color, etc."" [GOC:dph, GOC:isa_complete, GOC:mah, GOC:pr, GOC:vw]",2963,959,215,20972,0.22419186652763295,0.07256159298008776,query_1,['GO:0065007']
GO:BP,GO:0071363,cellular response to growth factor stimulus,9.587558294789606e-11,True,"""Any process that results in a change in state or activity of a cell (in terms of movement, secretion, enzyme production, gene expression, etc.) as a result of a growth factor stimulus."" [GOC:mah]",706,959,77,20972,0.08029197080291971,0.10906515580736544,query_1,"['GO:0070848', 'GO:0071495']"
GO:BP,GO:1902533,positive regulation of intracellular signal transduction,1.3404581494043882e-10,True,"""Any process that activates or increases the frequency, rate or extent of intracellular signal transduction."" [GOC:BHF, GOC:dph, GOC:signaling, GOC:tb, GOC:TermGenie]",1108,959,104,20972,0.10844629822732013,0.09386281588447654,query_1,"['GO:0009967', 'GO:0035556', 'GO:1902531']"
GO:BP,GO:0034097,response to cytokine,2.0219443044122635e-10,True,"""Any process that results in a change in state or activity of a cell or an organism (in terms of movement, secretion, enzyme production, gene expression, etc.) as a result of a cytokine stimulus."" [GOC:sl]",979,959,95,20972,0.09906152241918666,0.09703779366700716,query_1,['GO:1901652']
GO:BP,GO:0045597,positive regulation of cell differentiation,2.9464055598884274e-10,True,"""Any process that activates or increases the frequency, rate or extent of cell differentiation."" [GOC:go_curators]",852,959,86,20972,0.08967674661105318,0.10093896713615023,query_1,"['GO:0030154', 'GO:0045595', 'GO:0048522', 'GO:0051094']"
GO:BP,GO:1901698,response to nitrogen compound,2.9734317369614995e-10,True,"""Any process that results in a change in state or activity of a cell or an organism (in terms of movement, secretion, enzyme production, gene expression, etc.) as a result of a nitrogen compound stimulus."" [GOC:pr, GOC:TermGenie]",941,959,92,20972,0.09593326381647549,0.09776833156216791,query_1,['GO:0042221']
GO:BP,GO:0072006,nephron development,4.579813084840723e-10,True,"""The process whose specific outcome is the progression of the nephron over time, from its formation to the mature structure. A nephron is the functional unit of the kidney."" [GOC:mtg_kidney_jan10]",159,959,31,20972,0.03232533889468196,0.1949685534591195,query_1,"['GO:0001822', 'GO:0048856']"
GO:BP,GO:0048468,cell development,4.875738258936328e-10,True,"""The cellular developmental process in which a specific cell progresses from an immature to a mature state. Cell development start once cell commitment has taken place."" [GOC:go_curators]",2842,959,205,20972,0.21376433785192908,0.0721323011963406,query_1,"['GO:0030154', 'GO:0048856', 'GO:0048869']"
GO:BP,GO:0001501,skeletal system development,5.318963508264954e-10,True,"""The process whose specific outcome is the progression of the skeleton over time, from its formation to the mature structure. The skeleton is the bony framework of the body in vertebrates (endoskeleton) or the hard outer envelope of insects (exoskeleton or dermoskeleton)."" [GOC:dph, GOC:jid, GOC:tb]",538,959,63,20972,0.06569343065693431,0.1171003717472119,query_1,['GO:0048731']
GO:BP,GO:0032870,cellular response to hormone stimulus,6.047239596649711e-10,True,"""Any process that results in a change in state or activity of a cell (in terms of movement, secretion, enzyme production, gene expression, etc.) as a result of a hormone stimulus."" [GOC:mah]",677,959,73,20972,0.07612095933263817,0.10782865583456426,query_1,"['GO:0009725', 'GO:0070887', 'GO:0071495']"
GO:BP,GO:0070848,response to growth factor,6.12285714158942e-10,True,"""Any process that results in a change in state or activity of a cell or an organism (in terms of movement, secretion, enzyme production, gene expression, etc.) as a result of a growth factor stimulus."" [GOC:BHF, GOC:mah]",734,959,77,20972,0.08029197080291971,0.10490463215258855,query_1,['GO:0009719']
GO:BP,GO:0030282,bone mineralization,8.279741414409864e-10,True,"""The deposition of hydroxyapatite, a form of calcium phosphate with the formula Ca10(PO4)6(OH)2, in bone tissue."" [GOC:mah, PMID:22936354]",125,959,27,20972,0.028154327424400417,0.216,query_1,"['GO:0001503', 'GO:0031214']"
GO:BP,GO:0002682,regulation of immune system process,8.462837036121126e-10,True,"""Any process that modulates the frequency, rate, or extent of an immune system process."" [GOC:add]",1594,959,132,20972,0.13764337851929093,0.08281053952321205,query_1,"['GO:0002376', 'GO:0050789']"
GO:BP,GO:0042592,homeostatic process,8.462837036121126e-10,True,"""Any biological process involved in the maintenance of an internal steady state. Homeostasis allows cells and organisms to maintain stable internal conditions despite varying external conditions."" [PMID:26265027]",1677,959,137,20972,0.14285714285714285,0.08169350029815146,query_1,['GO:0008150']
GO:BP,GO:0097529,myeloid leukocyte migration,1.086700222458801e-09,True,"""The movement of a myeloid leukocyte within or between different tissues and organs of the body."" [GOC:cvs, PMID:22342843, PMID:24157461]",227,959,37,20972,0.03858185610010428,0.16299559471365638,query_1,['GO:0050900']
GO:BP,GO:0022008,neurogenesis,1.1775064029577217e-09,True,"""Generation of cells within the nervous system."" [GO_REF:0000021, GOC:cls, GOC:curators, GOC:dgh, GOC:dph, GOC:jid]",1769,959,142,20972,0.1480709071949948,0.08027133973996609,query_1,"['GO:0007399', 'GO:0030154']"
GO:BP,GO:0000165,MAPK cascade,1.5567793533753108e-09,True,"""An intracellular protein kinase cascade containing at least a MAP kinase (MAPK). It starts with the activation of a MAP3K, and the consecutive activation of a MPK2K and a MAPK. The cascade can also contain an additional tier: the upstream MAP4K. The kinases in each tier phosphorylate and activate the kinase in the downstream tier to transmit a signal within a cell."" [PMID:20811974, PMID:9561267]",749,959,77,20972,0.08029197080291971,0.102803738317757,query_1,['GO:0141124']
GO:BP,GO:0043408,regulation of MAPK cascade,1.876671087195082e-09,True,"""Any process that modulates the frequency, rate or extent of signal transduction mediated by the MAP kinase (MAPK) cascade."" [GOC:go_curators]",638,959,69,20972,0.07194994786235662,0.10815047021943573,query_1,"['GO:0000165', 'GO:1902531']"
GO:BP,GO:0030509,BMP signaling pathway,2.1042496899629552e-09,True,"""The series of molecular signals initiated by the binding of a member of the BMP (bone morphogenetic protein) family to a receptor on the surface of a target cell, and ending with the regulation of a downstream cellular process, e.g. transcription."" [GOC:signaling, ISBN:0878932437, PMID:17428827]",159,959,30,20972,0.03128258602711158,0.18867924528301888,query_1,"['GO:0071773', 'GO:0141091']"
GO:BP,GO:0031589,cell-substrate adhesion,2.1042496899629552e-09,True,"""The attachment of a cell to the underlying substrate via adhesion molecules."" [GOC:mah, GOC:pf]",349,959,47,20972,0.049009384775808136,0.1346704871060172,query_1,['GO:0007155']
GO:BP,GO:0001775,cell activation,2.940152042194413e-09,True,"""A multicellular organismal process by which exposure to an activating factor such as a cellular or soluble ligand results in a change in the morphology or behavior of a cell."" [GOC:mgi_curators]",1123,959,101,20972,0.10531803962460896,0.08993766696349065,query_1,"['GO:0009987', 'GO:0032501']"
GO:BP,GO:0022603,regulation of anatomical structure morphogenesis,3.6677752743802962e-09,True,"""Any process that modulates the frequency, rate or extent of anatomical structure morphogenesis."" [GOC:mah]",822,959,81,20972,0.08446298227320125,0.09854014598540146,query_1,"['GO:0009653', 'GO:0050793']"
GO:BP,GO:0051128,regulation of cellular component organization,4.058634315329603e-09,True,"""Any process that modulates the frequency, rate or extent of a process involved in the formation, arrangement of constituent parts, or disassembly of cell structures, including the plasma membrane and any external encapsulating structures such as the cell wall and cell envelope."" [GOC:ai]",2427,959,178,20972,0.18561001042752867,0.07334157395962093,query_1,"['GO:0016043', 'GO:0050794']"
GO:BP,GO:0007399,nervous system development,5.480638938069272e-09,True,"""The process whose specific outcome is the progression of nervous tissue over time, from its formation to its mature state."" [GOC:dgh]",2597,959,187,20972,0.19499478623566216,0.07200616095494802,query_1,['GO:0048731']
GO:BP,GO:0040007,growth,5.672492712872941e-09,True,"""The increase in size or mass of an entire organism, a part of an organism or a cell."" [GOC:bf, GOC:ma]",920,959,87,20972,0.09071949947862357,0.09456521739130434,query_1,['GO:0008150']
GO:BP,GO:0071396,cellular response to lipid,6.2495134046300104e-09,True,"""Any process that results in a change in state or activity of a cell (in terms of movement, secretion, enzyme production, gene expression, etc.) as a result of a lipid stimulus."" [GOC:mah]",600,959,65,20972,0.06777893639207508,0.10833333333333334,query_1,"['GO:0033993', 'GO:0070887']"
GO:BP,GO:0006952,defense response,6.555294740200125e-09,True,"""Reactions, triggered in response to the presence of a foreign body or the occurrence of an injury, which result in restriction of damage to the organism attacked or prevention/recovery from the infection caused by the attack."" [GOC:go_curators]",1883,959,146,20972,0.15224191866527634,0.07753584705257567,query_1,['GO:0006950']
GO:BP,GO:0002376,immune system process,6.844437121158422e-09,True,"""Any process involved in the development or functioning of the immune system, an organismal system for calibrated responses to potential internal or invasive threats."" [GO_REF:0000022, GOC:add]",2913,959,204,20972,0.2127215849843587,0.07003089598352215,query_1,['GO:0008150']
GO:BP,GO:0040013,negative regulation of locomotion,6.949895900811831e-09,True,"""Any process that stops, prevents, or reduces the frequency, rate or extent of locomotion of a cell or organism."" [GOC:go_curators]",325,959,44,20972,0.045881126173096975,0.13538461538461538,query_1,"['GO:0040011', 'GO:0040012', 'GO:0048519']"
GO:BP,GO:0031214,biomineral tissue development,7.648295458430008e-09,True,"""Formation of hard tissues that consist mainly of inorganic compounds, and also contain a small amounts of organic matrices that are believed to play important roles in their formation."" [PMID:15132736]",178,959,31,20972,0.03232533889468196,0.17415730337078653,query_1,"['GO:0009888', 'GO:0048513']"
GO:BP,GO:0098657,import into cell,8.132354338493586e-09,True,"""The directed movement of some substance from outside of a cell into a cell. This may occur via transport across the plasma membrane or via endocytosis."" [GOC:dos]",958,959,89,20972,0.09280500521376434,0.09290187891440502,query_1,['GO:0006810']
GO:BP,GO:0006935,chemotaxis,9.339936578646517e-09,True,"""The directed movement of a motile cell or organism, or the directed growth of a cell guided by a specific chemical concentration gradient. Movement may be towards a higher concentration (positive chemotaxis) or towards a lower concentration (negative chemotaxis)."" [ISBN:0198506732]",456,959,54,20972,0.056308654848800835,0.11842105263157894,query_1,"['GO:0042221', 'GO:0042330']"
GO:BP,GO:0030336,negative regulation of cell migration,1.0452054510128625e-08,True,"""Any process that stops, prevents, or reduces the frequency, rate or extent of cell migration."" [GOC:go_curators]",293,959,41,20972,0.04275286757038582,0.13993174061433447,query_1,"['GO:0016477', 'GO:0030334', 'GO:2000146']"
GO:BP,GO:0043069,negative regulation of programmed cell death,1.0593886597403686e-08,True,"""Any process that stops, prevents, or reduces the frequency, rate or extent of programmed cell death, cell death resulting from activation of endogenous cellular processes."" [GOC:jl]",887,959,84,20972,0.08759124087591241,0.09470124013528748,query_1,"['GO:0012501', 'GO:0043067', 'GO:0048523']"
GO:BP,GO:0042330,taxis,1.0740958961312571e-08,True,"""The directed movement of a motile cell or organism in response to an external stimulus."" [GOC:jl, ISBN:0192801023]",458,959,54,20972,0.056308654848800835,0.11790393013100436,query_1,"['GO:0009605', 'GO:0040011']"
GO:BP,GO:0051216,cartilage development,1.0811144431376547e-08,True,"""The process whose specific outcome is the progression of a cartilage element over time, from its formation to the mature structure. Cartilage elements are skeletal elements that consist of connective tissue dominated by extracellular matrix containing collagen type II and large amounts of proteoglycan, particularly chondroitin sulfate."" [GOC:cjm, PMID:23251424]",213,959,34,20972,0.035453597497393116,0.1596244131455399,query_1,"['GO:0001501', 'GO:0048513', 'GO:0061448']"
GO:BP,GO:0090288,negative regulation of cellular response to growth factor stimulus,1.0952732641218861e-08,True,"""Any process that decreases the rate, frequency, or extent of a change in state or activity of a cell (in terms of movement, secretion, enzyme production, gene expression, etc.) as a result of a growth factor stimulus."" [GOC:BHF]",103,959,23,20972,0.023983315954118872,0.22330097087378642,query_1,"['GO:0048585', 'GO:0071363', 'GO:0090287']"
GO:BP,GO:0071773,cellular response to BMP stimulus,1.1752769044872878e-08,True,"""Any process that results in a change in state or activity of a cell (in terms of movement, secretion, enzyme production, gene expression, etc.) as a result of a bone morphogenetic protein (BMP) stimulus."" [GOC:mah, GOC:yaf]",171,959,30,20972,0.03128258602711158,0.17543859649122806,query_1,"['GO:0071363', 'GO:0071772']"
GO:BP,GO:0071772,response to BMP,1.1752769044872878e-08,True,"""Any process that results in a change in state or activity of a cell or an organism (in terms of movement, secretion, enzyme production, gene expression, etc.) as a result of a bone morphogenetic protein (BMP) stimulus."" [GOC:mah, GOC:yaf]",171,959,30,20972,0.03128258602711158,0.17543859649122806,query_1,['GO:0070848']
GO:BP,GO:0009611,response to wounding,1.3011711105188439e-08,True,"""Any process that results in a change in state or activity of a cell or an organism (in terms of movement, secretion, enzyme production, gene expression, etc.) as a result of a stimulus indicating damage to the organism."" [GOC:go_curators]",570,959,62,20972,0.06465067778936393,0.10877192982456141,query_1,['GO:0006950']
GO:BP,GO:2000146,negative regulation of cell motility,1.3376765107694891e-08,True,"""Any process that stops, prevents, or reduces the frequency, rate or extent of cell motility."" [GOC:mah]",308,959,42,20972,0.043795620437956206,0.13636363636363635,query_1,"['GO:0040013', 'GO:0048523', 'GO:0048870', 'GO:2000145']"
GO:BP,GO:0072073,kidney epithelium development,1.426400531852292e-08,True,"""The process whose specific outcome is the progression of an epithelium in the kidney over time, from its formation to the mature structure. An epithelium is a tissue that covers the internal or external surfaces of an anatomical structure."" [GOC:mtg_kidney_jan10]",152,959,28,20972,0.029197080291970802,0.18421052631578946,query_1,"['GO:0001822', 'GO:0060429']"
GO:BP,GO:0030595,leukocyte chemotaxis,1.4740397491719802e-08,True,"""The movement of a leukocyte in response to an external stimulus."" [GOC:add, GOC:jl]",227,959,35,20972,0.0364963503649635,0.15418502202643172,query_1,"['GO:0050900', 'GO:0060326']"
GO:BP,GO:0032835,glomerulus development,1.8697429441252228e-08,True,"""The progression of the glomerulus over time from its initial formation until its mature state. The glomerulus is a capillary tuft which forms a close network with the visceral epithelium (podocytes) and the mesangium to form the filtration barrier and is surrounded by Bowman's capsule in nephrons of the vertebrate kidney. The glomerulus is part of the nephron and is restricted to one body segment."" [GOC:mah, GOC:mtg_kidney_jan10]",72,959,19,20972,0.01981230448383733,0.2638888888888889,query_1,"['GO:0048856', 'GO:0072006']"
GO:BP,GO:0030030,cell projection organization,2.1187776733123072e-08,True,"""A process that is carried out at the cellular level which results in the assembly, arrangement of constituent parts, or disassembly of a prolongation or process extending from a cell, e.g. a flagellum or axon."" [GOC:jl, GOC:mah, PMID:16318917]",1628,959,129,20972,0.13451511991657977,0.07923832923832924,query_1,['GO:0016043']
GO:BP,GO:0043066,negative regulation of apoptotic process,2.169725044452735e-08,True,"""Any process that stops, prevents, or reduces the frequency, rate or extent of cell death by apoptotic process."" [GOC:jl, GOC:mtg_apoptosis]",856,959,81,20972,0.08446298227320125,0.09462616822429906,query_1,"['GO:0006915', 'GO:0042981', 'GO:0043069']"
GO:BP,GO:0061035,regulation of cartilage development,2.3684778875429292e-08,True,"""Any process that modulates the rate, frequency, or extent of cartilage development, the process whose specific outcome is the progression of the cartilage over time, from its formation to the mature structure. Cartilage is a connective tissue dominated by extracellular matrix containing collagen type II and large amounts of proteoglycan, particularly chondroitin sulfate."" [GOC:dph]",73,959,19,20972,0.01981230448383733,0.2602739726027397,query_1,"['GO:0051216', 'GO:2000026']"
GO:BP,GO:0120036,plasma membrane bounded cell projection organization,2.4805742883258258e-08,True,"""A process that is carried out at the cellular level which results in the assembly, arrangement of constituent parts, or disassembly of a plasma membrane bounded prolongation or process extending from a cell, e.g. a cilium or axon."" [GOC:krc]",1582,959,126,20972,0.13138686131386862,0.07964601769911504,query_1,['GO:0030030']
GO:BP,GO:0060326,cell chemotaxis,2.5543123165438e-08,True,"""The directed movement of a motile cell guided by a specific chemical concentration gradient. Movement may be towards a higher concentration (positive chemotaxis) or towards a lower concentration (negative chemotaxis)."" [GOC:dph]",315,959,42,20972,0.043795620437956206,0.13333333333333333,query_1,"['GO:0006935', 'GO:0016477', 'GO:0070887']"
GO:BP,GO:0009893,positive regulation of metabolic process,2.6203966484831587e-08,True,"""Any process that activates or increases the frequency, rate or extent of the chemical reactions and pathways within a cell or an organism."" [GOC:go_curators]",3410,959,228,20972,0.23774765380604795,0.06686217008797654,query_1,"['GO:0008152', 'GO:0019222', 'GO:0048522']"
GO:BP,GO:0050865,regulation of cell activation,3.2504517452380664e-08,True,"""Any process that modulates the frequency, rate or extent of cell activation, the change in the morphology or behavior of a cell resulting from exposure to an activating factor such as a cellular or soluble ligand."" [GOC:ai]",627,959,65,20972,0.06777893639207508,0.10366826156299841,query_1,"['GO:0001775', 'GO:0050794', 'GO:0051239']"
GO:BP,GO:0050678,regulation of epithelial cell proliferation,3.444484401569344e-08,True,"""Any process that modulates the frequency, rate or extent of epithelial cell proliferation."" [GOC:ai]",356,959,45,20972,0.04692387904066736,0.12640449438202248,query_1,"['GO:0042127', 'GO:0050673']"
GO:BP,GO:0008285,negative regulation of cell population proliferation,3.444484401569344e-08,True,"""Any process that stops, prevents or reduces the rate or extent of cell proliferation."" [GOC:go_curators]",686,959,69,20972,0.07194994786235662,0.10058309037900874,query_1,"['GO:0008283', 'GO:0042127', 'GO:0048523']"
GO:BP,GO:0050673,epithelial cell proliferation,3.677895703326047e-08,True,"""The multiplication or reproduction of epithelial cells, resulting in the expansion of a cell population. Epithelial cells make up the epithelium, the covering of internal and external surfaces of the body, including the lining of vessels and other small cavities. It consists of cells joined by small amounts of cementing substances."" [ISBN:0721662544]",435,959,51,20972,0.053180396246089674,0.11724137931034483,query_1,['GO:0008283']
GO:BP,GO:0010628,positive regulation of gene expression,4.286178748283081e-08,True,"""Any process that increases the frequency, rate or extent of gene expression. Gene expression is the process in which a gene's coding sequence is converted into a mature gene product (protein or RNA)."" [GOC:txnOH-2018]",1184,959,101,20972,0.10531803962460896,0.08530405405405406,query_1,"['GO:0010467', 'GO:0010468', 'GO:0010557']"
GO:BP,GO:0048589,developmental growth,4.365663622797945e-08,True,"""The increase in size or mass of an entire organism, a part of an organism or a cell, where the increase in size or mass has the specific outcome of the progression of the organism over time from one condition to another."" [GOC:go_curators]",661,959,67,20972,0.06986444212721585,0.10136157337367625,query_1,"['GO:0032502', 'GO:0040007']"
GO:BP,GO:0098609,cell-cell adhesion,4.898602076754572e-08,True,"""The attachment of one cell to another cell via adhesion molecules."" [GOC:dos]",965,959,87,20972,0.09071949947862357,0.09015544041450778,query_1,['GO:0007155']
GO:BP,GO:0006954,inflammatory response,5.0590263612665e-08,True,"""The immediate defensive reaction (by vertebrate tissue) to infection or injury caused by chemical or physical agents. The process is characterized by local vasodilation, extravasation of plasma into intercellular spaces and accumulation of white blood cells and macrophages."" [GO_REF:0000022, ISBN:0198506732]",873,959,81,20972,0.08446298227320125,0.09278350515463918,query_1,['GO:0006952']
GO:BP,GO:0006629,lipid metabolic process,5.2927973210696e-08,True,"""The chemical reactions and pathways involving lipids, compounds soluble in an organic solvent but not, or sparingly, in an aqueous solvent. Includes fatty acids; neutral fats, other fatty-acid esters, and soaps; long-chain (fatty) alcohols and waxes; sphingoids and other long-chain bases; glycolipids, phospholipids and sphingolipids; and carotenes, polyprenols, sterols, terpenes and other isoprenoids."" [GOC:ma]",1369,959,112,20972,0.11678832116788321,0.08181154127100074,query_1,['GO:0044238']
GO:BP,GO:0071345,cellular response to cytokine stimulus,5.7467496186236016e-08,True,"""Any process that results in a change in state or activity of a cell (in terms of movement, secretion, enzyme production, gene expression, etc.) as a result of a cytokine stimulus."" [GOC:mah]",891,959,82,20972,0.08550573514077164,0.0920314253647587,query_1,['GO:0034097']
GO:BP,GO:0051179,localization,6.563591419415619e-08,True,"""Any process in which a cell, a substance, or a cellular entity, such as a protein complex or organelle, is transported, tethered to or otherwise maintained in a specific location. In the case of substances, localization may also be achieved via selective degradation."" [GOC:ai, GOC:dos]",5493,959,333,20972,0.3472367049009385,0.06062261059530311,query_1,['GO:0008150']
GO:BP,GO:0001823,mesonephros development,6.808772374030932e-08,True,"""The process whose specific outcome is the progression of the mesonephros over time, from its formation to the mature structure. In mammals, the mesonephros is the second of the three embryonic kidneys to be established and exists only transiently. In lower vertebrates such as fish and amphibia, the mesonephros will form the mature kidney."" [GOC:dph, ISBN:0124020607, ISBN:0721662544, PMID:10535314]",104,959,22,20972,0.022940563086548488,0.21153846153846154,query_1,['GO:0001822']
GO:BP,GO:0051049,regulation of transport,8.695777783024894e-08,True,"""Any process that modulates the frequency, rate or extent of the directed movement of substances (such as macromolecules, small molecules, ions) into, out of or within a cell, or between cells, by means of some agent such as a transporter or pore."" [GOC:ai]",1566,959,123,20972,0.12825860271115747,0.07854406130268199,query_1,"['GO:0006810', 'GO:0032879']"
GO:BP,GO:0051093,negative regulation of developmental process,9.199413774224351e-08,True,"""Any process that stops, prevents or reduces the rate or extent of development, the biological process whose specific outcome is the progression of an organism over time from an initial condition (e.g. a zygote, or a young adult) to a later condition (e.g. a multicellular animal or an aged adult)."" [GOC:ai]",916,959,83,20972,0.08654848800834203,0.0906113537117904,query_1,"['GO:0032502', 'GO:0048519', 'GO:0050793']"
GO:BP,GO:0048699,generation of neurons,1.1565562180686196e-07,True,"""The process in which nerve cells are generated. This includes the production of neuroblasts and their differentiation into neurons."" [GOC:nln]",1523,959,120,20972,0.1251303441084463,0.07879185817465528,query_1,['GO:0022008']
GO:BP,GO:0003013,circulatory system process,1.5427693040464178e-07,True,"""An organ system process carried out by any of the organs or tissues of the circulatory system. The circulatory system is an organ system that moves extracellular fluids to and from tissue within a multicellular organism."" [GOC:mtg_cardio]",595,959,61,20972,0.06360792492179354,0.10252100840336134,query_1,['GO:0003008']
GO:BP,GO:0006810,transport,1.6939640060359373e-07,True,"""The directed movement of substances (such as macromolecules, small molecules, ions) or cellular components (such as complexes and organelles) into, out of or within a cell, or between cells, or within a multicellular organism by means of some agent such as a transporter or a transporter complex, a pore or a motor protein."" [GOC:dos, GOC:dph, GOC:jl, GOC:mah]",4370,959,274,20972,0.2857142857142857,0.06270022883295194,query_1,['GO:0051234']
GO:BP,GO:0006793,phosphorus metabolic process,1.9160696258243663e-07,True,"""The chemical reactions and pathways involving the nonmetallic element phosphorus or compounds that contain phosphorus."" [GOC:ai]",2199,959,158,20972,0.16475495307612095,0.07185084129149613,query_1,['GO:0008152']
GO:BP,GO:0010604,positive regulation of macromolecule metabolic process,1.958676045813936e-07,True,"""Any process that increases the frequency, rate or extent of the chemical reactions and pathways involving macromolecules, any molecule of high relative molecular mass, the structure of which essentially comprises the multiple repetition of units derived, actually or conceptually, from molecules of low relative molecular mass."" [GOC:dph, GOC:tb]",3152,959,210,20972,0.21897810218978103,0.06662436548223351,query_1,"['GO:0009893', 'GO:0043170', 'GO:0060255']"
GO:BP,GO:0001763,morphogenesis of a branching structure,2.0724072875850833e-07,True,"""The process in which the anatomical structures of branches are generated and organized. A branch is a division or offshoot from a main stem. Examples in animals would include blood vessels, nerves, lymphatics and other endothelial or epithelial tubes."" [ISBN:0721662544]",205,959,31,20972,0.03232533889468196,0.15121951219512195,query_1,"['GO:0009653', 'GO:0032501']"
GO:BP,GO:0032101,regulation of response to external stimulus,2.0724072875850833e-07,True,"""Any process that modulates the frequency, rate or extent of a response to an external stimulus."" [GOC:mah]",1092,959,93,20972,0.09697601668404589,0.08516483516483517,query_1,"['GO:0009605', 'GO:0048583']"
GO:BP,GO:0040017,positive regulation of locomotion,2.1054167494982226e-07,True,"""Any process that activates or increases the frequency, rate or extent of locomotion of a cell or organism."" [GOC:go_curators]",586,959,60,20972,0.06256517205422316,0.10238907849829351,query_1,"['GO:0040011', 'GO:0040012', 'GO:0048518']"
GO:BP,GO:0042325,regulation of phosphorylation,2.5015786458573736e-07,True,"""Any process that modulates the frequency, rate or extent of addition of phosphate groups into a molecule."" [GOC:jl]",560,959,58,20972,0.06047966631908238,0.10357142857142858,query_1,"['GO:0016310', 'GO:0051174']"
GO:BP,GO:0006796,phosphate-containing compound metabolic process,2.9474934231053574e-07,True,"""The chemical reactions and pathways involving the phosphate group, the anion or salt of any phosphoric acid."" [GOC:ai]",2196,959,157,20972,0.16371220020855057,0.0714936247723133,query_1,['GO:0006793']
GO:BP,GO:0001816,cytokine production,3.0420379002733986e-07,True,"""The appearance of a cytokine due to biosynthesis or secretion following a cellular stimulus, resulting in an increase in its intracellular or extracellular levels."" [GOC:add, ISBN:0781735149]",786,959,73,20972,0.07612095933263817,0.09287531806615776,query_1,"['GO:0010467', 'GO:0032501']"
GO:BP,GO:0032879,regulation of localization,3.0712213469229186e-07,True,"""Any process that modulates the frequency, rate or extent of any process in which a cell, a substance, or a cellular entity is transported to, or maintained in, a specific location."" [GOC:mah]",1914,959,141,20972,0.1470281543274244,0.07366771159874608,query_1,"['GO:0050789', 'GO:0051179']"
GO:BP,GO:0072009,nephron epithelium development,3.2954379121221215e-07,True,"""The process whose specific outcome is the progression of the nephron epithelium over time, from its formation to the mature structure. An epithelium is a tissue that covers the internal or external surfaces of an anatomical structure. The nephron epithelium is a tissue that covers the surface of a nephron."" [GOC:mtg_kidney_jan10]",123,959,23,20972,0.023983315954118872,0.18699186991869918,query_1,"['GO:0072006', 'GO:0072073']"
GO:BP,GO:0045321,leukocyte activation,3.296363096979499e-07,True,"""A change in morphology and behavior of a leukocyte resulting from exposure to a specific antigen, mitogen, cytokine, cellular ligand, or soluble factor."" [GOC:add]",975,959,85,20972,0.0886339937434828,0.08717948717948718,query_1,"['GO:0001775', 'GO:0002376']"
GO:BP,GO:0044281,small molecule metabolic process,3.77485282773015e-07,True,"""The chemical reactions and pathways involving small molecules, any low molecular weight, monomeric, non-encoded molecule."" [GOC:curators, GOC:pde, GOC:vw]",1694,959,128,20972,0.1334723670490094,0.0755608028335301,query_1,['GO:0008152']
GO:BP,GO:0140014,mitotic nuclear division,3.863529804393278e-07,True,"""A mitotic cell cycle process comprising the steps by which the nucleus of a eukaryotic cell divides; the process involves condensation of chromosomal DNA into a highly compacted form. Canonically, mitosis produces two daughter nuclei whose chromosome complement is identical to that of the mother cell."" [ISBN:0198547684]",283,959,37,20972,0.03858185610010428,0.13074204946996468,query_1,"['GO:0000280', 'GO:1903047']"
GO:BP,GO:0048645,animal organ formation,3.8984264492090757e-07,True,"""The process pertaining to the initial formation of an animal organ from unspecified parts. The process begins with the specific processes that contribute to the appearance of the discrete structure, such as inductive events, and ends when the structural rudiment of the organ is recognizable, such as a condensation of mesenchymal cells into the organ rudiment. Organs are a natural part or structure in an animal or a plant, capable of performing some special action (termed its function), which is essential to the life or well-being of the whole. The heart and lungs are organs of animals, and the petal and leaf are organs of plants. In animals the organs are generally made up of several tissues, one of which usually predominates, and determines the principal function of the organ."" [GOC:dph, GOC:jid]",69,959,17,20972,0.017726798748696558,0.2463768115942029,query_1,"['GO:0009887', 'GO:0048646']"
GO:BP,GO:0051707,response to other organism,4.004016208872966e-07,True,"""Any process that results in a change in state or activity of a cell or an organism (in terms of movement, secretion, enzyme production, gene expression, etc.) as a result of a stimulus from another living organism."" [GOC:ai]",1610,959,123,20972,0.12825860271115747,0.07639751552795031,query_1,"['GO:0043207', 'GO:0044419']"
GO:BP,GO:0045785,positive regulation of cell adhesion,4.0489940828195657e-07,True,"""Any process that activates or increases the frequency, rate or extent of cell adhesion."" [GOC:go_curators]",483,959,52,20972,0.054223149113660066,0.10766045548654245,query_1,"['GO:0007155', 'GO:0030155', 'GO:0048522']"
GO:BP,GO:0009891,positive regulation of biosynthetic process,4.17586933083837e-07,True,"""Any process that activates or increases the frequency, rate or extent of the chemical reactions and pathways resulting in the formation of substances."" [GOC:go_curators]",2645,959,181,20972,0.18873826903023982,0.06843100189035917,query_1,"['GO:0009058', 'GO:0009889', 'GO:0009893']"
GO:BP,GO:0009790,embryo development,4.213680495072218e-07,True,"""The process whose specific outcome is the progression of an embryo from its formation until the end of its embryonic life stage. The end of the embryonic stage is organism-specific. For example, for mammals, the process would begin with zygote formation and end with birth. For insects, the process would begin at zygote formation and end with larval hatching. For plant zygotic embryos, this would be from zygote formation to the end of seed dormancy. For plant vegetative embryos, this would be from the initial determination of the cell or group of cells to form an embryo until the point when the embryo becomes independent of the parent plant."" [GOC:go_curators, GOC:isa_complete, GOC:mtg_sensu]",1126,959,94,20972,0.09801876955161627,0.08348134991119005,query_1,['GO:0007275']
GO:BP,GO:0043207,response to external biotic stimulus,4.361650621591261e-07,True,"""Any process that results in a change in state or activity of a cell or an organism (in terms of movement, secretion, enzyme production, gene expression, etc.) as a result of an external biotic stimulus, an external stimulus caused by, or produced by living things."" [GOC:go_curators]",1613,959,123,20972,0.12825860271115747,0.07625542467451953,query_1,"['GO:0009605', 'GO:0009607']"
GO:BP,GO:0060070,canonical Wnt signaling pathway,4.3934653008055785e-07,True,"""A type of Wnt signaling pathway in which Wnt binding to its receptor on the surface of a target cell results in the by propagation of the molecular signals via beta-catenin, and end with a change in transcription of target genes. In this pathway, the activated receptor signals via downstream effectors that result in the inhibition of beta-catenin phosphorylation, thereby preventing degradation of beta-catenin. Stabilized beta-catenin can then accumulate and travel to the nucleus to trigger changes in transcription of target genes."" [PMID:11532397, PMID:19619488]",310,959,39,20972,0.040667361835245046,0.12580645161290321,query_1,['GO:0016055']
GO:BP,GO:0048878,chemical homeostasis,4.495452582129136e-07,True,"""Any biological process involved in the maintenance of an internal steady state of a chemical."" [GOC:isa_complete]",951,959,83,20972,0.08654848800834203,0.08727655099894847,query_1,['GO:0042592']
GO:BP,GO:0030182,neuron differentiation,4.5404781060673734e-07,True,"""The process in which a relatively unspecialized cell acquires specialized features of a neuron."" [GOC:mah]",1444,959,113,20972,0.11783107403545359,0.07825484764542937,query_1,"['GO:0030154', 'GO:0048699']"
GO:BP,GO:2000147,positive regulation of cell motility,4.5751770093377887e-07,True,"""Any process that activates or increases the frequency, rate or extent of cell motility."" [GOC:mah]",571,959,58,20972,0.06047966631908238,0.10157618213660245,query_1,"['GO:0040017', 'GO:0048522', 'GO:0048870', 'GO:2000145']"
GO:BP,GO:0001817,regulation of cytokine production,4.5751770093377887e-07,True,"""Any process that modulates the frequency, rate, or extent of production of a cytokine."" [GOC:add, ISBN:0781735149]",780,959,72,20972,0.07507820646506778,0.09230769230769231,query_1,"['GO:0001816', 'GO:0010468', 'GO:0051239']"
GO:BP,GO:1990266,neutrophil migration,4.6454184168327274e-07,True,"""The movement of a neutrophil within or between different tissues and organs of the body."" [PMID:1826836]",106,959,21,20972,0.021897810218978103,0.19811320754716982,query_1,['GO:0097530']
GO:BP,GO:0009607,response to biotic stimulus,4.937524412359521e-07,True,"""Any process that results in a change in state or activity of a cell or an organism (in terms of movement, secretion, enzyme production, gene expression, etc.) as a result of a biotic stimulus, a stimulus caused or produced by a living organism."" [GOC:hb]",1652,959,125,20972,0.13034410844629823,0.07566585956416465,query_1,['GO:0050896']
GO:BP,GO:0030335,positive regulation of cell migration,5.070232699579723e-07,True,"""Any process that activates or increases the frequency, rate or extent of cell migration."" [GOC:go_curators]",544,959,56,20972,0.058394160583941604,0.10294117647058823,query_1,"['GO:0016477', 'GO:0030334', 'GO:2000147']"
GO:BP,GO:0061138,morphogenesis of a branching epithelium,5.126488982267912e-07,True,"""The process in which the anatomical structures of a branched epithelium are generated and organized."" [GOC:dph]",191,959,29,20972,0.03023983315954119,0.1518324607329843,query_1,"['GO:0001763', 'GO:0002009']"
GO:BP,GO:0016055,Wnt signaling pathway,5.328748239353863e-07,True,"""The series of molecular signals initiated by binding of a Wnt protein to a frizzled family receptor on the surface of a target cell and ending with a change in cell state."" [PMID:11532397]",460,959,50,20972,0.05213764337851929,0.10869565217391304,query_1,['GO:0007166']
GO:BP,GO:0090090,negative regulation of canonical Wnt signaling pathway,5.350309110696165e-07,True,"""Any process that decreases the rate, frequency, or extent of the Wnt signaling pathway through beta-catenin, the series of molecular signals initiated by binding of a Wnt protein to a frizzled family receptor on the surface of the target cell, followed by propagation of the signal via beta-catenin, and ending with a change in transcription of target genes."" [GOC:dph, GOC:tb]",137,959,24,20972,0.02502606882168926,0.17518248175182483,query_1,"['GO:0030178', 'GO:0060070', 'GO:0060828']"
GO:BP,GO:0060348,bone development,5.616875107787226e-07,True,"""The process whose specific outcome is the progression of bone over time, from its formation to the mature structure. Bone is the hard skeletal connective tissue consisting of both mineral and cellular components."" [GOC:dph]",215,959,31,20972,0.03232533889468196,0.14418604651162792,query_1,"['GO:0001501', 'GO:0048513']"
GO:BP,GO:0051897,positive regulation of phosphatidylinositol 3-kinase/protein kinase B signal transduction,5.659708090020561e-07,True,"""Any process that activates or increases the frequency, rate or extent of phosphatidylinositol 3-kinase/protein kinase B signal transduction."" [GOC:ai]",192,959,29,20972,0.03023983315954119,0.15104166666666666,query_1,"['GO:0043491', 'GO:0051896', 'GO:1902533']"
GO:BP,GO:0097530,granulocyte migration,5.66702850403455e-07,True,"""The movement of a granulocyte within or between different tissues and organs of the body."" [GOC:cvs, PMID:24163421, PMID:24193336]",148,959,25,20972,0.026068821689259645,0.16891891891891891,query_1,['GO:0097529']
GO:BP,GO:0035265,organ growth,6.692674221245424e-07,True,"""The increase in size or mass of an organ. Organs are commonly observed as visibly distinct structures, but may also exist as loosely associated clusters of cells that function together as to perform a specific function."" [GOC:bf, ISBN:0471245208, ISBN:0721662544]",160,959,26,20972,0.027111574556830033,0.1625,query_1,"['GO:0032501', 'GO:0048589']"
GO:BP,GO:0043410,positive regulation of MAPK cascade,6.818545372892943e-07,True,"""Any process that activates or increases the frequency, rate or extent of signal transduction mediated by the MAPK cascade."" [GOC:go_curators]",450,959,49,20972,0.051094890510948905,0.10888888888888888,query_1,"['GO:0000165', 'GO:0043408', 'GO:1902533']"
GO:BP,GO:0045669,positive regulation of osteoblast differentiation,6.842919050895985e-07,True,"""Any process that activates or increases the frequency, rate or extent of osteoblast differentiation."" [GOC:go_curators]",72,959,17,20972,0.017726798748696558,0.2361111111111111,query_1,"['GO:0001649', 'GO:0045597', 'GO:0045667']"
GO:BP,GO:0010557,positive regulation of macromolecule biosynthetic process,6.842919050895985e-07,True,"""Any process that increases the rate, frequency or extent of the chemical reactions and pathways resulting in the formation of a macromolecule, any molecule of high relative molecular mass, the structure of which essentially comprises the multiple repetition of units derived, actually or conceptually, from molecules of low relative molecular mass."" [GOC:dph, GOC:tb]",2538,959,174,20972,0.18143899895724713,0.06855791962174941,query_1,"['GO:0009059', 'GO:0009891', 'GO:0010556', 'GO:0010604']"
GO:BP,GO:0001657,ureteric bud development,6.842919050895985e-07,True,"""The process whose specific outcome is the progression of the ureteric bud over time, from its formation to the mature structure."" [GOC:go_curators]",99,959,20,20972,0.020855057351407715,0.20202020202020202,query_1,['GO:0072164']
GO:BP,GO:0120035,regulation of plasma membrane bounded cell projection organization,6.919711852188575e-07,True,"""Any process that modulates the frequency, rate or extent of a process involved in the formation, arrangement of constituent parts, or disassembly of plasma membrane bounded cell projections."" [GOC:krc]",623,959,61,20972,0.06360792492179354,0.09791332263242375,query_1,"['GO:0031344', 'GO:0120036']"
GO:BP,GO:0010876,lipid localization,7.13804787742778e-07,True,"""Any process in which a lipid is transported to, or maintained in, a specific location."" [GOC:BHF, GOC:dph, GOC:tb]",451,959,49,20972,0.051094890510948905,0.10864745011086474,query_1,['GO:0033036']
GO:BP,GO:0030111,regulation of Wnt signaling pathway,7.907651315810494e-07,True,"""Any process that modulates the frequency, rate or extent of the activity of the Wnt signal transduction pathway."" [GOC:dph, GOC:mah, GOC:tb]",331,959,40,20972,0.04171011470281543,0.12084592145015106,query_1,"['GO:0009966', 'GO:0016055']"
GO:BP,GO:0048871,multicellular organismal-level homeostasis,7.907651315810494e-07,True,"""Any process involved in the maintenance of an internal steady state at the level of the multicellular organism."" [GOC:isa_complete]",839,959,75,20972,0.07820646506777894,0.08939213349225268,query_1,"['GO:0032501', 'GO:0042592']"
GO:BP,GO:0072164,mesonephric tubule development,7.907651315810494e-07,True,"""The progression of a mesonephric tubule over time, from its initial formation to the mature structure. A mesonephric tubule is an epithelial tube that is part of the mesonephros."" [GOC:mtg_kidney_jan10]",100,959,20,20972,0.020855057351407715,0.2,query_1,"['GO:0035295', 'GO:0072163']"
GO:BP,GO:0072163,mesonephric epithelium development,7.907651315810494e-07,True,"""The process whose specific outcome is the progression of an epithelium in the mesonephros over time, from its formation to the mature structure. An epithelium is a tissue that covers the internal or external surfaces of an anatomical structure."" [GOC:mtg_kidney_jan10]",100,959,20,20972,0.020855057351407715,0.2,query_1,"['GO:0001823', 'GO:0072073']"
GO:BP,GO:0060828,regulation of canonical Wnt signaling pathway,7.928450824236775e-07,True,"""Any process that modulates the rate, frequency, or extent of the Wnt signaling pathway through beta-catenin, the series of molecular signals initiated by binding of a Wnt protein to a frizzled family receptor on the surface of the target cell, followed by propagation of the signal via beta-catenin, and ending with a change in transcription of target genes."" [GOC:dph, GOC:sdb_2009, GOC:tb]",255,959,34,20972,0.035453597497393116,0.13333333333333333,query_1,"['GO:0030111', 'GO:0060070']"
GO:BP,GO:0045444,fat cell differentiation,8.07254991882709e-07,True,"""The process in which a relatively unspecialized cell acquires specialized features of an adipocyte, an animal connective tissue cell specialized for the synthesis and storage of fat."" [CL:0000136, GOC:go_curators]",243,959,33,20972,0.03441084462982273,0.13580246913580246,query_1,['GO:0030154']
GO:BP,GO:0043491,phosphatidylinositol 3-kinase/protein kinase B signal transduction,8.384589567232442e-07,True,"""An intracellular signaling cassette that starts with phosphatidylinositol 3-kinase (PI3K) activation, production of phosphatidylinositol 3-phosphate (PI3P), activation of PDK1, which recruits and ending with the activation of protein kinase B (PKB, also known as Akt). PI3K is activated by cell surface receptors. Note that PTEN is an inhibitor of the pathway."" [PMID:20517722, PMID:22952397]",306,959,38,20972,0.03962460896767466,0.12418300653594772,query_1,['GO:0141124']
GO:BP,GO:0030593,neutrophil chemotaxis,8.471222934641288e-07,True,"""The directed movement of a neutrophil cell, the most numerous polymorphonuclear leukocyte found in the blood, in response to an external stimulus, usually an infection or wounding."" [GOC:jl, ISBN:0198506732]",82,959,18,20972,0.018769551616266946,0.21951219512195122,query_1,"['GO:0071621', 'GO:1990266']"
GO:BP,GO:2000027,regulation of animal organ morphogenesis,8.471222934641288e-07,True,"""Any process that modulates the frequency, rate or extent of animal organ morphogenesis."" [GOC:obol]",82,959,18,20972,0.018769551616266946,0.21951219512195122,query_1,"['GO:0009887', 'GO:0022603']"
GO:BP,GO:0009617,response to bacterium,9.12094353056096e-07,True,"""Any process that results in a change in state or activity of a cell or an organism (in terms of movement, secretion, enzyme production, gene expression, etc.) as a result of a stimulus from a bacterium."" [GOC:hb]",719,959,67,20972,0.06986444212721585,0.09318497913769123,query_1,['GO:0051707']
GO:BP,GO:0030278,regulation of ossification,9.557594558870894e-07,True,"""Any process that modulates the frequency, rate or extent of ossification, the formation of bone or of a bony substance or the conversion of fibrous tissue or of cartilage into bone or a bony substance."" [GOC:go_curators]",121,959,22,20972,0.022940563086548488,0.18181818181818182,query_1,"['GO:0001503', 'GO:0051239']"
GO:BP,GO:0060395,SMAD protein signal transduction,1.021314110016074e-06,True,"""An intracellular signaling cassette that starts with the activation of a SMAD protein, leading to the formation of a complex with co-SMADs, which translocates to the nucleus and regulates transcription of specific target genes."" [GOC:BHF]",83,959,18,20972,0.018769551616266946,0.21686746987951808,query_1,"['GO:0007178', 'GO:0141124']"
GO:BP,GO:1901699,cellular response to nitrogen compound,1.031032110369417e-06,True,"""Any process that results in a change in state or activity of a cell (in terms of movement, secretion, enzyme production, gene expression, etc.) as a result of a nitrogen compound stimulus."" [GOC:pr, GOC:TermGenie]",676,959,64,20972,0.0667361835245047,0.09467455621301775,query_1,"['GO:0070887', 'GO:1901698']"
GO:BP,GO:0051234,establishment of localization,1.1210420595889386e-06,True,"""Any process that localizes a substance or cellular component. This may occur via movement, tethering or selective degradation."" [GOC:ai, GOC:dos]",4804,959,291,20972,0.3034410844629823,0.06057452123230641,query_1,['GO:0051179']
GO:BP,GO:0030029,actin filament-based process,1.121693004123138e-06,True,"""Any cellular process that depends upon or alters the actin cytoskeleton, that part of the cytoskeleton comprising actin filaments and their associated proteins."" [GOC:mah]",816,959,73,20972,0.07612095933263817,0.08946078431372549,query_1,['GO:0009987']
GO:BP,GO:0048706,embryonic skeletal system development,1.2074671592096818e-06,True,"""The process, occurring during the embryonic phase, whose specific outcome is the progression of the skeleton over time, from its formation to the mature structure."" [GOC:dph, GOC:dsf, GOC:jid, GOC:tb, PMID:16049113]",133,959,23,20972,0.023983315954118872,0.17293233082706766,query_1,"['GO:0001501', 'GO:0043009']"
GO:BP,GO:0006869,lipid transport,1.3210129991455943e-06,True,"""The directed movement of lipids into, out of or within a cell, or between cells, by means of some agent such as a transporter or pore. Lipids are compounds soluble in an organic solvent but not, or sparingly, in an aqueous solvent."" [ISBN:0198506732]",433,959,47,20972,0.049009384775808136,0.10854503464203233,query_1,"['GO:0006810', 'GO:0010876']"
GO:BP,GO:0001655,urogenital system development,1.369157529448545e-06,True,"""The process whose specific outcome is the progression of the urogenital system over time, from its formation to the mature structure."" [GOC:go_curators]",67,959,16,20972,0.016684045881126174,0.23880597014925373,query_1,['GO:0048731']
GO:BP,GO:0006066,alcohol metabolic process,1.3927512679500912e-06,True,"""The chemical reactions and pathways involving alcohols, any of a class of compounds containing one or more hydroxyl groups attached to a saturated carbon atom."" [ISBN:0198506732]",352,959,41,20972,0.04275286757038582,0.11647727272727272,query_1,['GO:0044281']
GO:BP,GO:0050920,regulation of chemotaxis,1.397263129346531e-06,True,"""Any process that modulates the frequency, rate or extent of the directed movement of a motile cell or organism in response to a specific chemical concentration gradient."" [GOC:ai]",201,959,29,20972,0.03023983315954119,0.14427860696517414,query_1,"['GO:0006935', 'GO:0032101', 'GO:0040012']"
GO:BP,GO:0019221,cytokine-mediated signaling pathway,1.49320755815234e-06,True,"""The series of molecular signals initiated by the binding of a cytokine to a receptor on the surface of a cell, and ending with the regulation of a downstream cellular process, e.g. transcription."" [GOC:mah, GOC:signaling, PMID:19295629]",564,959,56,20972,0.058394160583941604,0.09929078014184398,query_1,"['GO:0007166', 'GO:0071345']"
GO:BP,GO:0033002,muscle cell proliferation,1.49320755815234e-06,True,"""The expansion of a muscle cell population by cell division."" [CL:0000187, GOC:mah]",190,959,28,20972,0.029197080291970802,0.14736842105263157,query_1,['GO:0008283']
GO:BP,GO:0031032,actomyosin structure organization,1.5406803937016483e-06,True,"""A process that is carried out at the cellular level which results in the assembly, arrangement of constituent parts, or disassembly of cytoskeletal structures containing both actin and myosin or paramyosin. The myosin may be organized into filaments."" [GOC:dph, GOC:jl, GOC:mah]",202,959,29,20972,0.03023983315954119,0.14356435643564355,query_1,['GO:0030036']
GO:BP,GO:0031344,regulation of cell projection organization,1.54793851273206e-06,True,"""Any process that modulates the frequency, rate or extent of a process involved in the formation, arrangement of constituent parts, or disassembly of cell projections."" [GOC:mah]",639,959,61,20972,0.06360792492179354,0.09546165884194054,query_1,"['GO:0030030', 'GO:0051128']"
GO:BP,GO:0060675,ureteric bud morphogenesis,1.6617446165741204e-06,True,"""The process in which the ureteric bud is generated and organized."" [GOC:dph, GOC:mtg_kidney_jan10]",68,959,16,20972,0.016684045881126174,0.23529411764705882,query_1,"['GO:0001657', 'GO:0072171']"
GO:BP,GO:0060429,epithelium development,1.8738854571116659e-06,True,"""The process whose specific outcome is the progression of an epithelium over time, from its formation to the mature structure. An epithelium is a tissue that covers the internal or external surfaces of an anatomical structure."" [GOC:dph, GOC:mtg_lung]",1234,959,98,20972,0.10218978102189781,0.07941653160453808,query_1,['GO:0009888']
GO:BP,GO:0030178,negative regulation of Wnt signaling pathway,2.0344349837850673e-06,True,"""Any process that stops, prevents, or reduces the frequency, rate or extent of the Wnt signaling pathway."" [GOC:dph, GOC:go_curators, GOC:tb]",170,959,26,20972,0.027111574556830033,0.15294117647058825,query_1,"['GO:0009968', 'GO:0016055', 'GO:0030111']"
GO:BP,GO:0007596,blood coagulation,2.0344349837850673e-06,True,"""The sequential process in which the multiple coagulation factors of the blood interact, ultimately resulting in the formation of an insoluble fibrin clot; it may be divided into three stages: stage 1, the formation of intrinsic and extrinsic prothrombin converting principle; stage 2, the formation of thrombin; stage 3, the formation of stable fibrin polymers."" [PMID:30700128]",241,959,32,20972,0.03336809176225235,0.13278008298755187,query_1,"['GO:0007599', 'GO:0042060', 'GO:0050817']"
GO:BP,GO:0072171,mesonephric tubule morphogenesis,2.036192077849008e-06,True,"""The process in which the anatomical structures of a mesonephric tubule are generated and organized. A mesonephric tubule is an epithelial tube that is part of the mesonephros."" [GOC:mtg_kidney_jan10]",69,959,16,20972,0.016684045881126174,0.2318840579710145,query_1,"['GO:0072078', 'GO:0072164']"
GO:BP,GO:0051050,positive regulation of transport,2.495011148416471e-06,True,"""Any process that activates or increases the frequency, rate or extent of the directed movement of substances (such as macromolecules, small molecules, ions) into, out of or within a cell, or between cells, by means of some agent such as a transporter or pore."" [GOC:ai]",818,959,72,20972,0.07507820646506778,0.08801955990220049,query_1,"['GO:0006810', 'GO:0048518', 'GO:0051049']"
GO:BP,GO:0044419,biological process involved in interspecies interaction between organisms,2.5401383169981975e-06,True,"""Any process evolved to enable an interaction with an organism of a different species."" [GOC:cc]",1777,959,129,20972,0.13451511991657977,0.07259425998874508,query_1,['GO:0008150']
GO:BP,GO:0050878,regulation of body fluid levels,2.5401383169981975e-06,True,"""Any process that modulates the levels of body fluids."" [GOC:ai, GOC:dph, GOC:tb]",374,959,42,20972,0.043795620437956206,0.11229946524064172,query_1,['GO:0065008']
GO:BP,GO:0016310,phosphorylation,2.6029780546787518e-06,True,"""The process of introducing a phosphate group into a molecule, usually with the formation of a phosphoric ester, a phosphoric anhydride or a phosphoric amide."" [ISBN:0198506732]",1077,959,88,20972,0.09176225234619395,0.08170844939647168,query_1,['GO:0006796']
GO:BP,GO:0002684,positive regulation of immune system process,2.7033455879532055e-06,True,"""Any process that activates or increases the frequency, rate, or extent of an immune system process."" [GOC:add]",1111,959,90,20972,0.09384775808133472,0.081008100810081,query_1,"['GO:0002376', 'GO:0002682', 'GO:0048518']"
GO:BP,GO:0001658,branching involved in ureteric bud morphogenesis,2.792550915023944e-06,True,"""The process in which the branching structure of the ureteric bud is generated and organized. The ureteric bud is an epithelial tube that grows out from the metanephric duct. The bud elongates and branches to give rise to the ureter and kidney collecting tubules."" [GOC:dph, PMID:16916378]",62,959,15,20972,0.01564129301355579,0.24193548387096775,query_1,"['GO:0048754', 'GO:0060675']"
GO:BP,GO:0001932,regulation of protein phosphorylation,3.1152411907767656e-06,True,"""Any process that modulates the frequency, rate or extent of addition of phosphate groups into an amino acid in a protein."" [GOC:hjd]",504,959,51,20972,0.053180396246089674,0.10119047619047619,query_1,"['GO:0006468', 'GO:0031399', 'GO:0042325']"
GO:BP,GO:0050817,coagulation,3.1732703948083347e-06,True,"""The process in which a fluid solution, or part of it, changes into a solid or semisolid mass."" [ISBN:0198506732]",246,959,32,20972,0.03336809176225235,0.13008130081300814,query_1,['GO:0032501']
GO:BP,GO:0048666,neuron development,3.4034684297812852e-06,True,"""The process whose specific outcome is the progression of a neuron over time, from initial commitment of the cell to a specific fate, to the fully functional differentiated cell."" [GOC:dph]",1167,959,93,20972,0.09697601668404589,0.07969151670951156,query_1,"['GO:0030182', 'GO:0048468']"
GO:BP,GO:0071621,granulocyte chemotaxis,3.4495878135432862e-06,True,"""The movement of a granulocyte in response to an external stimulus."" [GOC:rph]",120,959,21,20972,0.021897810218978103,0.175,query_1,"['GO:0030595', 'GO:0097530']"
GO:BP,GO:1901342,regulation of vasculature development,3.7025642998973337e-06,True,"""Any process that modulates the frequency, rate or extent of vasculature development."" [GOC:TermGenie]",299,959,36,20972,0.03753910323253389,0.12040133779264214,query_1,"['GO:0001944', 'GO:2000026']"
GO:BP,GO:0007599,hemostasis,3.771148360540565e-06,True,"""The stopping of bleeding (loss of body fluid) or the arrest of the circulation to an organ or part."" [ISBN:0198506732]",248,959,32,20972,0.03336809176225235,0.12903225806451613,query_1,['GO:0050878']
GO:BP,GO:0070371,ERK1 and ERK2 cascade,3.993734223293974e-06,True,"""A MAPK cascade containing at least the ERK1 or ERK2 MAP kinases. It starts with the activation of a MAP3K, and the consecutive activation of a MPK2K and of ERK1 or ERK2. The cascade can also contain an additional tier: the upstream MAP4K. The kinases in each tier phosphorylate and activate the kinase in the downstream tier. The ERK1/ERK2 cascade is activated by mitogens, growth factors, G protein-coupled receptors, and results in cellular responses such as cell proliferation, cell differentiation and development."" [PMID:20811974, PMID:23125017, PMID:28903453]",300,959,36,20972,0.03753910323253389,0.12,query_1,['GO:0000165']
GO:BP,GO:0061333,renal tubule morphogenesis,4.330636641902362e-06,True,"""The process in which the renal tubule is generated by specification of cell fate, through the maintenance of cell polarity, regulated cell proliferation and morphogenetic cell rearrangements, shape changes and growth. A renal tubule is a tube that filters, re-absorbs and secretes substances to rid an organism of waste and to play a role in fluid homeostasis."" [GOC:dph, GOC:mtg_kidney_jan10]",82,959,17,20972,0.017726798748696558,0.2073170731707317,query_1,"['GO:0060562', 'GO:0061326']"
GO:BP,GO:0048732,gland development,4.713119789690624e-06,True,"""The process whose specific outcome is the progression of a gland over time, from its formation to the mature structure. A gland is an organ specialised for secretion."" [GOC:jid]",425,959,45,20972,0.04692387904066736,0.10588235294117647,query_1,['GO:0048513']
GO:BP,GO:0002694,regulation of leukocyte activation,5.174370763930974e-06,True,"""Any process that modulates the frequency, rate, or extent of leukocyte activation."" [GOC:add]",572,959,55,20972,0.05735140771637122,0.09615384615384616,query_1,"['GO:0002682', 'GO:0045321', 'GO:0050865']"
REAC,REAC:R-HSA-1474244,Extracellular matrix organization,5.378869878883843e-06,True,Extracellular matrix organization,298,648,45,11056,0.06944444444444445,0.15100671140939598,query_1,['REAC:0000000']
GO:BP,GO:0006468,protein phosphorylation,5.635572883255817e-06,True,"""The process of introducing a phosphate group on to a protein."" [GOC:hb]",982,959,81,20972,0.08446298227320125,0.0824847250509165,query_1,"['GO:0016310', 'GO:0036211']"
GO:BP,GO:0141091,transforming growth factor beta receptor superfamily signaling pathway,5.817897204245992e-06,True,"""The series of molecular signals initiated by an extracellular ligand binding to a member of the transforming growth factor receptor superfamily, and ending with the regulation of a downstream cellular process, e.g. transcription."" [PMID:22651914, PMID:28096268]",345,959,39,20972,0.040667361835245046,0.11304347826086956,query_1,['GO:0007178']
GO:BP,GO:0043434,response to peptide hormone,5.856917981496442e-06,True,"""Any process that results in a change in state or activity of a cell or an organism (in terms of movement, secretion, enzyme production, gene expression, etc.) as a result of a peptide hormone stimulus. A peptide hormone is any of a class of peptides that are secreted into the blood stream and have endocrine functions in living animals."" [PMID:11027914, PMID:15134857, Wikipedia:Peptide_hormone]",457,959,47,20972,0.049009384775808136,0.10284463894967177,query_1,"['GO:0009725', 'GO:1901698', 'GO:1901700']"
GO:BP,GO:0045765,regulation of angiogenesis,5.9497056401786554e-06,True,"""Any process that modulates the frequency, rate or extent of angiogenesis."" [GOC:go_curators]",292,959,35,20972,0.0364963503649635,0.11986301369863013,query_1,"['GO:0001525', 'GO:0022603', 'GO:1901342']"
REAC,REAC:R-HSA-162582,Signal Transduction,6.622562811336744e-06,True,Signal Transduction,2570,648,212,11056,0.3271604938271605,0.08249027237354085,query_1,['REAC:0000000']
GO:BP,GO:0048660,regulation of smooth muscle cell proliferation,6.770726273095244e-06,True,"""Any process that modulates the frequency, rate or extent of smooth muscle cell proliferation."" [CL:0000192, GOC:ebc]",125,959,21,20972,0.021897810218978103,0.168,query_1,"['GO:0042127', 'GO:0048659']"
GO:BP,GO:0051896,regulation of phosphatidylinositol 3-kinase/protein kinase B signal transduction,7.005531081666992e-06,True,"""Any process that modulates the frequency, rate or extent of phosphatidylinositol 3-kinase/protein kinase B signal transduction."" [GOC:ai]",268,959,33,20972,0.03441084462982273,0.12313432835820895,query_1,"['GO:0043491', 'GO:1902531']"
GO:BP,GO:0032868,response to insulin,7.390743111017368e-06,True,"""Any process that results in a change in state or activity of a cell or an organism (in terms of movement, secretion, enzyme production, gene expression, etc.) as a result of an insulin stimulus. Insulin is a polypeptide hormone produced by the islets of Langerhans of the pancreas in mammals, and by the homologous organs of other organisms."" [GOC:mah, ISBN:0198506732]",308,959,36,20972,0.03753910323253389,0.11688311688311688,query_1,['GO:0043434']
GO:BP,GO:0042327,positive regulation of phosphorylation,7.4475605120986645e-06,True,"""Any process that activates or increases the frequency, rate or extent of addition of phosphate groups to a molecule."" [GOC:jl]",335,959,38,20972,0.03962460896767466,0.11343283582089553,query_1,"['GO:0016310', 'GO:0042325', 'GO:0045937']"
GO:BP,GO:0048754,branching morphogenesis of an epithelial tube,7.484438708530254e-06,True,"""The process in which the anatomical structures of branches in an epithelial tube are generated and organized. A tube is a long hollow cylinder."" [GOC:dgh, GOC:dph, GOC:jid]",159,959,24,20972,0.02502606882168926,0.1509433962264151,query_1,"['GO:0035239', 'GO:0060562', 'GO:0061138']"
GO:BP,GO:0030850,prostate gland development,7.507579911132946e-06,True,"""The process whose specific outcome is the progression of the prostate gland over time, from its formation to the mature structure. The prostate gland is a partly muscular, partly glandular body that is situated near the base of the mammalian male urethra and secretes an alkaline viscid fluid which is a major constituent of the ejaculatory fluid."" [PMID:11839751]",50,959,13,20972,0.013555787278415016,0.26,query_1,"['GO:0001655', 'GO:0048608', 'GO:0048732']"
GO:BP,GO:0060390,regulation of SMAD protein signal transduction,7.689756318910422e-06,True,"""Any process that modulates the rate, frequency or extent of SMAD protein signal transduction."" [GOC:BHF, GOC:dph, GOC:tb]",67,959,15,20972,0.01564129301355579,0.22388059701492538,query_1,"['GO:0060395', 'GO:1902531']"
GO:BP,GO:0001819,positive regulation of cytokine production,8.239537065640973e-06,True,"""Any process that activates or increases the frequency, rate or extent of production of a cytokine."" [GOC:add, ISBN:0781735149]",492,959,49,20972,0.051094890510948905,0.09959349593495935,query_1,"['GO:0001816', 'GO:0001817', 'GO:0010628', 'GO:0051240']"
GO:BP,GO:1901655,cellular response to ketone,8.649876001300037e-06,True,"""Any process that results in a change in state or activity of a cell (in terms of movement, secretion, enzyme production, gene expression, etc.) as a result of a ketone stimulus."" [GOC:pr, GOC:TermGenie]",106,959,19,20972,0.01981230448383733,0.1792452830188679,query_1,"['GO:1901654', 'GO:1901701']"
GO:BP,GO:0031175,neuron projection development,8.662369886193605e-06,True,"""The process whose specific outcome is the progression of a neuron projection over time, from its formation to the mature structure. A neuron projection is any process extending from a neural cell, such as axons or dendrites (collectively called neurites)."" [GOC:mah]",1010,959,82,20972,0.08550573514077164,0.08118811881188119,query_1,"['GO:0048666', 'GO:0120036']"
GO:BP,GO:0030514,negative regulation of BMP signaling pathway,8.785089519211406e-06,True,"""Any process that stops, prevents, or reduces the frequency, rate or extent of the BMP signaling pathway."" [GOC:go_curators]",59,959,14,20972,0.014598540145985401,0.23728813559322035,query_1,"['GO:0030509', 'GO:0030510', 'GO:0090101', 'GO:0090288']"
GO:BP,GO:0072078,nephron tubule morphogenesis,9.05361918724832e-06,True,"""The process in which the anatomical structures of a nephron tubule are generated and organized. A nephron tubule is an epithelial tube that is part of the nephron, the functional part of the kidney."" [GOC:mtg_kidney_jan10]",77,959,16,20972,0.016684045881126174,0.2077922077922078,query_1,"['GO:0061333', 'GO:0072080', 'GO:0072088']"
GO:BP,GO:0048659,smooth muscle cell proliferation,9.756480666910038e-06,True,"""The multiplication or reproduction of smooth muscle cells, resulting in the expansion of a cell population."" [CL:0000192, GOC:ebc, PMID:1840698]",128,959,21,20972,0.021897810218978103,0.1640625,query_1,['GO:0033002']
GO:BP,GO:0001659,temperature homeostasis,9.77856259382286e-06,True,"""A homeostatic process in which an organism modulates its internal body temperature."" [GOC:jl]",197,959,27,20972,0.028154327424400417,0.13705583756345177,query_1,['GO:0048871']
GO:BP,GO:2000377,regulation of reactive oxygen species metabolic process,9.77856259382286e-06,True,"""Any process that modulates the frequency, rate or extent of reactive oxygen species metabolic process."" [GOC:mah]",139,959,22,20972,0.022940563086548488,0.15827338129496402,query_1,"['GO:0019222', 'GO:0072593']"
GO:BP,GO:0007178,cell surface receptor protein serine/threonine kinase signaling pathway,1.0709529381958307e-05,True,"""The series of molecular signals initiated by an extracellular ligand binding to a receptor on the surface of the target cell where the receptor possesses serine/threonine kinase activity, and ending with the regulation of a downstream cellular process, e.g. transcription."" [GOC:mah, GOC:signaling]",368,959,40,20972,0.04171011470281543,0.10869565217391304,query_1,['GO:0007167']
GO:BP,GO:0048285,organelle fission,1.0763719177611264e-05,True,"""The creation of two or more organelles by division of one organelle."" [GOC:jid]",497,959,49,20972,0.051094890510948905,0.09859154929577464,query_1,['GO:0006996']
GO:BP,GO:0043068,positive regulation of programmed cell death,1.0990103635056127e-05,True,"""Any process that activates or increases the frequency, rate or extent of programmed cell death, cell death resulting from activation of endogenous cellular processes."" [GOC:jl]",527,959,51,20972,0.053180396246089674,0.0967741935483871,query_1,"['GO:0012501', 'GO:0043067', 'GO:0048522']"
GO:BP,GO:0045596,negative regulation of cell differentiation,1.1723863819503184e-05,True,"""Any process that stops, prevents, or reduces the frequency, rate or extent of cell differentiation."" [GOC:go_curators]",665,959,60,20972,0.06256517205422316,0.09022556390977443,query_1,"['GO:0030154', 'GO:0045595', 'GO:0048523', 'GO:0051093']"
GO:BP,GO:0032943,mononuclear cell proliferation,1.24256064444576e-05,True,"""The expansion of a mononuclear cell population by cell division. A mononuclear cell is a leukocyte with a single non-segmented nucleus in the mature form."" [GOC:add]",302,959,35,20972,0.0364963503649635,0.11589403973509933,query_1,['GO:0070661']
GO:BP,GO:0072088,nephron epithelium morphogenesis,1.2671078839471726e-05,True,"""The process in which the anatomical structures of the nephron epithelium are generated and organized. The nephron epithelium is a tissue that covers the surface of a nephron."" [GOC:mtg_kidney_jan10]",79,959,16,20972,0.016684045881126174,0.20253164556962025,query_1,"['GO:0002009', 'GO:0072009', 'GO:0072028']"
GO:BP,GO:0007010,cytoskeleton organization,1.3074880812729586e-05,True,"""A process that is carried out at the cellular level which results in the assembly, arrangement of constituent parts, or disassembly of cytoskeletal structures."" [GOC:dph, GOC:jl, GOC:mah]",1534,959,112,20972,0.11678832116788321,0.07301173402868318,query_1,['GO:0006996']
GO:BP,GO:0044344,cellular response to fibroblast growth factor stimulus,1.3313562339086955e-05,True,"""Any process that results in a change in state or activity of a cell (in terms of movement, secretion, enzyme production, gene expression, etc.) as a result of an fibroblast growth factor stimulus."" [GOC:jl, GOC:yaf]",153,959,23,20972,0.023983315954118872,0.1503267973856209,query_1,"['GO:0071363', 'GO:0071774']"
GO:BP,GO:1903047,mitotic cell cycle process,1.3790728675776656e-05,True,"""A process that is part of the mitotic cell cycle."" [GO_REF:0000060, GOC:mtg_cell_cycle, GOC:TermGenie]",747,959,65,20972,0.06777893639207508,0.08701472556894244,query_1,"['GO:0000278', 'GO:0022402']"
GO:BP,GO:0002685,regulation of leukocyte migration,1.4408579953055531e-05,True,"""Any process that modulates the frequency, rate, or extent of leukocyte migration."" [GOC:add]",226,959,29,20972,0.03023983315954119,0.12831858407079647,query_1,"['GO:0002682', 'GO:0030334', 'GO:0050900']"
GO:BP,GO:0002237,response to molecule of bacterial origin,1.4432695618928756e-05,True,"""Any process that results in a change in state or activity of an organism (in terms of movement, secretion, enzyme production, gene expression, etc.) as a result of a stimulus by molecules of bacterial origin such as peptides derived from bacterial flagellin."" [GOC:rl, GOC:sm]",345,959,38,20972,0.03962460896767466,0.11014492753623188,query_1,"['GO:0009617', 'GO:0043207']"
GO:BP,GO:0002062,chondrocyte differentiation,1.544387717209933e-05,True,"""The process in which a chondroblast acquires specialized structural and/or functional features of a chondrocyte. A chondrocyte is a polymorphic cell that forms cartilage."" [GOC:dph]",121,959,20,20972,0.020855057351407715,0.1652892561983471,query_1,"['GO:0030154', 'GO:0051216']"
GO:BP,GO:0072080,nephron tubule development,1.544387717209933e-05,True,"""The progression of a nephron tubule over time, from its initial formation to the mature structure. A nephron tubule is an epithelial tube that is part of the nephron, the functional part of the kidney."" [GOC:mtg_kidney_jan10]",100,959,18,20972,0.018769551616266946,0.18,query_1,"['GO:0061326', 'GO:0072009']"
GO:BP,GO:0009792,embryo development ending in birth or egg hatching,1.5572648120058174e-05,True,"""The process whose specific outcome is the progression of an embryo over time, from zygote formation until the end of the embryonic life stage. The end of the embryonic life stage is organism-specific and may be somewhat arbitrary; for mammals it is usually considered to be birth, for insects the hatching of the first instar larva from the eggshell."" [GOC:go_curators, GOC:isa_complete, GOC:mtg_sensu]",687,959,61,20972,0.06360792492179354,0.08879184861717612,query_1,['GO:0009790']
GO:BP,GO:0055082,intracellular chemical homeostasis,1.638104330471316e-05,True,"""A homeostatic process involved in the maintenance of a steady state level of a chemical within a cell."" [GOC:isa_complete, GOC:jid]",626,959,57,20972,0.05943691345151199,0.09105431309904154,query_1,"['GO:0019725', 'GO:0048878']"
GO:BP,GO:0072593,reactive oxygen species metabolic process,1.6971587852917254e-05,True,"""The chemical reactions and pathways involving a reactive oxygen species, any molecules or ions formed by the incomplete one-electron reduction of oxygen. They contribute to the microbicidal activity of phagocytes, regulation of signal transduction and gene expression, and the oxidative damage to biopolymers."" [GOC:mah]",228,959,29,20972,0.03023983315954119,0.12719298245614036,query_1,['GO:0008152']
GO:BP,GO:0072028,nephron morphogenesis,1.740565105597091e-05,True,"""The process in which the anatomical structures of the nephron are generated and organized. A nephron is the functional unit of the kidney."" [GOC:mtg_kidney_jan10]",81,959,16,20972,0.016684045881126174,0.19753086419753085,query_1,"['GO:0009653', 'GO:0060993', 'GO:0072006']"
GO:BP,GO:0048729,tissue morphogenesis,1.7407310454560285e-05,True,"""The process in which the anatomical structures of a tissue are generated and organized."" [GOC:dph, GOC:jid]",612,959,56,20972,0.058394160583941604,0.0915032679738562,query_1,"['GO:0009653', 'GO:0009888']"
GO:BP,GO:0032330,regulation of chondrocyte differentiation,1.782475775597088e-05,True,"""Any process that modulates the frequency, rate or extent of chondrocyte differentiation."" [GOC:mah]",54,959,13,20972,0.013555787278415016,0.24074074074074073,query_1,"['GO:0002062', 'GO:0045595', 'GO:0061035']"
GO:BP,GO:0002683,negative regulation of immune system process,1.8219504401606786e-05,True,"""Any process that stops, prevents, or reduces the frequency, rate, or extent of an immune system process."" [GOC:add]",522,959,50,20972,0.05213764337851929,0.09578544061302682,query_1,"['GO:0002376', 'GO:0002682', 'GO:0048519']"
GO:BP,GO:0000280,nuclear division,2.0260789068527348e-05,True,"""The division of a cell nucleus into two nuclei, with DNA and other nuclear contents distributed between the daughter nuclei."" [GOC:mah]",450,959,45,20972,0.04692387904066736,0.1,query_1,['GO:0048285']
GO:BP,GO:0006897,endocytosis,2.125829611140954e-05,True,"""A vesicle-mediated transport process in which cells take up external materials or membrane constituents by the invagination of a part of the plasma membrane to form a new membrane-bounded vesicle."" [GOC:mah, ISBN:0198506732, ISBN:0716731363, Wikipedia:Endocytosis]",694,959,61,20972,0.06360792492179354,0.08789625360230548,query_1,"['GO:0016192', 'GO:0098657']"
GO:BP,GO:0003018,vascular process in circulatory system,2.1920090059212648e-05,True,"""A circulatory process that occurs at the level of the vasculature."" [GOC:mtg_cardio]",270,959,32,20972,0.03336809176225235,0.11851851851851852,query_1,['GO:0003013']
GO:BP,GO:0008015,blood circulation,2.2399833015145812e-05,True,"""The flow of blood through the body of an animal, enabling the transport of nutrients to the tissues and the removal of waste products."" [GOC:mtg_heart, ISBN:0192800825]",511,959,49,20972,0.051094890510948905,0.0958904109589041,query_1,['GO:0003013']
GO:BP,GO:0120254,olefinic compound metabolic process,2.2399833015145812e-05,True,"""The chemical reactions and pathways involving an olefinic compound, any compound which contains a carbon-carbon double bond (aka C=C)."" [GOC:krc]",158,959,23,20972,0.023983315954118872,0.14556962025316456,query_1,['GO:0008152']
GO:BP,GO:0043065,positive regulation of apoptotic process,2.3624631077546977e-05,True,"""Any process that activates or increases the frequency, rate or extent of cell death by apoptotic process."" [GOC:jl, GOC:mtg_apoptosis]",512,959,49,20972,0.051094890510948905,0.095703125,query_1,"['GO:0006915', 'GO:0042981', 'GO:0043068']"
GO:BP,GO:0051783,regulation of nuclear division,2.3702343384831225e-05,True,"""Any process that modulates the frequency, rate or extent of nuclear division, the partitioning of the nucleus and its genetic information."" [GOC:ai]",147,959,22,20972,0.022940563086548488,0.14965986394557823,query_1,"['GO:0000280', 'GO:0033043']"
GO:BP,GO:0070661,leukocyte proliferation,2.3881439539631265e-05,True,"""The expansion of a leukocyte population by cell division."" [GOC:add]",339,959,37,20972,0.03858185610010428,0.10914454277286136,query_1,['GO:0008283']
GO:BP,GO:0022414,reproductive process,2.46881983309228e-05,True,"""A biological process that directly contributes to the process of producing new individuals by one or two organisms. The new individuals inherit some proportion of their genetic material from the parent or parents."" [GOC:dph, GOC:isa_complete]",1592,959,114,20972,0.11887382690302398,0.07160804020100503,query_1,['GO:0008150']
GO:BP,GO:0061036,positive regulation of cartilage development,2.46881983309228e-05,True,"""Any process that increases the rate, frequency, or extent of cartilage development, the process whose specific outcome is the progression of the cartilage over time, from its formation to the mature structure. Cartilage is a connective tissue dominated by extracellular matrix containing collagen type II and large amounts of proteoglycan, particularly chondroitin sulfate."" [GOC:dph]",32,959,10,20972,0.010427528675703858,0.3125,query_1,"['GO:0051094', 'GO:0051216', 'GO:0051240', 'GO:0061035']"
GO:BP,GO:0007160,cell-matrix adhesion,2.5325414536441535e-05,True,"""The binding of a cell to the extracellular matrix via adhesion molecules."" [GOC:hb]",233,959,29,20972,0.03023983315954119,0.12446351931330472,query_1,['GO:0031589']
GO:BP,GO:0032946,positive regulation of mononuclear cell proliferation,2.6208788445904106e-05,True,"""Any process that activates or increases the frequency, rate or extent of mononuclear cell proliferation."" [GOC:add]",148,959,22,20972,0.022940563086548488,0.14864864864864866,query_1,"['GO:0032943', 'GO:0032944', 'GO:0070665']"
GO:BP,GO:0010975,regulation of neuron projection development,2.662430022200787e-05,True,"""Any process that modulates the rate, frequency or extent of neuron projection development. Neuron projection development is the process whose specific outcome is the progression of a neuron projection over time, from its formation to the mature structure. A neuron projection is any process extending from a neural cell, such as axons or dendrites (collectively called neurites)."" [GOC:dph, GOC:tb]",426,959,43,20972,0.04483837330552659,0.10093896713615023,query_1,"['GO:0031175', 'GO:0120035']"
GO:BP,GO:0007507,heart development,2.728204691336329e-05,True,"""The process whose specific outcome is the progression of the heart over time, from its formation to the mature structure. The heart is a hollow, muscular organ, which, by contracting rhythmically, keeps up the circulation of the blood."" [GOC:jid, UBERON:0000948]",591,959,54,20972,0.056308654848800835,0.09137055837563451,query_1,"['GO:0048513', 'GO:0072359']"
GO:BP,GO:0030036,actin cytoskeleton organization,2.728204691336329e-05,True,"""A process that is carried out at the cellular level which results in the assembly, arrangement of constituent parts, or disassembly of cytoskeletal structures comprising actin filaments and their associated proteins."" [GOC:dph, GOC:jl, GOC:mah]",716,959,62,20972,0.06465067778936393,0.08659217877094973,query_1,"['GO:0007010', 'GO:0030029']"
GO:BP,GO:0043009,chordate embryonic development,2.7592411967902262e-05,True,"""The process whose specific outcome is the progression of the embryo over time, from zygote formation through a stage including a notochord and neural tube until birth or egg hatching."" [GOC:mtg_sensu]",669,959,59,20972,0.061522419186652764,0.08819133034379671,query_1,['GO:0009792']
GO:BP,GO:0051174,regulation of phosphorus metabolic process,2.9530068367015937e-05,True,"""Any process that modulates the frequency, rate or extent of the chemical reactions and pathways involving phosphorus or compounds containing phosphorus."" [GOC:ai]",702,959,61,20972,0.06360792492179354,0.0868945868945869,query_1,"['GO:0006793', 'GO:0019222']"
GO:BP,GO:0061326,renal tubule development,2.9763348636051417e-05,True,"""The progression of the renal tubule over time from its formation to the mature form. A renal tubule is a tube that filters, re-absorbs and secretes substances to rid an organism of waste and to play a role in fluid homeostasis."" [GOC:dph, GOC:mtg_kidney_jan10]",105,959,18,20972,0.018769551616266946,0.17142857142857143,query_1,"['GO:0035295', 'GO:0060429', 'GO:0072001']"
GO:BP,GO:0007204,positive regulation of cytosolic calcium ion concentration,2.9763348636051417e-05,True,"""Any process that increases the concentration of calcium ions in the cytosol."" [GOC:ai]",161,959,23,20972,0.023983315954118872,0.14285714285714285,query_1,['GO:0065008']
GO:BP,GO:0071774,response to fibroblast growth factor,2.9763348636051417e-05,True,"""Any process that results in a change in state or activity of a cell or an organism (in terms of movement, secretion, enzyme production, gene expression, etc.) as a result of a fibroblast growth factor stimulus."" [GOC:mah]",161,959,23,20972,0.023983315954118872,0.14285714285714285,query_1,['GO:0070848']
GO:BP,GO:0007423,sensory organ development,3.1198723403966993e-05,True,"""The process whose specific outcome is the progression of sensory organs over time, from its formation to the mature structure."" [GOC:go_curators]",625,959,56,20972,0.058394160583941604,0.0896,query_1,['GO:0048513']
GO:BP,GO:0071674,mononuclear cell migration,3.130871008177041e-05,True,"""The movement of a mononuclear cell within or between different tissues and organs of the body."" [GOC:mah]",223,959,28,20972,0.029197080291970802,0.12556053811659193,query_1,['GO:0050900']
GO:BP,GO:0008286,insulin receptor signaling pathway,3.3115630994892734e-05,True,"""The series of molecular signals generated as a consequence of the insulin receptor binding to insulin."" [GOC:ceb]",174,959,24,20972,0.02502606882168926,0.13793103448275862,query_1,"['GO:0007169', 'GO:0032869']"
GO:BP,GO:0051310,metaphase chromosome alignment,3.3673814340897504e-05,True,"""A chromosome localization process whereby chromosomes are positioned in a specific order and orientation at the metaphase plate (spindle equator), during chromosome segregation. This alignment ensures that each daughter cell will receive the correct number of chromosomes during cell division."" [GOC:vw]",106,959,18,20972,0.018769551616266946,0.16981132075471697,query_1,"['GO:0050000', 'GO:0098813']"
GO:BP,GO:0032332,positive regulation of chondrocyte differentiation,3.4257625639081626e-05,True,"""Any process that activates or increases the frequency, rate or extent of chondrocyte differentiation."" [GOC:mah]",20,959,8,20972,0.008342022940563087,0.4,query_1,"['GO:0002062', 'GO:0032330', 'GO:0045597', 'GO:0061036']"
GO:BP,GO:0090287,regulation of cellular response to growth factor stimulus,3.6278756920862204e-05,True,"""Any process that modulates the rate, frequency, or extent of a change in state or activity of a cell (in terms of movement, secretion, enzyme production, gene expression, etc.) as a result of a growth factor stimulus."" [GOC:tb]",318,959,35,20972,0.0364963503649635,0.11006289308176101,query_1,"['GO:0048583', 'GO:0071363']"
GO:BP,GO:0051249,regulation of lymphocyte activation,3.649620558458675e-05,True,"""Any process that modulates the frequency, rate or extent of lymphocyte activation."" [GOC:ai]",506,959,48,20972,0.05005213764337852,0.09486166007905138,query_1,"['GO:0002694', 'GO:0046649']"
GO:BP,GO:0022612,gland morphogenesis,3.8158332010954316e-05,True,"""The process in which the anatomical structures of a gland are generated and organized."" [GOC:isa_complete]",107,959,18,20972,0.018769551616266946,0.16822429906542055,query_1,"['GO:0009887', 'GO:0048732']"
GO:BP,GO:0030510,regulation of BMP signaling pathway,3.8158332010954316e-05,True,"""Any process that modulates the frequency, rate or extent of the activity of any BMP receptor signaling pathway."" [GOC:mah]",107,959,18,20972,0.018769551616266946,0.16822429906542055,query_1,"['GO:0030509', 'GO:0090092', 'GO:0090287']"
GO:BP,GO:0051726,regulation of cell cycle,3.9820044430715985e-05,True,"""Any process that modulates the rate or extent of progression through the cell cycle."" [GOC:ai, GOC:dph, GOC:tb]",1088,959,84,20972,0.08759124087591241,0.07720588235294118,query_1,"['GO:0007049', 'GO:0050794']"
GO:BP,GO:0032869,cellular response to insulin stimulus,3.9820044430715985e-05,True,"""Any process that results in a change in state or activity of a cell (in terms of movement, secretion, enzyme production, gene expression, etc.) as a result of an insulin stimulus. Insulin is a polypeptide hormone produced by the islets of Langerhans of the pancreas in mammals, and by the homologous organs of other organisms."" [GOC:mah, ISBN:0198506732]",252,959,30,20972,0.03128258602711158,0.11904761904761904,query_1,"['GO:0032868', 'GO:0071375']"
GO:BP,GO:0015850,organic hydroxy compound transport,4.215698375814986e-05,True,"""The directed movement of an organic hydroxy compound (organic alcohol) into, out of or within a cell, or between cells, by means of some agent such as a transporter or pore. An organic hydroxy compound is an organic compound having at least one hydroxy group attached to a carbon atom."" [GOC:ai]",266,959,31,20972,0.03232533889468196,0.11654135338345864,query_1,['GO:0006810']
GO:BP,GO:0031128,developmental induction,4.2681825707428104e-05,True,"""A developmental process involving two tissues in which one tissue (the inducer) produces a signal that directs cell fate commitment of cells in the second tissue (the responder)."" [GOC:cjm, GOC:dph, GOC:mah, PMID:24503535]",34,959,10,20972,0.010427528675703858,0.29411764705882354,query_1,['GO:0032502']
GO:BP,GO:0046320,regulation of fatty acid oxidation,4.2681825707428104e-05,True,"""Any process that modulates the frequency, rate or extent of fatty acid oxidation."" [GOC:ai]",34,959,10,20972,0.010427528675703858,0.29411764705882354,query_1,"['GO:0019217', 'GO:0019395']"
GO:BP,GO:0010564,regulation of cell cycle process,4.431047829111128e-05,True,"""Any process that modulates a cellular process that is involved in the progression of biochemical and morphological phases and events that occur in a cell during successive cell replication or nuclear replication events."" [GOC:dph, GOC:tb]",728,959,62,20972,0.06465067778936393,0.08516483516483517,query_1,"['GO:0022402', 'GO:0051726']"
GO:BP,GO:0042445,hormone metabolic process,4.6529181096358085e-05,True,"""The chemical reactions and pathways involving any hormone, naturally occurring substances secreted by specialized cells that affects the metabolism or behavior of other cells possessing functional receptors for the hormone."" [GOC:jl]",241,959,29,20972,0.03023983315954119,0.12033195020746888,query_1,"['GO:0008152', 'GO:0010817']"
GO:BP,GO:0060993,kidney morphogenesis,4.6529181096358085e-05,True,"""Morphogenesis of a kidney. A kidney is an organ that filters the blood and excretes the end products of body metabolism in the form of urine."" [GOC:dph, GOC:mtg_kidney_jan10]",98,959,17,20972,0.017726798748696558,0.17346938775510204,query_1,"['GO:0001822', 'GO:0009887']"
GO:BP,GO:0032102,negative regulation of response to external stimulus,4.7181209738862496e-05,True,"""Any process that stops, prevents, or reduces the frequency, rate or extent of a response to an external stimulus."" [GOC:mah]",393,959,40,20972,0.04171011470281543,0.10178117048346055,query_1,"['GO:0009605', 'GO:0032101', 'GO:0048585']"
GO:BP,GO:0070665,positive regulation of leukocyte proliferation,4.7999791882441184e-05,True,"""Any process that activates or increases the frequency, rate or extent of leukocyte proliferation."" [GOC:add, GOC:mah]",166,959,23,20972,0.023983315954118872,0.13855421686746988,query_1,"['GO:0008284', 'GO:0070661', 'GO:0070663']"
GO:BP,GO:0046649,lymphocyte activation,4.807076811631527e-05,True,"""A change in morphology and behavior of a lymphocyte resulting from exposure to a specific antigen, mitogen, cytokine, chemokine, cellular ligand, or soluble factor."" [GOC:mgi_curators, ISBN:0781735149]",811,959,67,20972,0.06986444212721585,0.08261405672009864,query_1,['GO:0045321']
GO:BP,GO:0046651,lymphocyte proliferation,4.807076811631527e-05,True,"""The expansion of a lymphocyte population by cell division."" [GOC:ai]",295,959,33,20972,0.03441084462982273,0.11186440677966102,query_1,"['GO:0032943', 'GO:0046649']"
GO:BP,GO:0001934,positive regulation of protein phosphorylation,4.8813031322522126e-05,True,"""Any process that activates or increases the frequency, rate or extent of addition of phosphate groups to amino acids within a protein."" [GOC:hjd]",309,959,34,20972,0.035453597497393116,0.11003236245954692,query_1,"['GO:0001932', 'GO:0006468', 'GO:0031401', 'GO:0042327']"
GO:BP,GO:0071375,cellular response to peptide hormone stimulus,4.9084336113389596e-05,True,"""Any process that results in a change in state or activity of a cell (in terms of movement, secretion, enzyme production, gene expression, etc.) as a result of a peptide hormone stimulus. A peptide hormone is any of a class of peptides that are secreted into the blood stream and have endocrine functions in living animals."" [GOC:mah]",351,959,37,20972,0.03858185610010428,0.10541310541310542,query_1,"['GO:0032870', 'GO:0043434', 'GO:1901699', 'GO:1901701']"
GO:BP,GO:0044057,regulation of system process,4.966315551457124e-05,True,"""Any process that modulates the frequency, rate or extent of a system process, a multicellular organismal process carried out by any of the organs or tissues in an organ system."" [GOC:jl]",543,959,50,20972,0.05213764337851929,0.09208103130755065,query_1,"['GO:0003008', 'GO:0051239']"
GO:BP,GO:0002697,regulation of immune effector process,5.238528169421027e-05,True,"""Any process that modulates the frequency, rate, or extent of an immune effector process."" [GOC:add]",395,959,40,20972,0.04171011470281543,0.10126582278481013,query_1,"['GO:0002252', 'GO:0002682']"
GO:BP,GO:0035567,non-canonical Wnt signaling pathway,5.2550356478870806e-05,True,"""A type of Wnt signaling pathway in which Wnt binding to its receptor on the surface of a target cell results in the by propagation of the molecular signals via effectors other than beta-catenin."" [PMID:37804416]",69,959,14,20972,0.014598540145985401,0.2028985507246377,query_1,['GO:0016055']
GO:BP,GO:0032147,activation of protein kinase activity,5.295073569568895e-05,True,"""Any process that initiates the activity of an inactive protein kinase."" [GOC:mah]",51,959,12,20972,0.01251303441084463,0.23529411764705882,query_1,['GO:0045860']
GO:BP,GO:0045668,negative regulation of osteoblast differentiation,5.295073569568895e-05,True,"""Any process that stops, prevents, or reduces the frequency, rate or extent of osteoblast differentiation."" [GOC:go_curators]",51,959,12,20972,0.01251303441084463,0.23529411764705882,query_1,"['GO:0001649', 'GO:0045596', 'GO:0045667']"
GO:BP,GO:0008610,lipid biosynthetic process,5.299565389218039e-05,True,"""The chemical reactions and pathways resulting in the formation of lipids, compounds soluble in an organic solvent but not, or sparingly, in an aqueous solvent."" [GOC:go_curators]",717,959,61,20972,0.06360792492179354,0.08507670850767085,query_1,"['GO:0006629', 'GO:0009058']"
GO:BP,GO:0032944,regulation of mononuclear cell proliferation,5.299565389218039e-05,True,"""Any process that modulates the frequency, rate or extent of mononuclear cell proliferation."" [GOC:add]",243,959,29,20972,0.03023983315954119,0.11934156378600823,query_1,"['GO:0032943', 'GO:0070663']"
GO:BP,GO:0007088,regulation of mitotic nuclear division,5.3966998425975784e-05,True,"""Any process that modulates the frequency, rate or extent of mitosis."" [GOC:go_curators]",121,959,19,20972,0.01981230448383733,0.15702479338842976,query_1,"['GO:0007346', 'GO:0010564', 'GO:0051783', 'GO:0140014']"
GO:BP,GO:0090092,regulation of transmembrane receptor protein serine/threonine kinase signaling pathway,5.438021547309737e-05,True,"""Any process that modulates the rate, frequency, or extent of the series of molecular signals generated as a consequence of a transmembrane receptor serine/threonine kinase binding to its physiological ligand."" [GOC:dph, GOC:tb]",270,959,31,20972,0.03232533889468196,0.11481481481481481,query_1,"['GO:0007178', 'GO:0009966']"
GO:BP,GO:0030500,regulation of bone mineralization,5.452847486924155e-05,True,"""Any process that modulates the frequency, rate or extent of bone mineralization."" [GOC:go_curators]",79,959,15,20972,0.01564129301355579,0.189873417721519,query_1,"['GO:0030278', 'GO:0030282', 'GO:0070167']"
GO:BP,GO:0048598,embryonic morphogenesis,5.4937433607090154e-05,True,"""The process in which anatomical structures are generated and organized during the embryonic phase. The embryonic phase begins with zygote formation. The end of the embryonic phase is organism-specific. For example, it would be at birth for mammals, larval hatching for insects and seed dormancy in plants."" [GOC:jid, GOC:mtg_sensu]",623,959,55,20972,0.05735140771637122,0.08828250401284109,query_1,"['GO:0009653', 'GO:0009790']"
GO:BP,GO:0098739,import across plasma membrane,5.551232035460636e-05,True,"""The directed movement of some substance from outside of a cell, across the plasma membrane and into the cytosol."" [GOC:dos]",257,959,30,20972,0.03128258602711158,0.11673151750972763,query_1,"['GO:0055085', 'GO:0098657']"
GO:BP,GO:0045598,regulation of fat cell differentiation,5.8134837167676405e-05,True,"""Any process that modulates the frequency, rate or extent of adipocyte differentiation."" [GOC:go_curators]",133,959,20,20972,0.020855057351407715,0.15037593984962405,query_1,"['GO:0045444', 'GO:0045595']"
GO:BP,GO:0090068,positive regulation of cell cycle process,6.472333343014906e-05,True,"""Any process that increases the rate, frequency or extent of a cellular process that is involved in the progression of biochemical and morphological phases and events that occur in a cell during successive cell replication or nuclear replication events."" [GOC:dph, GOC:tb]",259,959,30,20972,0.03128258602711158,0.11583011583011583,query_1,"['GO:0010564', 'GO:0022402', 'GO:0045787']"
GO:BP,GO:0048009,insulin-like growth factor receptor signaling pathway,6.707807140154021e-05,True,"""The series of molecular signals initiated by a ligand binding to an insulin-like growth factor receptor on the surface of a target cell, and ending with the regulation of a downstream cellular process, e.g. transcription."" [GOC:ceb]",101,959,17,20972,0.017726798748696558,0.16831683168316833,query_1,['GO:0007169']
GO:BP,GO:0002521,leukocyte differentiation,6.883632126518641e-05,True,"""The process in which a relatively unspecialized hemopoietic precursor cell acquires the specialized features of a leukocyte. A leukocyte is an achromatic cell of the myeloid or lymphoid lineages capable of ameboid movement, found in blood or other tissue."" [CL:0000738, GOC:add, PMID:16551264]",628,959,55,20972,0.05735140771637122,0.0875796178343949,query_1,"['GO:0030097', 'GO:0030154']"
GO:BP,GO:0034694,response to prostaglandin,7.036812166788807e-05,True,"""Any process that results in a change in state or activity of a cell or an organism (in terms of movement, secretion, enzyme production, gene expression, etc.) as a result of a prostagladin stimulus."" [GOC:BHF, GOC:vk]",36,959,10,20972,0.010427528675703858,0.2777777777777778,query_1,"['GO:0009725', 'GO:0033993']"
GO:BP,GO:0071379,cellular response to prostaglandin stimulus,7.17706947886009e-05,True,"""Any process that results in a change in state or activity of a cell (in terms of movement, secretion, enzyme production, gene expression, etc.) as a result of a prostagladin stimulus."" [GOC:mah]",22,959,8,20972,0.008342022940563087,0.36363636363636365,query_1,"['GO:0032870', 'GO:0034694', 'GO:0071396']"
GO:BP,GO:0042487,regulation of odontogenesis of dentin-containing tooth,7.295352144928583e-05,True,"""Any process that modulates the frequency, rate or extent of the formation and development of teeth, the hard, bony appendages which are borne on the jaws, or on other bones in the walls of the mouth or pharynx of most vertebrates."" [GOC:jl, GOC:mtg_sensu, PMID:15355794]",11,959,6,20972,0.006256517205422315,0.5454545454545454,query_1,"['GO:0042475', 'GO:0042481']"
GO:BP,GO:0048608,reproductive structure development,7.496597871872083e-05,True,"""The reproductive developmental process whose specific outcome is the progression of somatic structures that will be used in the process of creating new individuals from one or more parents, from their formation to the mature structures."" [GOC:dph, GOC:isa_complete, GOC:jid]",302,959,33,20972,0.03441084462982273,0.10927152317880795,query_1,"['GO:0003006', 'GO:0048856', 'GO:0061458']"
GO:BP,GO:0051129,negative regulation of cellular component organization,7.97061017221013e-05,True,"""Any process that stops, prevents, or reduces the frequency, rate or extent of a process involved in the formation, arrangement of constituent parts, or disassembly of cell structures, including the plasma membrane and any external encapsulating structures such as the cell wall and cell envelope."" [GOC:ai]",695,959,59,20972,0.061522419186652764,0.08489208633093526,query_1,"['GO:0016043', 'GO:0048523', 'GO:0051128']"
GO:BP,GO:0032602,chemokine production,8.185984213327997e-05,True,"""The appearance of a chemokine due to biosynthesis or secretion following a cellular stimulus, resulting in an increase in its intracellular or extracellular levels. All chemokines possess a number of conserved cysteine residues involved in intramolecular disulfide bond formation. Some chemokines are considered pro-inflammatory and can be induced during an immune response to recruit cells of the immune system to a site of infection, while others are considered homeostatic and are involved in controlling the migration of cells during normal processes of tissue maintenance or development. Chemokines are found in all vertebrates, some viruses and some bacteria."" [GOC:BHF, GOC:rl, ISBN:0198506732, PMID:12183377, Wikipedia:Chemokine]",92,959,16,20972,0.016684045881126174,0.17391304347826086,query_1,['GO:0001816']
GO:BP,GO:0032642,regulation of chemokine production,8.185984213327997e-05,True,"""Any process that modulates the frequency, rate, or extent of chemokine production."" [GOC:mah]",92,959,16,20972,0.016684045881126174,0.17391304347826086,query_1,"['GO:0001817', 'GO:0032602']"
GO:BP,GO:0006082,organic acid metabolic process,8.244506102857273e-05,True,"""The chemical reactions and pathways involving organic acids, any acidic compound containing carbon in covalent linkage."" [ISBN:0198506732]",892,959,71,20972,0.0740354535974974,0.0795964125560538,query_1,['GO:0044281']
GO:BP,GO:0050000,chromosome localization,8.432476919877222e-05,True,"""Any process in which a chromosome is transported to, or maintained in, a specific location."" [GOC:ai]",125,959,19,20972,0.01981230448383733,0.152,query_1,['GO:0051640']
GO:BP,GO:0000278,mitotic cell cycle,8.523357891041123e-05,True,"""Progression through the phases of the mitotic cell cycle, the most common eukaryotic cell cycle, which canonically comprises four successive phases called G1, S, G2, and M and includes replication of the genome and the subsequent segregation of chromosomes into daughter cells. In some variant cell cycles nuclear replication or nuclear division may not be followed by cell division, or G1 and G2 phases may be absent."" [GOC:mah, ISBN:0815316194]",893,959,71,20972,0.0740354535974974,0.07950727883538634,query_1,['GO:0007049']
GO:BP,GO:0034308,primary alcohol metabolic process,8.547468140825155e-05,True,"""The chemical reactions and pathways involving primary alcohols. A primary alcohol is any alcohol in which a hydroxy group, -OH, is attached to a saturated carbon atom which has either three hydrogen atoms attached to it or only one other carbon atom and two hydrogen atoms attached to it."" [GOC:mah]",103,959,17,20972,0.017726798748696558,0.1650485436893204,query_1,['GO:0006066']
GO:BP,GO:0030323,respiratory tube development,8.902292662965813e-05,True,"""The process whose specific outcome is the progression of the respiratory tube over time, from its formation to the mature structure. The respiratory tube is assumed to mean any tube in the respiratory tract."" [GOC:jid]",198,959,25,20972,0.026068821689259645,0.12626262626262627,query_1,"['GO:0035295', 'GO:0048513']"
GO:BP,GO:0006898,receptor-mediated endocytosis,9.15483404300637e-05,True,"""An endocytosis process in which cell surface receptors ensure specificity of transport. A specific receptor on the cell surface binds tightly to the extracellular macromolecule (the ligand) that it recognizes; the plasma-membrane region containing the receptor-ligand complex then undergoes endocytosis, forming a transport vesicle containing the receptor-ligand complex and excluding most other plasma-membrane proteins. Receptor-mediated endocytosis generally occurs via clathrin-coated pits and vesicles."" [GOC:mah, ISBN:0716731363]",264,959,30,20972,0.03128258602711158,0.11363636363636363,query_1,['GO:0006897']
GO:BP,GO:0008608,attachment of spindle microtubules to kinetochore,9.375077667127275e-05,True,"""The process in which spindle microtubules become physically associated with the proteins making up the kinetochore complex."" [GOC:vw, PMID:10322137]",54,959,12,20972,0.01251303441084463,0.2222222222222222,query_1,"['GO:0022402', 'GO:0051310']"
GO:BP,GO:0061458,reproductive system development,9.652285094501314e-05,True,"""The progression of the reproductive system over time from its formation to the mature structure. The reproductive system consists of the organs that function in reproduction."" [GOC:dph]",306,959,33,20972,0.03441084462982273,0.10784313725490197,query_1,['GO:0048731']
GO:BP,GO:0010810,regulation of cell-substrate adhesion,9.78552167534672e-05,True,"""Any process that modulates the frequency, rate or extent of cell-substrate adhesion. Cell-substrate adhesion is the attachment of a cell to the underlying substrate via adhesion molecules."" [GOC:dph, GOC:pf, GOC:tb]",212,959,26,20972,0.027111574556830033,0.12264150943396226,query_1,"['GO:0030155', 'GO:0031589']"
GO:BP,GO:0030217,T cell differentiation,0.00010275206678449636,True,"""The process in which a precursor cell type acquires characteristics of a more mature T-cell. A T cell is a type of lymphocyte whose definin characteristic is the expression of a T cell receptor complex."" [GO_REF:0000022, GOC:jid, GOC:mah]",321,959,34,20972,0.035453597497393116,0.1059190031152648,query_1,"['GO:0030098', 'GO:0042110']"
GO:BP,GO:0050679,positive regulation of epithelial cell proliferation,0.00010489709672098594,True,"""Any process that activates or increases the rate or extent of epithelial cell proliferation."" [GOC:ai]",200,959,25,20972,0.026068821689259645,0.125,query_1,"['GO:0008284', 'GO:0050673', 'GO:0050678']"
GO:BP,GO:0090596,sensory organ morphogenesis,0.00010921312188448109,True,"""Morphogenesis of a sensory organ. A sensory organ is defined as a tissue or set of tissues that work together to receive and transmit signals from external or internal stimuli. Morphogenesis is the process in which anatomical structures are generated and organized. Organs are commonly observed as visibly distinct structures, but may also exist as loosely associated clusters of cells that work together to perform a specific function or functions."" [GOC:kmv, ISBN:978-0199210893]",294,959,32,20972,0.03336809176225235,0.10884353741496598,query_1,"['GO:0007423', 'GO:0009887']"
GO:BP,GO:0043523,regulation of neuron apoptotic process,0.00011210923801001997,True,"""Any process that modulates the occurrence or rate of cell death by apoptotic process in neurons."" [GOC:go_curators, GOC:mtg_apoptosis]",240,959,28,20972,0.029197080291970802,0.11666666666666667,query_1,"['GO:0042981', 'GO:0051402']"
GO:BP,GO:0042060,wound healing,0.00011290554676856473,True,"""The series of events that restore integrity to a damaged tissue, following an injury."" [GOC:bf, PMID:15269788]",439,959,42,20972,0.043795620437956206,0.09567198177676538,query_1,['GO:0009611']
GO:BP,GO:0010092,specification of animal organ identity,0.00011348541698681239,True,"""The regionalization process in which the identity of an animal organ primordium is specified. Identity is considered to be the aggregate of characteristics by which a structure is recognized."" [GOC:tb]",38,959,10,20972,0.010427528675703858,0.2631578947368421,query_1,"['GO:0003002', 'GO:0048645']"
GO:BP,GO:0010562,positive regulation of phosphorus metabolic process,0.00011486155475298286,True,"""Any process that increases the frequency, rate or extent of the chemical reactions and pathways involving phosphorus or compounds containing phosphorus."" [GOC:dph, GOC:tb]",395,959,39,20972,0.040667361835245046,0.09873417721518987,query_1,"['GO:0006793', 'GO:0009893', 'GO:0051174']"
GO:BP,GO:0045937,positive regulation of phosphate metabolic process,0.00011486155475298286,True,"""Any process that activates or increases the frequency, rate or extent of the chemical reactions and pathways involving phosphates."" [GOC:go_curators]",395,959,39,20972,0.040667361835245046,0.09873417721518987,query_1,"['GO:0006796', 'GO:0010562']"
GO:BP,GO:0050776,regulation of immune response,0.00011892493576083452,True,"""Any process that modulates the frequency, rate or extent of the immune response, the immunological reaction of an organism to an immunogenic stimulus."" [GOC:ai]",970,959,75,20972,0.07820646506777894,0.07731958762886598,query_1,"['GO:0002682', 'GO:0006955', 'GO:0048583']"
GO:BP,GO:0019725,cellular homeostasis,0.00011983511201971206,True,"""Any process involved in the maintenance of an internal steady state at the level of the cell."" [GOC:isa_complete, GOC:jl, ISBN:0395825172]",738,959,61,20972,0.06360792492179354,0.08265582655826559,query_1,['GO:0042592']
GO:BP,GO:2001234,negative regulation of apoptotic signaling pathway,0.00012175587476151136,True,"""Any process that stops, prevents or reduces the frequency, rate or extent of apoptotic signaling pathway."" [GOC:mtg_apoptosis]",228,959,27,20972,0.028154327424400417,0.11842105263157894,query_1,"['GO:0009968', 'GO:0043066', 'GO:0097190', 'GO:2001233']"
GO:BP,GO:0046903,secretion,0.00012234733420366097,True,"""The controlled release of a substance by a cell or a tissue."" [GOC:ai]",971,959,75,20972,0.07820646506777894,0.07723995880535531,query_1,['GO:0006810']
GO:BP,GO:0070663,regulation of leukocyte proliferation,0.00012782500406679354,True,"""Any process that modulates the frequency, rate or extent of leukocyte proliferation."" [GOC:add, GOC:mah]",269,959,30,20972,0.03128258602711158,0.11152416356877323,query_1,"['GO:0042127', 'GO:0070661']"
GO:BP,GO:0097190,apoptotic signaling pathway,0.00013161528411865546,True,"""The series of molecular signals which triggers the apoptotic death of a cell. The pathway starts with reception of a signal, and ends when the execution phase of apoptosis is triggered."" [GOC:mtg_apoptosis]",612,959,53,20972,0.05526590198123045,0.08660130718954248,query_1,"['GO:0006915', 'GO:0007165']"
GO:BP,GO:0050921,positive regulation of chemotaxis,0.00013161528411865546,True,"""Any process that activates or increases the frequency, rate or extent of the directed movement of a motile cell or organism in response to a specific chemical concentration gradient."" [GOC:ai]",141,959,20,20972,0.020855057351407715,0.14184397163120568,query_1,"['GO:0006935', 'GO:0032103', 'GO:0040017', 'GO:0050920']"
GO:BP,GO:0050790,regulation of catalytic activity,0.0001351486841751387,True,"""Any process that modulates the activity of an enzyme."" [GOC:ai, GOC:ebc, GOC:vw]",774,959,63,20972,0.06569343065693431,0.08139534883720931,query_1,['GO:0065009']
GO:BP,GO:1905954,positive regulation of lipid localization,0.0001351486841751387,True,"""Any process that activates or increases the frequency, rate or extent of lipid localization."" [GO_REF:0000058, GOC:TermGenie, PMID:17564681]",96,959,16,20972,0.016684045881126174,0.16666666666666666,query_1,"['GO:0010876', 'GO:0048518', 'GO:1905952']"
GO:BP,GO:0006955,immune response,0.00013547829405313034,True,"""Any immune system process that functions in the calibrated response of an organism to a potential internal or invasive threat."" [GO_REF:0000022, GOC:add]",2118,959,139,20972,0.14494264859228362,0.06562795089707271,query_1,"['GO:0002376', 'GO:0050896']"
GO:BP,GO:0007188,adenylate cyclase-modulating G protein-coupled receptor signaling pathway,0.00013547829405313034,True,"""A G protein-coupled receptor signaling pathway in which the signal is transmitted via the activation or inhibition of adenylyl cyclase activity and a subsequent change in the intracellular concentration of cyclic AMP (cAMP)."" [GOC:mah, GOC:signaling, ISBN:0815316194]",270,959,30,20972,0.03128258602711158,0.1111111111111111,query_1,['GO:0007186']
GO:BP,GO:0042476,odontogenesis,0.00014101011645120925,True,"""The process whose specific outcome is the progression of a tooth or teeth over time, from formation to the mature structure(s). A tooth is any hard bony, calcareous, or chitinous organ found in the mouth or pharynx of an animal and used in procuring or masticating food."" [GOC:jl, GOC:mah]",130,959,19,20972,0.01981230448383733,0.14615384615384616,query_1,['GO:0009887']
GO:BP,GO:0097306,cellular response to alcohol,0.00015311787634254595,True,"""Any process that results in a change in state or activity of a cell (in terms of movement, secretion, enzyme production, gene expression, etc.) as a result of an alcohol stimulus."" [GOC:pr]",97,959,16,20972,0.016684045881126174,0.16494845360824742,query_1,"['GO:0097305', 'GO:1901701']"
GO:BP,GO:1990845,adaptive thermogenesis,0.00015497145906159855,True,"""The regulated production of heat in response to short term environmental changes, such as stress, diet or reduced temperature."" [PMID:17260010, PMID:20363363]",167,959,22,20972,0.022940563086548488,0.1317365269461078,query_1,['GO:0001659']
GO:BP,GO:0042481,regulation of odontogenesis,0.00016174689972373979,True,"""Any process that modulates the frequency, rate or extent of the formation and development of a tooth or teeth."" [GOC:jl]",18,959,7,20972,0.0072992700729927005,0.3888888888888889,query_1,"['GO:0042476', 'GO:2000027']"
GO:BP,GO:0048705,skeletal system morphogenesis,0.00016266755791248115,True,"""The process in which the anatomical structures of the skeleton are generated and organized."" [GOC:dph, GOC:dsf, GOC:jid, GOC:tb]",232,959,27,20972,0.028154327424400417,0.11637931034482758,query_1,"['GO:0001501', 'GO:0009887']"
GO:BP,GO:0034330,cell junction organization,0.00016478309780152428,True,"""A process that is carried out at the cellular level which results in the assembly, arrangement of constituent parts, or disassembly of a cell junction. A cell junction is a specialized region of connection between two cells or between a cell and the extracellular matrix."" [GOC:dph, GOC:jl, GOC:mah]",829,959,66,20972,0.06882168925964546,0.07961399276236429,query_1,['GO:0016043']
GO:BP,GO:0000902,cell morphogenesis,0.00016892959595104704,True,"""The developmental process in which the size or shape of a cell is generated and organized."" [GOC:clt, GOC:dph, GOC:go_curators, GOC:tb]",998,959,76,20972,0.07924921793534932,0.07615230460921844,query_1,['GO:0009653']
GO:BP,GO:0022407,regulation of cell-cell adhesion,0.00016903561469548643,True,"""Any process that modulates the frequency, rate or extent of attachment of a cell to another cell."" [GOC:isa_complete]",493,959,45,20972,0.04692387904066736,0.09127789046653144,query_1,"['GO:0030155', 'GO:0098609']"
GO:BP,GO:0050801,monoatomic ion homeostasis,0.00016981182293151776,True,"""Any process involved in the maintenance of an internal steady state of monoatomic ions within an organism or cell. Monatomic ions (also called simple ions) are ions consisting of exactly one atom."" [GOC:ai]",524,959,47,20972,0.049009384775808136,0.08969465648854962,query_1,['GO:0048878']
GO:BP,GO:0097191,extrinsic apoptotic signaling pathway,0.00017254767045551207,True,"""The series of molecular signals in which a signal is conveyed from the cell surface to trigger the apoptotic death of a cell. The pathway starts with either a ligand binding to a cell surface receptor, or a ligand being withdrawn from a cell surface receptor (e.g. in the case of signaling by dependence receptors), and ends when the execution phase of apoptosis is triggered."" [GOC:mtg_apoptosis, GOC:yaf, PMID:17340152]",233,959,27,20972,0.028154327424400417,0.11587982832618025,query_1,"['GO:0007166', 'GO:0097190']"
GO:BP,GO:0031399,regulation of protein modification process,0.00017254767045551207,True,"""Any process that modulates the frequency, rate or extent of the covalent alteration of one or more amino acid residues within a protein."" [GOC:mah, GOC:tb]",748,959,61,20972,0.06360792492179354,0.08155080213903744,query_1,"['GO:0036211', 'GO:0051246']"
GO:BP,GO:0061037,negative regulation of cartilage development,0.00017254767045551207,True,"""Any process that decreases the rate, frequency, or extent of cartilage development, the process whose specific outcome is the progression of the cartilage over time, from its formation to the mature structure. Cartilage is a connective tissue dominated by extracellular matrix containing collagen type II and large amounts of proteoglycan, particularly chondroitin sulfate."" [GOC:dph]",32,959,9,20972,0.009384775808133473,0.28125,query_1,"['GO:0051093', 'GO:0051216', 'GO:0051241', 'GO:0061035']"
GO:BP,GO:0033687,osteoblast proliferation,0.00017254767045551207,True,"""The multiplication or reproduction of osteoblasts, resulting in the expansion of an osteoblast cell population. An osteoblast is a bone-forming cell which secretes an extracellular matrix. Hydroxyapatite crystals are then deposited into the matrix to form bone."" [GOC:mah]",32,959,9,20972,0.009384775808133473,0.28125,query_1,['GO:0008283']
GO:BP,GO:0030324,lung development,0.00017674601007331933,True,"""The process whose specific outcome is the progression of the lung over time, from its formation to the mature structure. In all air-breathing vertebrates the lungs are developed from the ventral wall of the oesophagus as a pouch which divides into two sacs. In amphibians and many reptiles the lungs retain very nearly this primitive sac-like character, but in the higher forms the connection with the esophagus becomes elongated into the windpipe and the inner walls of the sacs become more and more divided, until, in the mammals, the air spaces become minutely divided into tubes ending in small air cells, in the walls of which the blood circulates in a fine network of capillaries. In mammals the lungs are more or less divided into lobes, and each lung occupies a separate cavity in the thorax."" [GOC:jid, UBERON:0002048]",194,959,24,20972,0.02502606882168926,0.12371134020618557,query_1,"['GO:0030323', 'GO:0048513', 'GO:0060541']"
GO:BP,GO:0000070,mitotic sister chromatid segregation,0.00017674601007331933,True,"""The cell cycle process in which replicated homologous chromosomes are organized and then physically separated and apportioned to two sets during the mitotic cell cycle. Each replicated chromosome, composed of two sister chromatids, aligns at the cell equator, paired with its homologous partner. One homolog of each morphologic type goes into each of the resulting chromosome sets."" [GOC:ai, GOC:jl]",194,959,24,20972,0.02502606882168926,0.12371134020618557,query_1,"['GO:0000819', 'GO:0140014', 'GO:1903047']"
GO:BP,GO:0007417,central nervous system development,0.0001821439215990048,True,"""The process whose specific outcome is the progression of the central nervous system over time, from its formation to the mature structure. The central nervous system is the core nervous system that serves an integrating and coordinating function. In vertebrates it consists of the brain and spinal cord. In those invertebrates with a central nervous system it typically consists of a brain, cerebral ganglia and a nerve cord."" [GOC:bf, GOC:jid, ISBN:0582227089]",1035,959,78,20972,0.08133472367049009,0.07536231884057971,query_1,"['GO:0007399', 'GO:0048731']"
GO:BP,GO:0008643,carbohydrate transport,0.0001821439215990048,True,"""The directed movement of carbohydrate into, out of or within a cell, or between cells, by means of some agent such as a transporter or pore. Carbohydrates are a group of organic compounds based of the general formula Cx(H2O)y."" [GOC:ai]",121,959,18,20972,0.018769551616266946,0.1487603305785124,query_1,['GO:0006810']
GO:BP,GO:0065009,regulation of molecular function,0.00018535755815028227,True,"""Any process that modulates the frequency, rate or extent of a molecular function, an elemental biological activity occurring at the molecular level, such as catalysis or binding."" [GOC:isa_complete]",1070,959,80,20972,0.08342022940563086,0.07476635514018691,query_1,['GO:0065007']
GO:BP,GO:0007492,endoderm development,0.00018554812818903668,True,"""The process whose specific outcome is the progression of the endoderm over time, from its formation to the mature structure. The endoderm is the innermost germ layer that develops into the gastrointestinal tract, the lungs and associated tissues."" [GOC:dph, GOC:tb]",88,959,15,20972,0.01564129301355579,0.17045454545454544,query_1,['GO:0009888']
GO:BP,GO:0070233,negative regulation of T cell apoptotic process,0.0001861636536288405,True,"""Any process that stops, prevents, or reduces the frequency, rate or extent of T cell death by apoptotic process."" [GOC:add, GOC:mtg_apoptosis, ISBN:0781765196]",25,959,8,20972,0.008342022940563087,0.32,query_1,"['GO:0070229', 'GO:0070231', 'GO:0070232']"
GO:BP,GO:2001233,regulation of apoptotic signaling pathway,0.00019652909634963227,True,"""Any process that modulates the frequency, rate or extent of apoptotic signaling pathway."" [GOC:mtg_apoptosis]",376,959,37,20972,0.03858185610010428,0.09840425531914894,query_1,"['GO:0009966', 'GO:0042981', 'GO:0097190']"
GO:BP,GO:0043436,oxoacid metabolic process,0.00019796329968482158,True,"""The chemical reactions and pathways involving any oxoacid; an oxoacid is a compound which contains oxygen, at least one other element, and at least one hydrogen bound to oxygen, and which produces a conjugate base by loss of positive hydrogen ion(s) (hydrons)."" [Wikipedia:Oxyacid]",885,959,69,20972,0.07194994786235662,0.07796610169491526,query_1,['GO:0006082']
GO:BP,GO:0060562,epithelial tube morphogenesis,0.0002034111119257381,True,"""The process in which the anatomical structures of a tube are generated and organized from an epithelium. Epithelial tubes transport gases, liquids and cells from one site to another and form the basic structure of many organs and tissues, with tube shape and organization varying from the single-celled excretory organ in Caenorhabditis elegans to the branching trees of the mammalian kidney and insect tracheal system."" [GOC:dph]",333,959,34,20972,0.035453597497393116,0.1021021021021021,query_1,"['GO:0002009', 'GO:0035239']"
GO:BP,GO:0055080,monoatomic cation homeostasis,0.0002047772486660315,True,"""Any process involved in the maintenance of an internal steady state of monoatomic cations within an organism or cell. Monatomic cations (also called simple cations) are cations consisting of exactly one atom."" [GOC:ceb, GOC:jid, GOC:mah]",513,959,46,20972,0.047966631908237745,0.08966861598440545,query_1,['GO:0050801']
REAC,REAC:R-HSA-1266695,Interleukin-7 signaling,0.00020666847645329242,True,Interleukin-7 signaling,37,648,12,11056,0.018518518518518517,0.32432432432432434,query_1,['REAC:R-HSA-449147']
REAC,REAC:R-HSA-372790,Signaling by GPCR,0.00020666847645329242,True,Signaling by GPCR,695,648,73,11056,0.11265432098765432,0.10503597122302158,query_1,['REAC:R-HSA-162582']
REAC,REAC:R-HSA-381426,Regulation of Insulin-like Growth Factor (IGF) transport and uptake by Insulin-like Growth Factor Binding Proteins (IGFBPs),0.00020666847645329242,True,Regulation of Insulin-like Growth Factor (IGF) transport and uptake by Insulin-like Growth Factor Binding Proteins (IGFBPs),124,648,23,11056,0.035493827160493825,0.18548387096774194,query_1,['REAC:R-HSA-392499']
GO:BP,GO:0060485,mesenchyme development,0.00020681105873834415,True,"""The process whose specific outcome is the progression of a mesenchymal tissue over time, from its formation to the mature structure. A mesenchymal tissue is made up of loosely packed stellate cells."" [GOC:dph]",319,959,33,20972,0.03441084462982273,0.10344827586206896,query_1,"['GO:0009888', 'GO:0048513']"
GO:BP,GO:0050671,positive regulation of lymphocyte proliferation,0.00020727733063912625,True,"""Any process that activates or increases the rate or extent of lymphocyte proliferation."" [GOC:ai]",146,959,20,20972,0.020855057351407715,0.136986301369863,query_1,"['GO:0032946', 'GO:0046651', 'GO:0050670', 'GO:0051251']"
GO:BP,GO:0003007,heart morphogenesis,0.00020727733063912625,True,"""The developmental process in which the heart is generated and organized. The heart is a hollow, muscular organ, which, by contracting rhythmically, keeps up the circulation of the blood."" [GOC:dph, GOC:isa_complete]",263,959,29,20972,0.03023983315954119,0.11026615969581749,query_1,"['GO:0007507', 'GO:0009887']"
GO:BP,GO:0051301,cell division,0.000208427524793017,True,"""The process resulting in division and partitioning of components of a cell to form more cells; may or may not be accompanied by the physical separation of a cell into distinct, individually membrane-bounded daughter cells."" [GOC:di, GOC:go_curators, GOC:pr]",656,959,55,20972,0.05735140771637122,0.08384146341463415,query_1,['GO:0009987']
GO:BP,GO:0001837,epithelial to mesenchymal transition,0.0002122543266045043,True,"""A transition where an epithelial cell loses apical/basolateral polarity, severs intercellular adhesive junctions, degrades basement membrane components and becomes a migratory mesenchymal cell."" [GOC:dph, PMID:14701881]",171,959,22,20972,0.022940563086548488,0.1286549707602339,query_1,['GO:0048762']
GO:BP,GO:0003008,system process,0.0002122543266045043,True,"""A multicellular organismal process carried out by any of the organs or tissues in an organ system. An organ system is a regularly interacting or interdependent group of organs or tissues that work together to carry out a biological objective."" [GOC:mtg_cardio]",2290,959,147,20972,0.15328467153284672,0.06419213973799126,query_1,['GO:0032501']
GO:BP,GO:0070167,regulation of biomineral tissue development,0.00021235673342306533,True,"""Any process that modulates the frequency, rate or extent of biomineral tissue development, the formation of hard tissues that consist mainly of inorganic compounds."" [GOC:mah]",100,959,16,20972,0.016684045881126174,0.16,query_1,"['GO:0031214', 'GO:2000026']"
GO:BP,GO:0060317,cardiac epithelial to mesenchymal transition,0.00021546336551096489,True,"""A transition where a cardiac epithelial cell loses apical/basolateral polarity, severs intercellular adhesive junctions, degrades basement membrane components and becomes a migratory mesenchymal cell."" [GOC:BHF, GOC:dph, PMID:16314491, PMID:1996351]",33,959,9,20972,0.009384775808133473,0.2727272727272727,query_1,"['GO:0001837', 'GO:0003007']"
GO:BP,GO:0060914,heart formation,0.00021546336551096489,True,"""The developmental process pertaining to the initial formation of the heart from unspecified parts. This process begins with the specific processes that contribute to the appearance of the heart field and the arrival of cardiac neural crest to the heart region. The process ends when the structural rudiment is recognizable."" [GOC:mtg_heart]",33,959,9,20972,0.009384775808133473,0.2727272727272727,query_1,"['GO:0003007', 'GO:0048645']"
GO:BP,GO:0045671,negative regulation of osteoclast differentiation,0.00021546336551096489,True,"""Any process that stops, prevents, or reduces the frequency, rate or extent of osteoclast differentiation."" [GOC:go_curators]",33,959,9,20972,0.009384775808133473,0.2727272727272727,query_1,"['GO:0002762', 'GO:0030316', 'GO:0045670']"
GO:BP,GO:0060350,endochondral bone morphogenesis,0.00021546336551096489,True,"""The process in which bones are generated and organized as a result of the conversion of initial cartilaginous anlage into bone."" [GOC:dph, PMID:11680679]",59,959,12,20972,0.01251303441084463,0.2033898305084746,query_1,['GO:0060349']
GO:BP,GO:0034112,positive regulation of homotypic cell-cell adhesion,0.0002269810996763464,True,"""Any process that activates or increases the frequency, rate, or extent of homotypic cell-cell adhesion."" [GOC:add]",19,959,7,20972,0.0072992700729927005,0.3684210526315789,query_1,"['GO:0022409', 'GO:0034109', 'GO:0034110']"
GO:BP,GO:0051402,neuron apoptotic process,0.00023525462144799024,True,"""Any apoptotic process in a neuron, the basic cellular unit of nervous tissue. Each neuron consists of a body, an axon, and dendrites. Their purpose is to receive, conduct, and transmit impulses in the nervous system."" [CL:0000540, GOC:mtg_apoptosis]",293,959,31,20972,0.03232533889468196,0.10580204778156997,query_1,['GO:0006915']
GO:BP,GO:0002009,morphogenesis of an epithelium,0.00023575918975387122,True,"""The process in which the anatomical structures of epithelia are generated and organized. An epithelium consists of closely packed cells arranged in one or more layers, that covers the outer surfaces of the body or lines any internal cavity or tube."" [GOC:dph, GOC:jl, GOC:tb, ISBN:0198506732]",501,959,45,20972,0.04692387904066736,0.08982035928143713,query_1,"['GO:0048729', 'GO:0060429']"
GO:BP,GO:2001236,regulation of extrinsic apoptotic signaling pathway,0.00023935066044022504,True,"""Any process that modulates the frequency, rate or extent of extrinsic apoptotic signaling pathway."" [GOC:mtg_apoptosis]",160,959,21,20972,0.021897810218978103,0.13125,query_1,"['GO:0097191', 'GO:2001233']"
GO:BP,GO:0044283,small molecule biosynthetic process,0.0002416090312181312,True,"""The chemical reactions and pathways resulting in the formation of small molecules, any low molecular weight, monomeric, non-encoded molecule."" [GOC:curators, GOC:pde, GOC:vw]",580,959,50,20972,0.05213764337851929,0.08620689655172414,query_1,"['GO:0009058', 'GO:0044281']"
GO:BP,GO:0048762,mesenchymal cell differentiation,0.0002448171629676284,True,"""The process in which a relatively unspecialized cell acquires specialized features of a mesenchymal cell. A mesenchymal cell is a loosely associated cell that is part of the connective tissue in an organism. Mesenchymal cells give rise to more mature connective tissue cell types."" [GOC:dph, GOC:jid]",252,959,28,20972,0.029197080291970802,0.1111111111111111,query_1,"['GO:0030154', 'GO:0060485']"
GO:BP,GO:0061005,cell differentiation involved in kidney development,0.0002525058606212436,True,"""The process in which relatively unspecialized cells acquire specialized structural and/or functional features that characterize the cells of the kidney as it progresses from its formation to the mature state."" [GOC:mtg_kidney_jan10]",60,959,12,20972,0.01251303441084463,0.2,query_1,"['GO:0001822', 'GO:0030154']"
GO:BP,GO:0050670,regulation of lymphocyte proliferation,0.0002554575827709535,True,"""Any process that modulates the frequency, rate or extent of lymphocyte proliferation."" [GOC:ai]",239,959,27,20972,0.028154327424400417,0.11297071129707113,query_1,"['GO:0032944', 'GO:0046651', 'GO:0051249']"
GO:BP,GO:0090101,negative regulation of transmembrane receptor protein serine/threonine kinase signaling pathway,0.0002697024416512034,True,"""Any process that decreases the rate, frequency, or extent of the series of molecular signals generated as a consequence of a transmembrane receptor serine/threonine kinase binding to its physiological ligand."" [GOC:dph, GOC:tb]",149,959,20,20972,0.020855057351407715,0.1342281879194631,query_1,"['GO:0007178', 'GO:0009968', 'GO:0090092']"
GO:BP,GO:0120161,regulation of cold-induced thermogenesis,0.0002973585996503744,True,"""Any process that modulates the frequency, rate or extent of cold-induced thermogenesis."" [PMID:27876809]",150,959,20,20972,0.020855057351407715,0.13333333333333333,query_1,"['GO:0051239', 'GO:0106106']"
GO:BP,GO:0001656,metanephros development,0.0003017884748967173,True,"""The process whose specific outcome is the progression of the metanephros over time, from its formation to the mature structure. In mammals, the metanephros is the excretory organ of the fetus, which develops into the mature kidney and is formed from the rear portion of the nephrogenic cord. The metanephros is an endocrine and metabolic organ that filters the blood and excretes the end products of body metabolism in the form of urine."" [GOC:bf, ISBN:0192800752]",92,959,15,20972,0.01564129301355579,0.16304347826086957,query_1,['GO:0001822']
GO:BP,GO:0030168,platelet activation,0.0003017884748967173,True,"""A series of progressive, overlapping events triggered by exposure of the platelets to subendothelial tissue. These events include shape change, adhesiveness, aggregation, and release reactions. When carried through to completion, these events lead to the formation of a stable hemostatic plug."" [PMID:27403440]",138,959,19,20972,0.01981230448383733,0.13768115942028986,query_1,"['GO:0001775', 'GO:0007596']"
GO:BP,GO:0032496,response to lipopolysaccharide,0.00030641292486832444,True,"""Any process that results in a change in state or activity of an organism (in terms of movement, secretion, enzyme production, gene expression, etc.) as a result of a lipopolysaccharide stimulus; lipopolysaccharide is a major component of the cell wall of gram-negative bacteria."" [GOC:add, ISBN:0721601464]",326,959,33,20972,0.03441084462982273,0.10122699386503067,query_1,"['GO:0002237', 'GO:0033993', 'GO:1901700']"
GO:BP,GO:0045766,positive regulation of angiogenesis,0.00031143361472038187,True,"""Any process that activates or increases angiogenesis."" [GOC:go_curators]",163,959,21,20972,0.021897810218978103,0.12883435582822086,query_1,"['GO:0001525', 'GO:0045765', 'GO:1904018']"
GO:BP,GO:1903131,mononuclear cell differentiation,0.00031406583404376264,True,"""The process in which a relatively unspecialized cell acquires the specialized features of a mononuclear cell."" [CL:0000842, GO_REF:0000086, GOC:TermGenie, PMID:24759906]",523,959,46,20972,0.047966631908237745,0.08795411089866156,query_1,['GO:0002521']
GO:BP,GO:0106106,cold-induced thermogenesis,0.00032370347583086695,True,"""The process by which heat is generated by increasing metabolism in response to cold ambient temperatures in order to maintain a stable core body temperature."" [PMID:27876809]",151,959,20,20972,0.020855057351407715,0.13245033112582782,query_1,['GO:1990845']
GO:BP,GO:0033688,regulation of osteoblast proliferation,0.0003259856702125821,True,"""Any process that modulates the frequency, rate or extent of osteoblast proliferation."" [GOC:mah]",27,959,8,20972,0.008342022940563087,0.2962962962962963,query_1,"['GO:0033687', 'GO:0042127']"
GO:BP,GO:0002526,acute inflammatory response,0.0003349301330402415,True,"""Inflammation which comprises a rapid, short-lived, relatively uniform response to acute injury or antigenic challenge and is characterized by accumulations of fluid, plasma proteins, and granulocytic leukocytes. An acute inflammatory response occurs within a matter of minutes or hours, and either resolves within a few days or becomes a chronic inflammatory response."" [GO_REF:0000022, GOC:add, ISBN:0781735149]",104,959,16,20972,0.016684045881126174,0.15384615384615385,query_1,['GO:0006954']
GO:BP,GO:0110110,positive regulation of animal organ morphogenesis,0.0003472842838831542,True,"""Any process that activates or increases the frequency, rate or extent of animal organ morphogenesis."" [GOC:kmv]",35,959,9,20972,0.009384775808133473,0.2571428571428571,query_1,"['GO:0009887', 'GO:0051094', 'GO:0051240', 'GO:2000027']"
GO:BP,GO:0055085,transmembrane transport,0.0003551131675774465,True,"""The process in which a solute is transported across a lipid bilayer, from one side of a membrane to the other."" [GOC:dph, GOC:jid]",1555,959,106,20972,0.1105318039624609,0.06816720257234726,query_1,"['GO:0006810', 'GO:0009987']"
GO:BP,GO:0040008,regulation of growth,0.0003663144442699156,True,"""Any process that modulates the frequency, rate or extent of the growth of all or part of an organism so that it occurs at its proper speed, either globally or in a specific part of the organism's development."" [GOC:ems, GOC:mah]",590,959,50,20972,0.05213764337851929,0.0847457627118644,query_1,"['GO:0040007', 'GO:0050789']"
GO:BP,GO:0010543,regulation of platelet activation,0.00038284374868430613,True,"""Any process that modulates the rate or frequency of platelet activation. Platelet activation is a series of progressive, overlapping events triggered by exposure of the platelets to subendothelial tissue."" [GOC:BHF, GOC:dph, GOC:tb]",53,959,11,20972,0.011470281543274244,0.20754716981132076,query_1,"['GO:0030168', 'GO:0050865']"
GO:BP,GO:0010906,regulation of glucose metabolic process,0.000383272843269679,True,"""Any process that modulates the rate, frequency or extent of glucose metabolism. Glucose metabolic processes are the chemical reactions and pathways involving glucose, the aldohexose gluco-hexose."" [GOC:BHF, GOC:tb]",94,959,15,20972,0.01564129301355579,0.1595744680851064,query_1,"['GO:0006006', 'GO:0006109', 'GO:0062012']"
GO:BP,GO:0030501,positive regulation of bone mineralization,0.00038768845815999623,True,"""Any process that activates or increases the frequency, rate or extent of bone mineralization."" [GOC:go_curators]",44,959,10,20972,0.010427528675703858,0.22727272727272727,query_1,"['GO:0030282', 'GO:0030500', 'GO:0045778', 'GO:0070169']"
GO:BP,GO:1901654,response to ketone,0.00039901220880314954,True,"""A response that results in a state of tolerance to ketone."" [GOC:mengo_curators, PMID:23356676]",205,959,24,20972,0.02502606882168926,0.11707317073170732,query_1,['GO:1901700']
GO:BP,GO:0048844,artery morphogenesis,0.00039901220880314954,True,"""The process in which the anatomical structures of arterial blood vessels are generated and organized. Arteries are blood vessels that transport blood from the heart to the body and its organs."" [GOC:dsf, PMID:16740480]",73,959,13,20972,0.013555787278415016,0.1780821917808219,query_1,"['GO:0048514', 'GO:0060840']"
GO:BP,GO:0043524,negative regulation of neuron apoptotic process,0.00039901220880314954,True,"""Any process that stops, prevents, or reduces the frequency, rate or extent of cell death by apoptotic process in neurons."" [GOC:go_curators, GOC:mtg_apoptosis]",166,959,21,20972,0.021897810218978103,0.12650602409638553,query_1,"['GO:0043066', 'GO:0043523', 'GO:0051402']"
GO:BP,GO:0042180,ketone metabolic process,0.00039901220880314954,True,"""The chemical reactions and pathways involving any of a class of organic compounds that contain the carbonyl group, CO, and in which the carbonyl group is bonded only to carbon atoms, as carried out by individual cells. The general formula for a ketone is RCOR, where R and R are alkyl or aryl groups."" [GOC:jl, ISBN:0787650153]",205,959,24,20972,0.02502606882168926,0.11707317073170732,query_1,['GO:0008152']
GO:BP,GO:0045638,negative regulation of myeloid cell differentiation,0.00043024799457288035,True,"""Any process that stops, prevents, or reduces the frequency, rate or extent of myeloid cell differentiation."" [GOC:go_curators]",95,959,15,20972,0.01564129301355579,0.15789473684210525,query_1,"['GO:0030099', 'GO:0045596', 'GO:0045637']"
GO:BP,GO:1904018,positive regulation of vasculature development,0.0004346381574715804,True,"""Any process that activates or increases the frequency, rate or extent of vasculature development."" [GO_REF:0000058, GOC:TermGenie, PMID:21472453]",167,959,21,20972,0.021897810218978103,0.12574850299401197,query_1,"['GO:0001944', 'GO:0051094', 'GO:0051240', 'GO:1901342']"
GO:BP,GO:0150063,visual system development,0.00043595031563619085,True,"""The process whose specific outcome is the progression of the visual system over time, from its formation to the mature structure, including the eye, parts of the central nervous system (CNS) involved in processing of visual inputs, and connecting nerve pathways."" [GOC:aruk, GOC:bc, GOC:krc, PMID:15004427, PMID:20647017, PMID:22632727]",422,959,39,20972,0.040667361835245046,0.0924170616113744,query_1,['GO:0048880']
GO:BP,GO:0070542,response to fatty acid,0.0004497257459905238,True,"""Any process that results in a change in state or activity of a cell or an organism (in terms of movement, secretion, enzyme production, gene expression, etc.) as a result of a fatty acid stimulus."" [GOC:lp]",54,959,11,20972,0.011470281543274244,0.2037037037037037,query_1,"['GO:0033993', 'GO:1901700']"
GO:BP,GO:0045778,positive regulation of ossification,0.0004497257459905238,True,"""Any process that activates or increases the frequency, rate or extent of ossification, the formation of bone or of a bony substance or the conversion of fibrous tissue or of cartilage into bone or a bony substance."" [GOC:go_curators]",54,959,11,20972,0.011470281543274244,0.2037037037037037,query_1,"['GO:0001503', 'GO:0030278', 'GO:0051240']"
GO:BP,GO:0002696,positive regulation of leukocyte activation,0.00046310167688516337,True,"""Any process that activates or increases the frequency, rate, or extent of leukocyte activation."" [GOC:add]",363,959,35,20972,0.0364963503649635,0.09641873278236915,query_1,"['GO:0002684', 'GO:0002694', 'GO:0045321', 'GO:0050867']"
GO:BP,GO:0060840,artery development,0.00046315195067795105,True,"""The progression of the artery over time, from its initial formation to the mature structure. An artery is a blood vessel that carries blood away from the heart to a capillary bed."" [GOC:dph, GOC:sdb_2009, GOC:tb]",107,959,16,20972,0.016684045881126174,0.14953271028037382,query_1,['GO:0001568']
GO:BP,GO:0006953,acute-phase response,0.00046437392317479054,True,"""An acute inflammatory response that involves non-antibody proteins whose concentrations in the plasma increase in response to infection or injury of homeothermic animals."" [ISBN:0198506732]",45,959,10,20972,0.010427528675703858,0.2222222222222222,query_1,['GO:0002526']
GO:BP,GO:0070372,regulation of ERK1 and ERK2 cascade,0.00046437392317479054,True,"""Any process that modulates the frequency, rate or extent of signal transduction mediated by the ERK1 and ERK2 cascade."" [GOC:add, ISBN:0121245462, ISBN:0896039986]",276,959,29,20972,0.03023983315954119,0.10507246376811594,query_1,"['GO:0043408', 'GO:0070371']"
GO:BP,GO:0048562,embryonic organ morphogenesis,0.00047597208562897664,True,"""Morphogenesis, during the embryonic phase, of a tissue or tissues that work together to perform a specific function or functions. Morphogenesis is the process in which anatomical structures are generated and organized. Organs are commonly observed as visibly distinct structures, but may also exist as loosely associated clusters of cells that work together to perform a specific function or functions."" [GOC:jid]",305,959,31,20972,0.03232533889468196,0.10163934426229508,query_1,"['GO:0009887', 'GO:0048568', 'GO:0048598']"
GO:BP,GO:0060541,respiratory system development,0.00047678853167212805,True,"""The progression of the respiratory system over time from its formation to its mature structure. The respiratory system carries out respiratory gaseous exchange."" [GOC:dph]",221,959,25,20972,0.026068821689259645,0.11312217194570136,query_1,['GO:0048731']
GO:BP,GO:0002688,regulation of leukocyte chemotaxis,0.00047723597502677466,True,"""Any process that modulates the frequency, rate, or extent of leukocyte chemotaxis."" [GOC:add]",119,959,17,20972,0.017726798748696558,0.14285714285714285,query_1,"['GO:0002685', 'GO:0030595', 'GO:0050920']"
GO:BP,GO:0050867,positive regulation of cell activation,0.0005122794936633098,True,"""Any process that activates or increases the frequency, rate or extent of activation."" [GOC:ai]",380,959,36,20972,0.03753910323253389,0.09473684210526316,query_1,"['GO:0001775', 'GO:0048522', 'GO:0050865', 'GO:0051240']"
GO:BP,GO:0048568,embryonic organ development,0.0005302419747915009,True,"""Development, taking place during the embryonic phase, of a tissue or tissues that work together to perform a specific function or functions. Development pertains to the process whose specific outcome is the progression of a structure over time, from its formation to the mature structure. Organs are commonly observed as visibly distinct structures, but may also exist as loosely associated clusters of cells that work together to perform a specific function or functions."" [GOC:jid]",457,959,41,20972,0.04275286757038582,0.08971553610503283,query_1,"['GO:0009790', 'GO:0048513']"
GO:BP,GO:0006631,fatty acid metabolic process,0.0005365769853627962,True,"""The chemical reactions and pathways involving fatty acids, aliphatic monocarboxylic acids liberated from naturally occurring fats and oils by hydrolysis."" [ISBN:0198547684]",396,959,37,20972,0.03858185610010428,0.09343434343434344,query_1,"['GO:0006629', 'GO:0032787']"
GO:BP,GO:0060512,prostate gland morphogenesis,0.0005442259831979487,True,"""The process in which the anatomical structures of a prostate gland are generated and organized."" [GOC:dph, PMID:18977204]",29,959,8,20972,0.008342022940563087,0.27586206896551724,query_1,"['GO:0003006', 'GO:0022612', 'GO:0030850']"
GO:BP,GO:0003156,regulation of animal organ formation,0.0005442259831979487,True,"""Any process that modulates the rate, frequency or extent of animal organ formation. Organ formation is the process pertaining to the initial formation of an organ from unspecified parts. The process begins with the specific processes that contribute to the appearance of the discrete structure, such as inductive events, and ends when the structural rudiment of the organ is recognizable, such as a condensation of mesenchymal cells into the organ rudiment."" [GOC:dph, GOC:mtg_heart, GOC:tb]",29,959,8,20972,0.008342022940563087,0.27586206896551724,query_1,"['GO:0048645', 'GO:2000027']"
GO:BP,GO:0072012,glomerulus vasculature development,0.0005442259831979487,True,"""The biological process whose specific outcome is the progression of a glomerulus vasculature from an initial condition to its mature state. This process begins with the formation of the glomerulus vasculature and ends with the mature structure. The glomerulus vasculature is composed of the tubule structures that carry blood or lymph in the glomerulus."" [GOC:mtg_kidney_jan10]",29,959,8,20972,0.008342022940563087,0.27586206896551724,query_1,"['GO:0001568', 'GO:0032835', 'GO:0061440']"
GO:BP,GO:0030098,lymphocyte differentiation,0.0005463139649513971,True,"""The process in which a relatively unspecialized precursor cell acquires specialized features of a lymphocyte. A lymphocyte is a leukocyte commonly found in the blood and lymph that has the characteristics of a large nucleus, a neutral staining cytoplasm, and prominent heterochromatin."" [CL:0000542, GOC:go_curators]",427,959,39,20972,0.040667361835245046,0.09133489461358314,query_1,"['GO:0046649', 'GO:1903131']"
GO:BP,GO:0007189,adenylate cyclase-activating G protein-coupled receptor signaling pathway,0.0005463139649513971,True,"""A G protein-coupled receptor signaling pathway in which the signal is transmitted via the activation of adenylyl cyclase activity which results in an increase in the intracellular concentration of cyclic AMP (cAMP). This pathway is negatively regulated by phosphodiesterase, which cleaves cAMP and terminates the signaling."" [GOC:dph, GOC:mah, GOC:signaling, GOC:tb, ISBN:0815316194]",183,959,22,20972,0.022940563086548488,0.12021857923497267,query_1,['GO:0007188']
GO:BP,GO:0034764,positive regulation of transmembrane transport,0.0005463139649513971,True,"""Any process that activates or increases the frequency, rate or extent of the directed movement of a solute from one side of a membrane to the other."" [GOC:mah]",183,959,22,20972,0.022940563086548488,0.12021857923497267,query_1,"['GO:0034762', 'GO:0048522', 'GO:0051050', 'GO:0055085']"
GO:BP,GO:0032970,regulation of actin filament-based process,0.0005611762422534841,True,"""Any process that modulates the frequency, rate or extent of any cellular process that depends upon or alters the actin cytoskeleton."" [GOC:mah]",382,959,36,20972,0.03753910323253389,0.09424083769633508,query_1,"['GO:0030029', 'GO:0050794']"
GO:BP,GO:0043549,regulation of kinase activity,0.000590295488055269,True,"""Any process that modulates the frequency, rate or extent of kinase activity, the catalysis of the transfer of a phosphate group, usually from ATP, to a substrate molecule."" [GOC:bf]",353,959,34,20972,0.035453597497393116,0.09631728045325778,query_1,"['GO:0042325', 'GO:0051338']"
GO:BP,GO:0097305,response to alcohol,0.0005922025915841091,True,"""Any process that results in a change in state or activity of a cell or an organism (in terms of movement, secretion, enzyme production, gene expression, etc.) as a result of an alcohol stimulus."" [GOC:pr, PMID:24014527]",238,959,26,20972,0.027111574556830033,0.1092436974789916,query_1,['GO:1901700']
GO:BP,GO:2001237,negative regulation of extrinsic apoptotic signaling pathway,0.0005945805158441856,True,"""Any process that stops, prevents or reduces the frequency, rate or extent of extrinsic apoptotic signaling pathway."" [GOC:mtg_apoptosis]",98,959,15,20972,0.01564129301355579,0.15306122448979592,query_1,"['GO:0097191', 'GO:2001234', 'GO:2001236']"
GO:BP,GO:0048880,sensory system development,0.0005974788852766165,True,"""The process whose specific outcome is the progression of a sensory system over time from its formation to the mature structure."" [GOC:dgh]",429,959,39,20972,0.040667361835245046,0.09090909090909091,query_1,['GO:0048731']
GO:BP,GO:0098771,inorganic ion homeostasis,0.0006126390649237013,True,"""Any process involved in the maintenance of an internal steady state of inorganic ions within an organism or cell."" [GOC:dos]",445,959,40,20972,0.04171011470281543,0.0898876404494382,query_1,['GO:0048878']
GO:BP,GO:0038066,p38MAPK cascade,0.0006126390649237013,True,"""A MAPK cascade containing at least the p38MAPK (MAPK14) MAP kinase, or Hog1 in yeast. It starts with the activation of a MAP3K, and the consecutive activation of a MPK2K and of p38MAPK. The cascade can also contain an additional tier: the upstream MAP4K. The kinases in each tier phosphorylate and activate the kinases in the downstream tier. The p38MAPK cascade is activated by stress signals, including hyperosmolarity, as well as by G protein-coupled receptors, growth factors, and cytokines, and results in cellular responses such as cell proliferation, cell differentiation, apoptosis and inflammation."" [PMID:20811974, PMID:23125017, PMID:32794416]",56,959,11,20972,0.011470281543274244,0.19642857142857142,query_1,['GO:0000165']
GO:BP,GO:0070229,negative regulation of lymphocyte apoptotic process,0.0006499768243486437,True,"""Any process that stops, prevents, or reduces the frequency, rate or extent of lymphocyte death by apoptotic process."" [GOC:add, GOC:mtg_apoptosis, ISBN:0781765196]",38,959,9,20972,0.009384775808133473,0.23684210526315788,query_1,"['GO:0070227', 'GO:0070228', 'GO:2000107']"
GO:BP,GO:0034110,regulation of homotypic cell-cell adhesion,0.0006499768243486437,True,"""Any process that modulates the frequency, rate, or extent of homotypic cell-cell adhesion."" [GOC:add]",38,959,9,20972,0.009384775808133473,0.23684210526315788,query_1,"['GO:0022407', 'GO:0034109']"
GO:BP,GO:1905818,regulation of chromosome separation,0.0006693830093763636,True,"""Any process that modulates the frequency, rate or extent of chromosome separation."" [GO_REF:0000058, GOC:bhm, GOC:TermGenie, PMID:21795393]",77,959,13,20972,0.013555787278415016,0.16883116883116883,query_1,"['GO:0051304', 'GO:0051983']"
GO:BP,GO:0043409,negative regulation of MAPK cascade,0.0006851758757544989,True,"""Any process that stops, prevents, or reduces the frequency, rate or extent of signal transduction mediated by the MAPKKK cascade."" [GOC:go_curators]",160,959,20,20972,0.020855057351407715,0.125,query_1,"['GO:0000165', 'GO:0043408', 'GO:1902532']"
GO:BP,GO:0048545,response to steroid hormone,0.0006994597095042208,True,"""Any process that results in a change in state or activity of a cell or an organism (in terms of movement, secretion, enzyme production, gene expression, etc.) as a result of a steroid hormone stimulus."" [GOC:go_curators]",312,959,31,20972,0.03232533889468196,0.09935897435897435,query_1,"['GO:0009725', 'GO:0033993']"
GO:BP,GO:0002367,cytokine production involved in immune response,0.0006994597095042208,True,"""The appearance of a cytokine due to biosynthesis or secretion following a cellular stimulus contributing to an immune response, resulting in an increase in its intracellular or extracellular levels."" [GO_REF:0000022, GOC:add, ISBN:0781735149]",123,959,17,20972,0.017726798748696558,0.13821138211382114,query_1,"['GO:0001816', 'GO:0002440', 'GO:0006955']"
GO:BP,GO:0002718,regulation of cytokine production involved in immune response,0.0006994597095042208,True,"""Any process that modulates the frequency, rate, or extent of cytokine production that contributes to an immune response."" [GOC:add]",123,959,17,20972,0.017726798748696558,0.13821138211382114,query_1,"['GO:0001817', 'GO:0002367', 'GO:0002700']"
GO:BP,GO:0140546,defense response to symbiont,0.000706476426071987,True,"""Reactions triggered in response to the presence of a symbiont that act to protect or prevent damage to the host."" [GOC:pg]",1100,959,79,20972,0.08237747653806048,0.07181818181818182,query_1,['GO:0098542']
GO:BP,GO:1901990,regulation of mitotic cell cycle phase transition,0.0007069696350224542,True,"""Any process that modulates the frequency, rate or extent of mitotic cell cycle phase transition."" [GOC:mtg_cell_cycle, GOC:TermGenie, PMID:22841721]",327,959,32,20972,0.03336809176225235,0.09785932721712538,query_1,"['GO:0007346', 'GO:0044772', 'GO:1901987']"
GO:BP,GO:0045600,positive regulation of fat cell differentiation,0.0007069696350224542,True,"""Any process that activates or increases the frequency, rate or extent of adipocyte differentiation."" [GOC:go_curators]",67,959,12,20972,0.01251303441084463,0.1791044776119403,query_1,"['GO:0045444', 'GO:0045597', 'GO:0045598']"
GO:BP,GO:0031346,positive regulation of cell projection organization,0.0007128259398463532,True,"""Any process that activates or increases the frequency, rate or extent of the process involved in the formation, arrangement of constituent parts, or disassembly of cell projections."" [GOC:mah]",342,959,33,20972,0.03441084462982273,0.09649122807017543,query_1,"['GO:0030030', 'GO:0031344', 'GO:0051130']"
GO:BP,GO:0001654,eye development,0.0007263823640085469,True,"""The process whose specific outcome is the progression of the eye over time, from its formation to the mature structure. The eye is the organ of sight."" [GOC:jid, GOC:jl]",418,959,38,20972,0.03962460896767466,0.09090909090909091,query_1,"['GO:0007423', 'GO:0150063']"
GO:BP,GO:0060349,bone morphogenesis,0.0007320646826822707,True,"""The process in which bones are generated and organized."" [GOC:dph]",100,959,15,20972,0.01564129301355579,0.15,query_1,"['GO:0009887', 'GO:0048705', 'GO:0060348']"
GO:BP,GO:0022409,positive regulation of cell-cell adhesion,0.000741944843346537,True,"""Any process that activates or increases the rate or extent of cell adhesion to another cell."" [GOC:isa_complete]",328,959,32,20972,0.03336809176225235,0.0975609756097561,query_1,"['GO:0022407', 'GO:0045785', 'GO:0098609']"
GO:BP,GO:0046321,positive regulation of fatty acid oxidation,0.000741944843346537,True,"""Any process that activates or increases the frequency, rate or extent of fatty acid oxidation."" [GOC:ai]",16,959,6,20972,0.006256517205422315,0.375,query_1,"['GO:0019395', 'GO:0045923', 'GO:0046320']"
GO:BP,GO:0033036,macromolecule localization,0.0007519406929539967,True,"""Any process in which a macromolecule is transported to, or maintained in, a specific location."" [GOC:mah]",2876,959,174,20972,0.18143899895724713,0.06050069541029207,query_1,['GO:0051179']
GO:BP,GO:0033627,cell adhesion mediated by integrin,0.0007519406929539967,True,"""The attachment of a cell, either to another cell or to an underlying substrate such as the extracellular matrix, via an integrin, a heterodimeric adhesion receptor formed by the non-covalent association of particular alpha and beta subunits."" [GOC:add, PMID:12213832, PMID:14754902]",89,959,14,20972,0.014598540145985401,0.15730337078651685,query_1,['GO:0007155']
GO:BP,GO:0046849,bone remodeling,0.0007519406929539967,True,"""The continuous turnover of bone matrix and mineral that involves first, an increase in resorption (osteoclastic activity) and later, reactive bone formation (osteoblastic activity). The process of bone remodeling takes place in the adult skeleton at discrete foci. The process ensures the mechanical integrity of the skeleton throughout life and plays an important role in calcium homeostasis. An imbalance in the regulation of bone resorption and bone formation results in many of the metabolic bone diseases, such as osteoporosis."" [GOC:curators]",89,959,14,20972,0.014598540145985401,0.15730337078651685,query_1,['GO:0048771']
GO:BP,GO:0048066,developmental pigmentation,0.0007752273087078345,True,"""The developmental process that results in the deposition of coloring matter in an organism, tissue or cell."" [ISBN:0582227089]",48,959,10,20972,0.010427528675703858,0.20833333333333334,query_1,['GO:0043473']
GO:BP,GO:1902105,regulation of leukocyte differentiation,0.0007779240150745779,True,"""Any process that modulates the frequency, rate or extent of leukocyte differentiation."" [GOC:add, GOC:TermGenie]",329,959,32,20972,0.03336809176225235,0.0972644376899696,query_1,"['GO:0002521', 'GO:1903706']"
GO:BP,GO:0051988,regulation of attachment of spindle microtubules to kinetochore,0.0007927332886423362,True,"""Any process that modulates the frequency, rate or extent of the attachment of spindle microtubules to the kinetochore."" [GOC:ai]",23,959,7,20972,0.0072992700729927005,0.30434782608695654,query_1,"['GO:0008608', 'GO:0010564']"
GO:BP,GO:0002440,production of molecular mediator of immune response,0.0007927332886423362,True,"""The synthesis or release of any molecular mediator of the immune response, resulting in an increase in its intracellular or extracellular levels."" [GO_REF:0000022, GOC:add, ISBN:0781735149]",229,959,25,20972,0.026068821689259645,0.1091703056768559,query_1,"['GO:0002376', 'GO:0010467']"
GO:BP,GO:0001759,organ induction,0.0007927332886423362,True,"""The interaction of two or more cells or tissues that causes them to change their fates and specify the development of an organ."" [ISBN:0878932437]",23,959,7,20972,0.0072992700729927005,0.30434782608695654,query_1,"['GO:0003156', 'GO:0010092', 'GO:0031128', 'GO:0110110']"
GO:BP,GO:0045859,regulation of protein kinase activity,0.0008180073513398567,True,"""Any process that modulates the frequency, rate or extent of protein kinase activity."" [GOC:go_curators]",330,959,32,20972,0.03336809176225235,0.09696969696969697,query_1,"['GO:0001932', 'GO:0043549']"
GO:BP,GO:0019752,carboxylic acid metabolic process,0.0008246393846719648,True,"""The chemical reactions and pathways involving carboxylic acids, any organic acid containing one or more carboxyl (COOH) groups or anions (COO-)."" [ISBN:0198506732]",863,959,65,20972,0.06777893639207508,0.07531865585168018,query_1,['GO:0043436']
GO:BP,GO:0003151,outflow tract morphogenesis,0.0008392329686043884,True,"""The process in which the anatomical structures of the outflow tract are generated and organized. The outflow tract is the portion of the heart through which blood flows into the arteries."" [GOC:mtg_heart, UBERON:0004145]",79,959,13,20972,0.013555787278415016,0.16455696202531644,query_1,"['GO:0003007', 'GO:0009653']"
GO:BP,GO:0032370,positive regulation of lipid transport,0.0008392329686043884,True,"""Any process that activates or increases the frequency, rate or extent of the directed movement of lipids into, out of or within a cell, or between cells, by means of some agent such as a transporter or pore."" [GOC:mah]",79,959,13,20972,0.013555787278415016,0.16455696202531644,query_1,"['GO:0006869', 'GO:0032368', 'GO:0051050', 'GO:1905954']"
GO:BP,GO:0097696,cell surface receptor signaling pathway via STAT,0.0008392329686043884,True,"""An intracellular signal transduction process in which STAT proteins (Signal Transducers and Activators of Transcription) convey a signal to trigger a change in the activity or state of a cell. The STAT cascade begins with receptor activation followed by activation of STAT proteins by kinases. It proceeds through STA dimerization and subsequent nuclear translocation of STAT proteins, and ends with regulation of target gene expression by STAT proteins."" [GOC:rjd, PMID:21534947, PMID:24587195]",150,959,19,20972,0.01981230448383733,0.12666666666666668,query_1,['GO:0007166']
GO:BP,GO:0006873,intracellular monoatomic ion homeostasis,0.0008392818612124693,True,"""A homeostatic process involved in the maintenance of a steady state level of monoatomic ions within a cell. Monatomic ions (also called simple ions) are ions consisting of exactly one atom."" [GOC:mah]",437,959,39,20972,0.040667361835245046,0.08924485125858124,query_1,"['GO:0050801', 'GO:0055082']"
GO:BP,GO:0061440,kidney vasculature development,0.000839755719788729,True,"""The process whose specific outcome is the progression of the vasculature of the kidney over time, from its formation to the mature structure."" [GOC:dph, GOC:mtg_kidney_jan10, PMID:11891195]",31,959,8,20972,0.008342022940563087,0.25806451612903225,query_1,"['GO:0001822', 'GO:0061437']"
GO:BP,GO:0036075,replacement ossification,0.000839755719788729,True,"""Ossification that requires the replacement of a preexisting tissue prior to bone tissue formation."" [GO_REF:0000034]",31,959,8,20972,0.008342022940563087,0.25806451612903225,query_1,['GO:0001503']
GO:BP,GO:0040036,regulation of fibroblast growth factor receptor signaling pathway,0.000839755719788729,True,"""Any process that modulates the frequency, rate or extent of fibroblast growth factor receptor signaling pathway activity."" [GOC:go_curators]",31,959,8,20972,0.008342022940563087,0.25806451612903225,query_1,"['GO:0008543', 'GO:0009966', 'GO:0090287']"
GO:BP,GO:0002573,myeloid leukocyte differentiation,0.000839755719788729,True,"""The process in which a relatively unspecialized myeloid precursor cell acquires the specialized features of any cell of the myeloid leukocyte lineage."" [GOC:add, PMID:16551251]",244,959,26,20972,0.027111574556830033,0.10655737704918032,query_1,"['GO:0002521', 'GO:0030099']"
GO:BP,GO:0061437,renal system vasculature development,0.000839755719788729,True,"""The process whose specific outcome is the progression of vasculature of the renal system over time, from its formation to the mature structure."" [GOC:dph, GOC:mtg_kidney_jan10, PMID:11891195]",31,959,8,20972,0.008342022940563087,0.25806451612903225,query_1,"['GO:0001944', 'GO:0072001']"
GO:BP,GO:0001958,endochondral ossification,0.000839755719788729,True,"""Replacement ossification wherein bone tissue replaces cartilage."" [GO_REF:0000034, ISBN:0878932437]",31,959,8,20972,0.008342022940563087,0.25806451612903225,query_1,"['GO:0036075', 'GO:0060350']"
GO:BP,GO:0007162,negative regulation of cell adhesion,0.000845141549353078,True,"""Any process that stops, prevents, or reduces the frequency, rate or extent of cell adhesion."" [GOC:go_curators]",287,959,29,20972,0.03023983315954119,0.10104529616724739,query_1,"['GO:0007155', 'GO:0030155', 'GO:0048523']"
GO:BP,GO:0009628,response to abiotic stimulus,0.0008485980986291074,True,"""Any process that results in a change in state or activity of a cell or an organism (in terms of movement, secretion, enzyme production, gene expression, etc.) as a result of an abiotic (not derived from living organisms) stimulus."" [GOC:hb]",1108,959,79,20972,0.08237747653806048,0.07129963898916968,query_1,['GO:0050896']
GO:BP,GO:0042110,T cell activation,0.0008601796391739435,True,"""The change in morphology and behavior of a mature or immature T cell resulting from exposure to a mitogen, cytokine, chemokine, cellular ligand, or an antigen for which it is specific."" [GOC:mgi_curators, ISBN:0781735149]",581,959,48,20972,0.05005213764337852,0.08261617900172118,query_1,['GO:0046649']
GO:BP,GO:0051130,positive regulation of cellular component organization,0.0008613620236422968,True,"""Any process that activates or increases the frequency, rate or extent of a process involved in the formation, arrangement of constituent parts, or disassembly of cell structures, including the plasma membrane and any external encapsulating structures such as the cell wall and cell envelope."" [GOC:ai]",1091,959,78,20972,0.08133472367049009,0.07149404216315307,query_1,"['GO:0016043', 'GO:0048522', 'GO:0051128']"
GO:BP,GO:0006636,unsaturated fatty acid biosynthetic process,0.0008959095217208826,True,"""The chemical reactions and pathways resulting in the formation of an unsaturated fatty acid, any fatty acid containing one or more double bonds between carbon atoms."" [GOC:mah, MetaCyc:PWY-762, MetaCyc:PWY-782]",49,959,10,20972,0.010427528675703858,0.20408163265306123,query_1,"['GO:0006633', 'GO:0033559']"
GO:BP,GO:0032722,positive regulation of chemokine production,0.0008974340386244682,True,"""Any process that activates or increases the frequency, rate, or extent of chemokine production."" [GOC:mah]",69,959,12,20972,0.01251303441084463,0.17391304347826086,query_1,"['GO:0001819', 'GO:0032602', 'GO:0032642']"
GO:BP,GO:0051338,regulation of transferase activity,0.0009012852829337508,True,"""Any process that modulates the frequency, rate or extent of transferase activity, the catalysis of the transfer of a group, e.g. a methyl group, glycosyl group, acyl group, phosphorus-containing, or other groups, from one compound (generally regarded as the donor) to another compound (generally regarded as the acceptor). Transferase is the systematic name for any enzyme of EC class 2."" [GOC:ai]",408,959,37,20972,0.03858185610010428,0.09068627450980392,query_1,['GO:0050790']
GO:BP,GO:1902532,negative regulation of intracellular signal transduction,0.0009037756435054777,True,"""Any process that stops, prevents or reduces the frequency, rate or extent of intracellular signal transduction."" [GOC:dph, GOC:signaling, GOC:tb, GOC:TermGenie]",681,959,54,20972,0.056308654848800835,0.07929515418502203,query_1,"['GO:0009968', 'GO:0035556', 'GO:1902531']"
GO:BP,GO:0060284,regulation of cell development,0.0009176904890695809,True,"""Any process that modulates the rate, frequency or extent of the progression of the cell over time, from its formation to the mature structure. Cell development does not include the steps involved in committing a cell to a specific fate."" [GOC:dph, GOC:tb]",816,959,62,20972,0.06465067778936393,0.07598039215686274,query_1,"['GO:0045595', 'GO:0048468']"
GO:BP,GO:0002691,regulation of cellular extravasation,0.0009186952991470973,True,"""Any process that modulates the frequency, rate, or extent of cellular extravasation."" [GOC:add]",40,959,9,20972,0.009384775808133473,0.225,query_1,"['GO:0002685', 'GO:0045123']"
GO:BP,GO:0030097,hemopoiesis,0.0009186952991470973,True,"""The process whose specific outcome is the progression of the myeloid and lymphoid derived organ/tissue systems of the blood and other parts of the body over time, from formation to the mature structure. The site of hemopoiesis is variable during development, but occurs primarily in bone marrow or kidney in many adult vertebrates."" [GOC:dgh, ISBN:0198506732]",971,959,71,20972,0.0740354535974974,0.07312049433573635,query_1,['GO:0048468']
GO:BP,GO:0008543,fibroblast growth factor receptor signaling pathway,0.0009708732413269202,True,"""The series of molecular signals generated as a consequence of a fibroblast growth factor receptor binding to one of its physiological ligands."" [GOC:ceb]",127,959,17,20972,0.017726798748696558,0.13385826771653545,query_1,"['GO:0007169', 'GO:0044344']"
GO:BP,GO:0032640,tumor necrosis factor production,0.0009708732413269202,True,"""The appearance of tumor necrosis factor due to biosynthesis or secretion following a cellular stimulus, resulting in an increase in its intracellular or extracellular levels. Tumor necrosis factor is an inflammatory cytokine produced by macrophages/monocytes during acute inflammation and which is responsible for a diverse range of signaling events within cells, leading to necrosis or apoptosis."" [GOC:mah, PMID:10891884, PMID:15560120]",165,959,20,20972,0.020855057351407715,0.12121212121212122,query_1,['GO:0071706']
GO:BP,GO:0032680,regulation of tumor necrosis factor production,0.0009708732413269202,True,"""Any process that modulates the frequency, rate or extent of tumor necrosis factor production."" [GOC:mah, PMID:10891884, PMID:15560120]",165,959,20,20972,0.020855057351407715,0.12121212121212122,query_1,"['GO:0032640', 'GO:1903555']"
GO:BP,GO:0034762,regulation of transmembrane transport,0.0009826519922430858,True,"""Any process that modulates the frequency, rate or extent of the directed movement of a solute from one side of a membrane to the other."" [GOC:mah]",410,959,37,20972,0.03858185610010428,0.09024390243902439,query_1,"['GO:0050794', 'GO:0051049', 'GO:0055085']"
GO:BP,GO:0048736,appendage development,0.0010049966427656514,True,"""The process whose specific outcome is the progression of an appendage over time, from its formation to the mature structure. An appendage is an organ or part that is attached to the trunk of an organism, such as a limb or a branch."" [GOC:jid, GOC:rc]",192,959,22,20972,0.022940563086548488,0.11458333333333333,query_1,"['GO:0007275', 'GO:0048856']"
GO:BP,GO:0044772,mitotic cell cycle phase transition,0.0010049966427656514,True,"""The cell cycle process by which a cell commits to entering the next mitotic cell cycle phase."" [GOC:mtg_cell_cycle]",426,959,38,20972,0.03962460896767466,0.0892018779342723,query_1,"['GO:0044770', 'GO:1903047']"
GO:BP,GO:0060173,limb development,0.0010049966427656514,True,"""The process whose specific outcome is the progression of a limb over time, from its formation to the mature structure. A limb is an appendage of an animal used for locomotion or grasping. Examples include legs, arms or some types of fin."" [GOC:dgh, GOC:dph, PMID:11487378]",192,959,22,20972,0.022940563086548488,0.11458333333333333,query_1,['GO:0048736']
GO:BP,GO:0030318,melanocyte differentiation,0.0010076557620550019,True,"""The process in which a relatively unspecialized cell acquires specialized features of a melanocyte."" [GOC:mah]",24,959,7,20972,0.0072992700729927005,0.2916666666666667,query_1,['GO:0050931']
GO:BP,GO:0007346,regulation of mitotic cell cycle,0.0010076557620550019,True,"""Any process that modulates the rate or extent of progress through the mitotic cell cycle."" [GOC:dph, GOC:go_curators, GOC:tb]",489,959,42,20972,0.043795620437956206,0.08588957055214724,query_1,"['GO:0000278', 'GO:0051726']"
GO:BP,GO:0010827,regulation of D-glucose transmembrane transport,0.0010089344328745597,True,"""Any process that modulates the frequency, rate or extent of glucose transport across a membrane. Glucose transport is the directed movement of the hexose monosaccharide glucose into, out of or within a cell, or between cells, by means of some agent such as a transporter or pore."" [GOC:dph, GOC:tb]",70,959,12,20972,0.01251303441084463,0.17142857142857143,query_1,"['GO:0034762', 'GO:1904659']"
GO:BP,GO:0032060,bleb assembly,0.001018614606064375,True,"""The assembly of a bleb, a cell extension caused by localized decoupling of the cytoskeleton from the plasma membrane and characterized by rapid formation, rounded shape, and scarcity of organelles within the protrusion. Plasma membrane blebbing occurs during apoptosis and other cellular processes, including cell locomotion, cell division, and as a result of physical or chemical stresses."" [GOC:mah, GOC:mtg_apoptosis, PMID:12083798, PMID:16624291, Wikipedia:Bleb_(cell_biology)]",11,959,5,20972,0.005213764337851929,0.45454545454545453,query_1,['GO:0120031']
GO:BP,GO:0045603,positive regulation of endothelial cell differentiation,0.001018614606064375,True,"""Any process that activates or increases the frequency, rate or extent of endothelial cell differentiation."" [GOC:go_curators]",11,959,5,20972,0.005213764337851929,0.45454545454545453,query_1,"['GO:0030858', 'GO:0045446', 'GO:0045601']"
GO:BP,GO:0010458,exit from mitosis,0.0010262032693548015,True,"""The cell cycle transition where a cell leaves M phase and enters a new G1 phase. M phase is the part of the mitotic cell cycle during which mitosis and cytokinesis take place."" [GOC:dph, GOC:tb]",32,959,8,20972,0.008342022940563087,0.25,query_1,"['GO:0044772', 'GO:0140014']"
GO:BP,GO:1905952,regulation of lipid localization,0.0010311228617004033,True,"""Any process that modulates the frequency, rate or extent of lipid localization."" [GO_REF:0000058, GOC:TermGenie, PMID:17564681]",153,959,19,20972,0.01981230448383733,0.12418300653594772,query_1,"['GO:0010876', 'GO:0032879']"
GO:BP,GO:0001706,endoderm formation,0.0010526959762370287,True,"""The formation of the endoderm during gastrulation."" [GOC:go_curators]",60,959,11,20972,0.011470281543274244,0.18333333333333332,query_1,"['GO:0001704', 'GO:0007492']"
GO:BP,GO:1905517,macrophage migration,0.0010526959762370287,True,"""The orderly movement of a macrophage from one site to another."" [GO_REF:0000091, GOC:TermGenie, PMID:25749876]",60,959,11,20972,0.011470281543274244,0.18333333333333332,query_1,"['GO:0071674', 'GO:0097529']"
GO:BP,GO:0034219,carbohydrate transmembrane transport,0.0010648377078533778,True,"""The process in which a carbohydrate is transported across a membrane."" [GOC:mah]",116,959,16,20972,0.016684045881126174,0.13793103448275862,query_1,"['GO:0008643', 'GO:0055085']"
GO:BP,GO:0003012,muscle system process,0.0010837911054553473,True,"""An organ system process carried out at the level of a muscle. Muscle tissue is composed of contractile cells or fibers."" [GOC:mtg_cardio]",428,959,38,20972,0.03962460896767466,0.08878504672897196,query_1,['GO:0003008']
GO:BP,GO:0085029,extracellular matrix assembly,0.0010892146134920742,True,"""The aggregation, arrangement and bonding together of the extracellular matrix."" [GOC:jl]",41,959,9,20972,0.009384775808133473,0.21951219512195122,query_1,"['GO:0022607', 'GO:0030198']"
GO:BP,GO:0018212,peptidyl-tyrosine modification,0.0010901052773773959,True,"""The modification of peptidyl-tyrosine."" [GOC:go_curators]",141,959,18,20972,0.018769551616266946,0.1276595744680851,query_1,['GO:0018193']
GO:BP,GO:0008277,regulation of G protein-coupled receptor signaling pathway,0.0011121032702606228,True,"""Any process that modulates the frequency, rate or extent of G protein-coupled receptor signaling pathway."" [GOC:go_curators]",154,959,19,20972,0.01981230448383733,0.12337662337662338,query_1,"['GO:0007186', 'GO:0009966']"
GO:BP,GO:0048704,embryonic skeletal system morphogenesis,0.0011187078688907363,True,"""The process in which the anatomical structures of the skeleton are generated and organized during the embryonic phase."" [GOC:dph, GOC:dsf, GOC:jid, GOC:tb, PMID:16049113]",93,959,14,20972,0.014598540145985401,0.15053763440860216,query_1,"['GO:0048562', 'GO:0048705', 'GO:0048706']"
GO:BP,GO:0006081,aldehyde metabolic process,0.0011361396936600276,True,"""The chemical reactions and pathways involving aldehydes, any organic compound with the formula R-CH=O, as carried out by individual cells."" [GOC:go_curators, ISBN:0198506732]",71,959,12,20972,0.01251303441084463,0.16901408450704225,query_1,['GO:0008152']
GO:BP,GO:0045860,positive regulation of protein kinase activity,0.0011365666699562891,True,"""Any process that activates or increases the frequency, rate or extent of protein kinase activity."" [GOC:go_curators]",194,959,22,20972,0.022940563086548488,0.1134020618556701,query_1,"['GO:0001934', 'GO:0033674', 'GO:0045859']"
GO:BP,GO:0098542,defense response to other organism,0.0011677429800285779,True,"""Reactions triggered in response to the presence of another organism that act to protect the cell or organism from damage caused by that organism."" [GOC:dos]",1121,959,79,20972,0.08237747653806048,0.0704727921498662,query_1,"['GO:0006952', 'GO:0051707']"
GO:BP,GO:0061061,muscle structure development,0.0011912957887619017,True,"""The progression of a muscle structure over time, from its formation to its mature state. Muscle structures are contractile cells, tissues or organs that are found in multicellular organisms."" [GOC:dph]",673,959,53,20972,0.05526590198123045,0.0787518573551263,query_1,['GO:0048856']
GO:BP,GO:0007049,cell cycle,0.001224646583456224,True,"""The progression of biochemical and morphological phases and events that occur in a cell during successive cell replication or nuclear replication events. Canonically, the cell cycle comprises the replication and segregation of genetic material followed by the division of the cell, but in endocycles or syncytial cells nuclear replication or nuclear division may not be followed by cell division."" [GOC:go_curators, GOC:mtg_cell_cycle]",1668,959,109,20972,0.11366006256517205,0.06534772182254196,query_1,['GO:0009987']
GO:BP,GO:0051046,regulation of secretion,0.0012457802572147444,True,"""Any process that modulates the frequency, rate or extent of the controlled release of a substance from a cell or a tissue."" [GOC:ai]",608,959,49,20972,0.051094890510948905,0.0805921052631579,query_1,"['GO:0046903', 'GO:0051049']"
GO:BP,GO:0060325,face morphogenesis,0.0012606318280159992,True,"""The process in which the anatomical structures of the face are generated and organized. The face is the ventral division of the head."" [GOC:dph]",33,959,8,20972,0.008342022940563087,0.24242424242424243,query_1,"['GO:0009653', 'GO:0060323', 'GO:0060324']"
GO:BP,GO:0008217,regulation of blood pressure,0.0012606318280159992,True,"""Any process that modulates the force with which blood travels through the circulatory system. The process is controlled by a balance of processes that increase pressure and decrease pressure."" [GOC:dph, GOC:mtg_cardio, ISBN:0721643949]",182,959,21,20972,0.021897810218978103,0.11538461538461539,query_1,"['GO:0008015', 'GO:0065008']"
GO:BP,GO:0045670,regulation of osteoclast differentiation,0.0012817465208363995,True,"""Any process that modulates the frequency, rate or extent of osteoclast differentiation."" [GOC:go_curators]",72,959,12,20972,0.01251303441084463,0.16666666666666666,query_1,"['GO:0002761', 'GO:0030316']"
GO:BP,GO:1901987,regulation of cell cycle phase transition,0.0012817465208363995,True,"""Any process that modulates the frequency, rate or extent of cell cycle phase transition."" [GOC:mtg_cell_cycle, GOC:TermGenie, PMID:22841721]",432,959,38,20972,0.03962460896767466,0.08796296296296297,query_1,"['GO:0010564', 'GO:0044770']"
GO:BP,GO:0071163,DNA replication preinitiation complex assembly,0.0012817465208363995,True,"""The aggregation, arrangement and bonding together of a set of components to form the DNA replication preinitiation complex, a protein-DNA complex that is assembled at DNA replication origins as part of initiation of DNA replication. The complex consists of proteins that initiate the DNA binding, melt the helix and enable helicase activity."" [GOC:mah, PMID:28209641]",3,959,3,20972,0.0031282586027111575,1.0,query_1,"['GO:0022402', 'GO:0033260', 'GO:0065004']"
GO:BP,GO:0071260,cellular response to mechanical stimulus,0.0012817465208363995,True,"""Any process that results in a change in state or activity of a cell (in terms of movement, secretion, enzyme production, gene expression, etc.) as a result of a mechanical stimulus."" [GOC:mah]",72,959,12,20972,0.01251303441084463,0.16666666666666666,query_1,"['GO:0009612', 'GO:0071214', 'GO:0071496']"
GO:BP,GO:0055006,cardiac cell development,0.0012817465208363995,True,"""The process whose specific outcome is the progression of a cardiac cell over time, from its formation to the mature state. A cardiac cell is a cell that will form part of the cardiac organ of an individual."" [GOC:devbiol]",83,959,13,20972,0.013555787278415016,0.1566265060240964,query_1,"['GO:0035051', 'GO:0048468']"
GO:BP,GO:1901202,negative regulation of extracellular matrix assembly,0.0012817465208363995,True,"""Any process that stops, prevents or reduces the frequency, rate or extent of extracellular matrix assembly."" [GOC:BHF, GOC:TermGenie]",3,959,3,20972,0.0031282586027111575,1.0,query_1,"['GO:0085029', 'GO:1901201', 'GO:1903054']"
GO:BP,GO:0010828,positive regulation of D-glucose transmembrane transport,0.0012824827118837266,True,"""Any process that increases the frequency, rate or extent of glucose transport across a membrane. Glucose transport is the directed movement of the hexose monosaccharide glucose into, out of or within a cell, or between cells, by means of some agent such as a transporter or pore."" [GOC:BHF, GOC:dph, GOC:tb]",42,959,9,20972,0.009384775808133473,0.21428571428571427,query_1,"['GO:0010827', 'GO:0034764', 'GO:1904659']"
GO:BP,GO:0070232,regulation of T cell apoptotic process,0.0012824827118837266,True,"""Any process that modulates the occurrence or rate of T cell death by apoptotic process."" [GOC:add, GOC:mtg_apoptosis, ISBN:0781765196]",42,959,9,20972,0.009384775808133473,0.21428571428571427,query_1,"['GO:0070228', 'GO:0070231']"
GO:BP,GO:0060391,positive regulation of SMAD protein signal transduction,0.0012824827118837266,True,"""Any process that increases the rate, frequency or extent of SMAD protein signal transduction."" [GOC:BHF, GOC:dph, GOC:tb]",42,959,9,20972,0.009384775808133473,0.21428571428571427,query_1,"['GO:0060390', 'GO:0060395', 'GO:0090100', 'GO:1902533']"
GO:BP,GO:0002703,regulation of leukocyte mediated immunity,0.001296154195610467,True,"""Any process that modulates the frequency, rate, or extent of leukocyte mediated immunity."" [GOC:add]",252,959,26,20972,0.027111574556830033,0.10317460317460317,query_1,"['GO:0002443', 'GO:0002697']"
GO:BP,GO:0002252,immune effector process,0.001321725756741929,True,"""Any process of the immune system that executes a component of an immune response. An effector immune process takes place after its activation."" [GO_REF:0000022, GOC:add, ISBN:0781735149]",710,959,55,20972,0.05735140771637122,0.07746478873239436,query_1,['GO:0002376']
GO:BP,GO:0002456,T cell mediated immunity,0.0013323448862512517,True,"""Any process involved in the carrying out of an immune response by a T cell."" [GO_REF:0000022, GOC:add, ISBN:0781735149]",131,959,17,20972,0.017726798748696558,0.1297709923664122,query_1,"['GO:0002449', 'GO:0002460']"
GO:BP,GO:0031960,response to corticosteroid,0.0013323448862512517,True,"""Any process that results in a change in state or activity of a cell or an organism (in terms of movement, secretion, enzyme production, gene expression, etc.) as a result of a corticosteroid hormone stimulus. A corticosteroid is a steroid hormone that is produced in the adrenal cortex. Corticosteroids are involved in a wide range of physiologic systems such as stress response, immune response and regulation of inflammation, carbohydrate metabolism, protein catabolism, blood electrolyte levels, and behavior. They include glucocorticoids and mineralocorticoids."" [GOC:mah, PMID:11027914]",131,959,17,20972,0.017726798748696558,0.1297709923664122,query_1,['GO:0048545']
GO:BP,GO:1904659,D-glucose transmembrane transport,0.0013608462747545156,True,"""The process in which D-glucose is transported across a membrane."" [GO_REF:0000069, GOC:TermGenie, PMID:9090050]",95,959,14,20972,0.014598540145985401,0.14736842105263157,query_1,['GO:0008645']
GO:BP,GO:0071706,tumor necrosis factor superfamily cytokine production,0.0013627140051358825,True,"""The appearance of any member of the TNF superfamily due to biosynthesis or secretion following a cellular stimulus, resulting in an increase in its intracellular or extracellular levels."" [GOC:add]",170,959,20,20972,0.020855057351407715,0.11764705882352941,query_1,['GO:0001816']
GO:BP,GO:1903555,regulation of tumor necrosis factor superfamily cytokine production,0.0013627140051358825,True,"""Any process that modulates the frequency, rate or extent of tumor necrosis factor superfamily cytokine production."" [GO_REF:0000058, GOC:TermGenie, PMID:24187568]",170,959,20,20972,0.020855057351407715,0.11764705882352941,query_1,"['GO:0001817', 'GO:0071706']"
GO:BP,GO:0031998,regulation of fatty acid beta-oxidation,0.0013690480171603791,True,"""Any process that modulates the frequency, rate or extent of fatty acid bbeta-oxidation."" [GOC:mah]",18,959,6,20972,0.006256517205422315,0.3333333333333333,query_1,"['GO:0006635', 'GO:0046320', 'GO:0050994']"
GO:BP,GO:0010717,regulation of epithelial to mesenchymal transition,0.001383184398093149,True,"""Any process that modulates the rate, frequency, or extent of epithelial to mesenchymal transition. Epithelial to mesenchymal transition where an epithelial cell loses apical/basolateral polarity, severs intercellular adhesive junctions, degrades basement membrane components and becomes a migratory mesenchymal cell."" [GOC:BHF, GOC:dph, GOC:tb]",107,959,15,20972,0.01564129301355579,0.14018691588785046,query_1,"['GO:0001837', 'GO:0045595']"
GO:BP,GO:0048144,fibroblast proliferation,0.001383184398093149,True,"""The multiplication or reproduction of fibroblast cells, resulting in the expansion of the fibroblast population."" [GOC:jid]",107,959,15,20972,0.01564129301355579,0.14018691588785046,query_1,['GO:0008283']
GO:BP,GO:0022402,cell cycle process,0.0013833483364044297,True,"""The cellular process that ensures successive accurate and complete genome replication and chromosome segregation."" [GOC:isa_complete, GOC:mtg_cell_cycle]",1290,959,88,20972,0.09176225234619395,0.06821705426356589,query_1,"['GO:0007049', 'GO:0009987']"
GO:BP,GO:0031401,positive regulation of protein modification process,0.0013833483364044297,True,"""Any process that activates or increases the frequency, rate or extent of the covalent alteration of one or more amino acid residues within a protein."" [GOC:mah, GOC:tb]",450,959,39,20972,0.040667361835245046,0.08666666666666667,query_1,"['GO:0031399', 'GO:0036211', 'GO:0051247']"
GO:BP,GO:0032103,positive regulation of response to external stimulus,0.0013916596610696495,True,"""Any process that activates, maintains or increases the rate of a response to an external stimulus."" [GOC:mah]",645,959,51,20972,0.053180396246089674,0.07906976744186046,query_1,"['GO:0009605', 'GO:0032101', 'GO:0048584']"
GO:BP,GO:0051304,chromosome separation,0.001410374221278698,True,"""The cell cycle process in which paired chromosomes are detached from each other. Chromosome separation begins with the release of cohesin complexes from chromosomes; in budding yeast, this includes the cleavage of cohesin complexes along the chromosome arms, followed by the separation of the centromeric regions. Chromosome separation also includes formation of chromatid axes mediated by condensins, and ends with the disentangling of inter-sister catenation catalyzed by topoisomerase II (topo II)."" [GOC:ai, GOC:lb, GOC:mah, GOC:mtg_cell_cycle, PMID:20352243]",84,959,13,20972,0.013555787278415016,0.15476190476190477,query_1,"['GO:0007059', 'GO:0022402']"
GO:BP,GO:0071496,cellular response to external stimulus,0.0014186159370909784,True,"""Any process that results in a change in state or activity of a cell (in terms of movement, secretion, enzyme production, gene expression, etc.) as a result of an external stimulus."" [GOC:mah]",73,959,12,20972,0.01251303441084463,0.1643835616438356,query_1,['GO:0009605']
GO:BP,GO:0010817,regulation of hormone levels,0.0014226441254229316,True,"""Any process that modulates the levels of hormone within an organism or a tissue. A hormone is any substance formed in very small amounts in one specialized organ or group of cells and carried (sometimes in the bloodstream) to another organ or group of cells in the same organism, upon which it has a specific regulatory action."" [GOC:BHF, GOC:dph, GOC:tb]",547,959,45,20972,0.04692387904066736,0.08226691042047532,query_1,['GO:0065008']
GO:BP,GO:0062012,regulation of small molecule metabolic process,0.0014709476298044983,True,"""Any process that modulates the rate, frequency or extent of a small molecule metabolic process."" [GOC:vw]",313,959,30,20972,0.03128258602711158,0.09584664536741214,query_1,"['GO:0019222', 'GO:0044281']"
GO:BP,GO:0045786,negative regulation of cell cycle,0.0014994700131290837,True,"""Any process that stops, prevents or reduces the rate or extent of progression through the cell cycle."" [GOC:dph, GOC:go_curators, GOC:tb]",374,959,34,20972,0.035453597497393116,0.09090909090909091,query_1,"['GO:0007049', 'GO:0048523', 'GO:0051726']"
GO:BP,GO:0006979,response to oxidative stress,0.0014994700131290837,True,"""Any process that results in a change in state or activity of a cell or an organism (in terms of movement, secretion, enzyme production, gene expression, etc.) as a result of oxidative stress, a state often resulting from exposure to high levels of reactive oxygen species, e.g. superoxide anions, hydrogen peroxide (H2O2), and hydroxyl radicals."" [GOC:jl, PMID:12115731]",374,959,34,20972,0.035453597497393116,0.09090909090909091,query_1,['GO:0006950']
GO:BP,GO:0048246,macrophage chemotaxis,0.001499903006863801,True,"""The movement of a macrophage in response to an external stimulus."" [GOC:jid]",43,959,9,20972,0.009384775808133473,0.20930232558139536,query_1,"['GO:0030595', 'GO:1905517']"
GO:BP,GO:0002063,chondrocyte development,0.001499903006863801,True,"""The process whose specific outcome is the progression of a chondrocyte over time, from its commitment to its mature state. Chondrocyte development does not include the steps involved in committing a chondroblast to a chondrocyte fate."" [GOC:dph]",34,959,8,20972,0.008342022940563087,0.23529411764705882,query_1,"['GO:0002062', 'GO:0048468']"
GO:BP,GO:0072497,mesenchymal stem cell differentiation,0.0015335100374046999,True,"""The process in which a relatively unspecialized cell acquires specialized features of a mesenchymal stem cell. A mesenchymal stem cell is a cell that retains the ability to divide and proliferate throughout life to provide progenitor cells that can differentiate into specialized mesenchymal cells."" [CL:0002452, GOC:BHF]",12,959,5,20972,0.005213764337851929,0.4166666666666667,query_1,['GO:0048863']
GO:BP,GO:0043627,response to estrogen,0.0015335100374046999,True,"""Any process that results in a change in state or activity of a cell or an organism (in terms of movement, secretion, enzyme production, gene expression, etc.) as a result of stimulus by an estrogen, C18 steroid hormones that can stimulate the development of female sexual characteristics."" [GOC:jl, ISBN:0198506732]",63,959,11,20972,0.011470281543274244,0.1746031746031746,query_1,['GO:0009725']
GO:BP,GO:0060272,embryonic skeletal joint morphogenesis,0.0015335100374046999,True,"""The process in which the anatomical structures of skeletal joints are generated and organized during the embryonic phase. A skeletal joint is the connecting structure between the bones of the skeleton."" [GOC:bf, GOC:BHF, GOC:dph, UBERON:0000982]",12,959,5,20972,0.005213764337851929,0.4166666666666667,query_1,"['GO:0048704', 'GO:0072498']"
GO:BP,GO:0050680,negative regulation of epithelial cell proliferation,0.0015515144878989642,True,"""Any process that stops, prevents or reduces the rate or extent of epithelial cell proliferation."" [GOC:ai]",133,959,17,20972,0.017726798748696558,0.12781954887218044,query_1,"['GO:0008285', 'GO:0050673', 'GO:0050678']"
GO:BP,GO:0032940,secretion by cell,0.0015516492840815554,True,"""The controlled release of a substance by a cell."" [GOC:mah]",835,959,62,20972,0.06465067778936393,0.07425149700598803,query_1,"['GO:0046903', 'GO:0140352']"
GO:BP,GO:0046324,regulation of D-glucose import across plasma membrane,0.0015754330693811486,True,"""Any process that modulates the frequency, rate or extent of the import of the hexose monosaccharide glucose into a cell."" [GOC:ai]",53,959,10,20972,0.010427528675703858,0.18867924528301888,query_1,"['GO:0010827', 'GO:0098708']"
GO:BP,GO:0060688,regulation of morphogenesis of a branching structure,0.0015754330693811486,True,"""Any process that modulates the rate, frequency, or extent of branching morphogenesis, the process in which the anatomical structures of branches are generated and organized."" [GOC:dph]",53,959,10,20972,0.010427528675703858,0.18867924528301888,query_1,"['GO:0001763', 'GO:0022603', 'GO:0051239']"
GO:BP,GO:0045123,cellular extravasation,0.0015847182269145073,True,"""The migration of a leukocyte from the blood vessels into the surrounding tissue."" [GOC:jl]",74,959,12,20972,0.01251303441084463,0.16216216216216217,query_1,['GO:0050900']
GO:BP,GO:0009308,amine metabolic process,0.0016376906468664894,True,"""The chemical reactions and pathways involving any organic compound that is weakly basic in character and contains an amino or a substituted amino group. Amines are called primary, secondary, or tertiary according to whether one, two, or three carbon atoms are attached to the nitrogen atom."" [GOC:jl, ISBN:0198506732]",97,959,14,20972,0.014598540145985401,0.14432989690721648,query_1,['GO:0008152']
GO:BP,GO:0006959,humoral immune response,0.0016408178660448087,True,"""An immune response mediated through a body fluid."" [GOC:hb, ISBN:0198506732]",271,959,27,20972,0.028154327424400417,0.0996309963099631,query_1,['GO:0006955']
GO:BP,GO:0043542,endothelial cell migration,0.0016484019969735559,True,"""The orderly movement of an endothelial cell into the extracellular matrix to form an endothelium."" [GOC:go_curators]",228,959,24,20972,0.02502606882168926,0.10526315789473684,query_1,['GO:0016477']
GO:BP,GO:0030879,mammary gland development,0.0016794907999358687,True,"""The process whose specific outcome is the progression of the mammary gland over time, from its formation to the mature structure. The mammary gland is a large compound sebaceous gland that in female mammals is modified to secrete milk. Its development starts with the formation of the mammary line and ends as the mature gland cycles between nursing and weaning stages."" [PMID:9576833]",134,959,17,20972,0.017726798748696558,0.12686567164179105,query_1,['GO:0048732']
GO:BP,GO:0042063,gliogenesis,0.0016879380733446712,True,"""The process that results in the generation of glial cells. This includes the production of glial progenitors and their differentiation into mature glia."" [GOC:dgh, GOC:jid]",331,959,31,20972,0.03232533889468196,0.09365558912386707,query_1,['GO:0022008']
GO:BP,GO:0035051,cardiocyte differentiation,0.0017016762994672544,True,"""The process in which a relatively unspecialized cell acquires the specialized structural and/or functional features of a cell that will form part of the cardiac organ of an individual."" [GOC:bf]",147,959,18,20972,0.018769551616266946,0.12244897959183673,query_1,"['GO:0007507', 'GO:0030154']"
GO:BP,GO:0035989,tendon development,0.0017065043843511878,True,"""The process whose specific outcome is the progression of a tendon over time, from its formation to the mature structure. A tendon is a fibrous, strong, connective tissue that connects muscle to bone or integument and is capable of withstanding tension. Tendons and muscles work together to exert a pulling force."" [GOC:yaf, PMID:21412429, UBERON:0000043]",7,959,4,20972,0.004171011470281543,0.5714285714285714,query_1,['GO:0061448']
GO:BP,GO:0015711,organic anion transport,0.0017459995887600908,True,"""The directed movement of organic anions into, out of or within a cell, or between cells, by means of some agent such as a transporter or pore. Organic anions are atoms or small molecules with a negative charge which contain carbon in covalent linkage."" [GOC:ai, GOC:krc]",456,959,39,20972,0.040667361835245046,0.08552631578947369,query_1,['GO:0006810']
GO:BP,GO:0015849,organic acid transport,0.0017472023738879753,True,"""The directed movement of organic acids, any acidic compound containing carbon in covalent linkage, into, out of or within a cell, or between cells, by means of some agent such as a transporter or pore."" [ISBN:0198506732]",347,959,32,20972,0.03336809176225235,0.09221902017291066,query_1,['GO:0006810']
GO:BP,GO:0046942,carboxylic acid transport,0.0017472023738879753,True,"""The directed movement of carboxylic acids into, out of or within a cell, or between cells, by means of some agent such as a transporter or pore. Carboxylic acids are organic acids containing one or more carboxyl (COOH) groups or anions (COO-)."" [GOC:ai]",347,959,32,20972,0.03336809176225235,0.09221902017291066,query_1,"['GO:0015711', 'GO:0015849']"
GO:BP,GO:0048858,cell projection morphogenesis,0.0017472023738879753,True,"""The process in which the anatomical structures of a cell projection are generated and organized."" [GO_REF:0000021]",669,959,52,20972,0.054223149113660066,0.07772795216741404,query_1,"['GO:0000902', 'GO:0009653', 'GO:0030030']"
GO:BP,GO:0002819,regulation of adaptive immune response,0.0017472023738879753,True,"""Any process that modulates the frequency, rate, or extent of an adaptive immune response."" [GOC:add]",215,959,23,20972,0.023983315954118872,0.10697674418604651,query_1,"['GO:0002250', 'GO:0050776']"
GO:BP,GO:0050931,pigment cell differentiation,0.001800955741907523,True,"""The process in which a relatively unspecialized cell acquires the specialized features of a pigmented cell, such as a melanocyte."" [GOC:dgh]",35,959,8,20972,0.008342022940563087,0.22857142857142856,query_1,"['GO:0030154', 'GO:0048066']"
GO:BP,GO:2000811,negative regulation of anoikis,0.001801906881492625,True,"""Any process that stops, prevents or reduces the frequency, rate or extent of anoikis."" [GOC:obol]",19,959,6,20972,0.006256517205422315,0.3157894736842105,query_1,"['GO:0043066', 'GO:0043276', 'GO:2000209']"
GO:BP,GO:0007096,regulation of exit from mitosis,0.001801906881492625,True,"""Any process involved in the progression from anaphase/telophase to G1 that is associated with a conversion from high to low mitotic CDK activity."" [GOC:rn]",19,959,6,20972,0.006256517205422315,0.3157894736842105,query_1,"['GO:0010458', 'GO:1901990']"
GO:BP,GO:0070169,positive regulation of biomineral tissue development,0.001801906881492625,True,"""Any process that activates or increases the frequency, rate or extent of biomineral tissue development, the formation of hard tissues that consist mainly of inorganic compounds."" [GOC:mah]",54,959,10,20972,0.010427528675703858,0.18518518518518517,query_1,"['GO:0031214', 'GO:0051094', 'GO:0070167']"
GO:BP,GO:2000107,negative regulation of leukocyte apoptotic process,0.001801906881492625,True,"""Any process that stops, prevents, or reduces the frequency, rate or extent of leukocyte apoptotic process."" [GOC:BHF, GOC:mtg_apoptosis]",54,959,10,20972,0.010427528675703858,0.18518518518518517,query_1,"['GO:0043066', 'GO:0071887', 'GO:2000106']"
GO:BP,GO:0032787,monocarboxylic acid metabolic process,0.001844780934042883,True,"""The chemical reactions and pathways involving monocarboxylic acids, any organic acid containing one carboxyl (COOH) group or anion (COO-)."" [GOC:vk]",604,959,48,20972,0.05005213764337852,0.07947019867549669,query_1,['GO:0019752']
GO:BP,GO:0007080,mitotic metaphase chromosome alignment,0.001961833250979493,True,"""A chromosome localization process whereby chromosomes are positioned in a specific order and orientation at the metaphase plate (spindle equator), during mitotic chromosome segregation. This alignment ensures that each daughter cell will receive the correct number of chromosomes during cell division."" [ISBN:0815316194]",65,959,11,20972,0.011470281543274244,0.16923076923076924,query_1,"['GO:0000070', 'GO:0051310', 'GO:1903047']"
GO:BP,GO:1902106,negative regulation of leukocyte differentiation,0.001961833250979493,True,"""Any process that stops, prevents or reduces the frequency, rate or extent of leukocyte differentiation."" [GOC:add, GOC:TermGenie]",111,959,15,20972,0.01564129301355579,0.13513513513513514,query_1,"['GO:0002521', 'GO:1902105', 'GO:1903707']"
GO:BP,GO:0033559,unsaturated fatty acid metabolic process,0.001961833250979493,True,"""The chemical reactions and pathways involving an unsaturated fatty acid, any fatty acid containing one or more double bonds between carbon atoms."" [GOC:mah]",111,959,15,20972,0.01564129301355579,0.13513513513513514,query_1,['GO:0006631']
GO:BP,GO:0036005,response to macrophage colony-stimulating factor,0.001961833250979493,True,"""Any process that results in a change in state or activity of a cell or an organism (in terms of movement, secretion, enzyme production, gene expression, etc.) as a result of a macrophage colony-stimulating factor stimulus."" [GOC:yaf, PMID:14687666]",65,959,11,20972,0.011470281543274244,0.16923076923076924,query_1,['GO:0034097']
GO:BP,GO:0060740,prostate gland epithelium morphogenesis,0.0019791983145222565,True,"""The process in which the anatomical structures of epithelia of the prostate gland are generated and organized. An epithelium consists of closely packed cells arranged in one or more layers, that covers the outer surfaces of the body or lines any internal cavity or tube."" [GOC:dph]",27,959,7,20972,0.0072992700729927005,0.25925925925925924,query_1,"['GO:0002009', 'GO:0003006', 'GO:0060512']"
GO:BP,GO:0048661,positive regulation of smooth muscle cell proliferation,0.0019791983145222565,True,"""Any process that activates or increases the rate or extent of smooth muscle cell proliferation."" [CL:0000192, GOC:ebc]",76,959,12,20972,0.01251303441084463,0.15789473684210525,query_1,"['GO:0008284', 'GO:0048659', 'GO:0048660']"
GO:BP,GO:0044093,positive regulation of molecular function,0.002008484864517175,True,"""Any process that activates or increases the rate or extent of a molecular function, an elemental biological activity occurring at the molecular level, such as catalysis or binding."" [GO:jl]",590,959,47,20972,0.049009384775808136,0.07966101694915254,query_1,['GO:0065009']
GO:BP,GO:0030003,intracellular monoatomic cation homeostasis,0.002008484864517175,True,"""A homeostatic process involved in the maintenance of a steady state level of monoatomic cations within a cell. Monatomic cations (also called simple cations) are cations consisting of exactly one atom."" [GOC:ceb, GOC:mah]",428,959,37,20972,0.03858185610010428,0.08644859813084112,query_1,"['GO:0006873', 'GO:0055080']"
GO:BP,GO:0140352,export from cell,0.002008484864517175,True,"""The directed movement of some substance from a cell, into the extracellular region. This may occur via transport across the plasma membrane or via exocytosis."" [GOC:pg]",914,959,66,20972,0.06882168925964546,0.07221006564551423,query_1,"['GO:0006810', 'GO:0009987']"
GO:BP,GO:0034341,response to type II interferon,0.0020625850503229516,True,"""Any process that results in a change in state or activity of a cell or an organism (in terms of movement, secretion, enzyme production, gene expression, etc.) as a result of an interferon-gamma stimulus. Interferon-gamma is also known as type II interferon."" [GOC:add, ISBN:0126896631, PMID:15546383]",124,959,16,20972,0.016684045881126174,0.12903225806451613,query_1,"['GO:0034097', 'GO:0045087']"
GO:BP,GO:0010718,positive regulation of epithelial to mesenchymal transition,0.0020689561353155494,True,"""Any process that increases the rate, frequency, or extent of epithelial to mesenchymal transition. Epithelial to mesenchymal transition is where an epithelial cell loses apical/basolateral polarity, severs intercellular adhesive junctions, degrades basement membrane components and becomes a migratory mesenchymal cell."" [GOC:BHF, GOC:dph, GOC:tb]",55,959,10,20972,0.010427528675703858,0.18181818181818182,query_1,"['GO:0001837', 'GO:0010717', 'GO:0045597', 'GO:0051240']"
GO:BP,GO:0033674,positive regulation of kinase activity,0.002089308449361697,True,"""Any process that activates or increases the frequency, rate or extent of kinase activity, the catalysis of the transfer of a phosphate group, usually from ATP, to a substrate molecule."" [GOC:mah]",204,959,22,20972,0.022940563086548488,0.10784313725490197,query_1,"['GO:0042327', 'GO:0043085', 'GO:0043549']"
GO:BP,GO:0010232,vascular transport,0.002108431017171636,True,"""The directed movement of substances, into, out of or within a cell, either in a vascular tissue or in the vascular membrane."" [GOC:sm]",88,959,13,20972,0.013555787278415016,0.14772727272727273,query_1,"['GO:0003018', 'GO:0006810']"
GO:BP,GO:0150104,transport across blood-brain barrier,0.002108431017171636,True,"""The directed movement of substances (e.g. macromolecules, small molecules, ions) through the blood-brain barrier."" [GOC:aruk, GOC:bc, PMID:29377008]",88,959,13,20972,0.013555787278415016,0.14772727272727273,query_1,['GO:0010232']
GO:BP,GO:0033077,T cell differentiation in thymus,0.002108431017171636,True,"""The process in which a precursor cell type acquires the specialized features of a T cell via a differentiation pathway dependent upon transit through the thymus."" [GOC:add, ISBN:0781735149]",88,959,13,20972,0.013555787278415016,0.14772727272727273,query_1,['GO:0030217']
GO:BP,GO:0030316,osteoclast differentiation,0.002128944122439641,True,"""The process in which a relatively unspecialized monocyte acquires the specialized features of an osteoclast. An osteoclast is a specialized phagocytic cell associated with the absorption and removal of the mineralized matrix of bone tissue."" [CL:0000092, GOC:add, ISBN:0781735149, PMID:12161749]",112,959,15,20972,0.01564129301355579,0.13392857142857142,query_1,['GO:0002573']
GO:BP,GO:0046326,positive regulation of D-glucose import across plasma membrane,0.0021408707270854045,True,"""Any process that activates or increases the frequency, rate or extent of the import of the hexose monosaccharide glucose into a cell."" [GOC:ai, GOC:dph, GOC:tb]",36,959,8,20972,0.008342022940563087,0.2222222222222222,query_1,"['GO:0010828', 'GO:0046324', 'GO:0098708']"
GO:BP,GO:0043276,anoikis,0.0021408707270854045,True,"""Apoptosis triggered by inadequate or inappropriate adherence to substrate e.g. after disruption of the interactions between normal epithelial cells and the extracellular matrix."" [GOC:jl, PMID:37667281]",36,959,8,20972,0.008342022940563087,0.2222222222222222,query_1,['GO:0006915']
GO:BP,GO:0002698,negative regulation of immune effector process,0.0022339513845828283,True,"""Any process that stops, prevents, or reduces the frequency, rate, or extent of an immune effector process."" [GOC:add]",125,959,16,20972,0.016684045881126174,0.128,query_1,"['GO:0002252', 'GO:0002683', 'GO:0002697']"
GO:BP,GO:0003006,developmental process involved in reproduction,0.002238265785223048,True,"""A developmental process in which a progressive change in the state of some part of an organism, germline or somatic, specifically contributes to its ability to form offspring."" [GOC:dph, GOC:isa_complete]",1024,959,72,20972,0.07507820646506778,0.0703125,query_1,"['GO:0022414', 'GO:0032502']"
GO:BP,GO:0048771,tissue remodeling,0.0023065228480673395,True,"""The reorganization or renovation of existing tissues. This process can either change the characteristics of a tissue such as in blood vessel remodeling, or result in the dynamic equilibrium of a tissue such as in bone remodeling."" [GOC:ebc]",178,959,20,20972,0.020855057351407715,0.11235955056179775,query_1,['GO:0032501']
GO:BP,GO:0031348,negative regulation of defense response,0.0023065228480673395,True,"""Any process that stops, prevents, or reduces the frequency, rate or extent of a defense response."" [GOC:mah]",263,959,26,20972,0.027111574556830033,0.09885931558935361,query_1,"['GO:0006952', 'GO:0031347', 'GO:0048585']"
GO:BP,GO:0051384,response to glucocorticoid,0.0023265232840337952,True,"""Any process that results in a change in state or activity of a cell or an organism (in terms of movement, secretion, enzyme production, gene expression, etc.) as a result of a glucocorticoid stimulus. Glucocorticoids are hormonal C21 corticosteroids synthesized from cholesterol with the ability to bind with the cortisol receptor and trigger similar effects. Glucocorticoids act primarily on carbohydrate and protein metabolism, and have anti-inflammatory effects."" [GOC:ai, PMID:9884123]",113,959,15,20972,0.01564129301355579,0.13274336283185842,query_1,['GO:0031960']
GO:BP,GO:0008202,steroid metabolic process,0.0023395696828965944,True,"""The chemical reactions and pathways involving steroids, compounds with a 1,2,cyclopentanoperhydrophenanthrene nucleus."" [ISBN:0198547684]",323,959,30,20972,0.03128258602711158,0.09287925696594428,query_1,['GO:0006629']
GO:BP,GO:0072111,cell proliferation involved in kidney development,0.002357544079414714,True,"""The multiplication or reproduction of cells, resulting in the expansion of the population in the kidney."" [GOC:mtg_kidney_jan10]",20,959,6,20972,0.006256517205422315,0.3,query_1,"['GO:0001822', 'GO:0008283']"
GO:BP,GO:1903409,reactive oxygen species biosynthetic process,0.002357544079414714,True,"""The chemical reactions and pathways resulting in the formation of reactive oxygen species, any molecules or ions formed by the incomplete one-electron reduction of oxygen."" [GO_REF:0000068, GOC:bf, GOC:PARL, GOC:TermGenie, PMID:24252804]",56,959,10,20972,0.010427528675703858,0.17857142857142858,query_1,"['GO:0009058', 'GO:0072593']"
GO:BP,GO:0070875,positive regulation of glycogen metabolic process,0.002357544079414714,True,"""Any process that activates or increases the frequency, rate or extent of the chemical reactions and pathways involving glycogen."" [GOC:mah]",20,959,6,20972,0.006256517205422315,0.3,query_1,"['GO:0005977', 'GO:0010604', 'GO:0010907', 'GO:0070873']"
GO:BP,GO:0006029,proteoglycan metabolic process,0.002357544079414714,True,"""The chemical reactions and pathways involving proteoglycans, any glycoprotein in which the carbohydrate units are glycosaminoglycans."" [PMID:35536939]",101,959,14,20972,0.014598540145985401,0.13861386138613863,query_1,['GO:0009100']
GO:BP,GO:0048662,negative regulation of smooth muscle cell proliferation,0.002357544079414714,True,"""Any process that stops, prevents or reduces the rate or extent of smooth muscle cell proliferation."" [CL:0000192, GOC:ebc]",46,959,9,20972,0.009384775808133473,0.1956521739130435,query_1,"['GO:0008285', 'GO:0048659', 'GO:0048660']"
GO:BP,GO:0010001,glial cell differentiation,0.002357544079414714,True,"""The process in which a relatively unspecialized cell acquires the specialized features of a glial cell."" [GOC:go_curators, GOC:mtg_sensu]",249,959,25,20972,0.026068821689259645,0.10040160642570281,query_1,"['GO:0030154', 'GO:0042063']"
GO:BP,GO:0006811,monoatomic ion transport,0.002357544079414714,True,"""The directed movement of a monoatomic ion into, out of or within a cell, or between cells, by means of some agent such as a transporter or pore. Monatomic ions (also called simple ions) are ions consisting of exactly one atom."" [GOC:ai]",1260,959,85,20972,0.0886339937434828,0.06746031746031746,query_1,['GO:0006810']
GO:BP,GO:0000819,sister chromatid segregation,0.0024219073098894718,True,"""The cell cycle process in which sister chromatids are organized and then physically separated and apportioned to two or more sets."" [GOC:ai, GOC:elh]",235,959,24,20972,0.02502606882168926,0.10212765957446808,query_1,"['GO:0051276', 'GO:0098813']"
GO:BP,GO:0035116,embryonic hindlimb morphogenesis,0.0024236669972702092,True,"""The process, occurring in the embryo, by which the anatomical structures of the hindlimbs are generated and organized. The hindlimbs are the posterior limbs of an animal."" [ISBN:0198612001]",28,959,7,20972,0.0072992700729927005,0.25,query_1,"['GO:0030326', 'GO:0035137']"
GO:BP,GO:0034695,response to prostaglandin E,0.0024236669972702092,True,"""Any process that results in a change in state or activity of a cell or an organism (in terms of movement, secretion, enzyme production, gene expression, etc.) as a result of a prostagladin E stimulus."" [GOC:BHF, GOC:vk]",28,959,7,20972,0.0072992700729927005,0.25,query_1,"['GO:0034694', 'GO:0097305', 'GO:1901654']"
GO:BP,GO:0018108,peptidyl-tyrosine phosphorylation,0.002429171494013109,True,"""The phosphorylation of peptidyl-tyrosine to form peptidyl-O4'-phospho-L-tyrosine."" [RESID:AA0039]",139,959,17,20972,0.017726798748696558,0.1223021582733813,query_1,"['GO:0006468', 'GO:0018212']"
GO:BP,GO:0120039,plasma membrane bounded cell projection morphogenesis,0.0025115326133731872,True,"""The process in which the anatomical structures of a plasma membrane bounded cell projection are generated and organized."" [GOC:krc]",664,959,51,20972,0.053180396246089674,0.07680722891566265,query_1,['GO:0048858']
GO:BP,GO:0032956,regulation of actin cytoskeleton organization,0.0025129860196664534,True,"""Any process that modulates the frequency, rate or extent of the formation, arrangement of constituent parts, or disassembly of cytoskeletal structures comprising actin filaments and their associated proteins."" [GOC:mah]",340,959,31,20972,0.03232533889468196,0.09117647058823529,query_1,"['GO:0030036', 'GO:0032970', 'GO:0051493']"
GO:BP,GO:0080134,regulation of response to stress,0.0025516600162988233,True,"""Any process that modulates the frequency, rate or extent of a response to stress. Response to stress is a change in state or activity of a cell or an organism (in terms of movement, secretion, enzyme production, gene expression, etc.) as a result of a disturbance in organismal or cellular homeostasis, usually, but not necessarily, exogenous (e.g. temperature, humidity, ionizing radiation)."" [GOC:dhl]",1410,959,93,20972,0.09697601668404589,0.06595744680851064,query_1,"['GO:0006950', 'GO:0048583']"
GO:BP,GO:0008645,hexose transmembrane transport,0.002568262201194196,True,"""The process in which hexose is transported across a membrane. Hexoses are aldoses with a chain of six carbon atoms in the molecule."" [GOC:vw]",102,959,14,20972,0.014598540145985401,0.13725490196078433,query_1,['GO:0015749']
GO:BP,GO:0032963,collagen metabolic process,0.002568262201194196,True,"""The chemical reactions and pathways involving collagen, any of a group of fibrous proteins of very high tensile strength that form the main component of connective tissue in animals. Collagen is highly enriched in glycine (some regions are 33% glycine) and proline, occurring predominantly as 3-hydroxyproline (about 20%)."" [GOC:mah, ISBN:0198506732]",102,959,14,20972,0.014598540145985401,0.13725490196078433,query_1,['GO:0008152']
GO:BP,GO:0010565,regulation of ketone metabolic process,0.0025888578429081564,True,"""Any process that modulates the chemical reactions and pathways involving any of a class of organic compounds that contain the carbonyl group, CO, and in which the carbonyl group is bonded only to carbon atoms. The general formula for a ketone is RCOR, where R and R are alkyl or aryl groups."" [GOC:dph, GOC:tb]",127,959,16,20972,0.016684045881126174,0.12598425196850394,query_1,"['GO:0019222', 'GO:0042180']"
GO:BP,GO:0035107,appendage morphogenesis,0.0025888578429081564,True,"""The process in which the anatomical structures of appendages are generated and organized. An appendage is an organ or part that is attached to the trunk of an organism, such as a limb or a branch."" [ISBN:0582227089]",153,959,18,20972,0.018769551616266946,0.11764705882352941,query_1,"['GO:0009653', 'GO:0048736']"
GO:BP,GO:0035108,limb morphogenesis,0.0025888578429081564,True,"""The process in which the anatomical structures of a limb are generated and organized. A limb is a paired appendage of a tetrapod used for locomotion or grasping."" [UBERON:0002101]",153,959,18,20972,0.018769551616266946,0.11764705882352941,query_1,"['GO:0035107', 'GO:0060173']"
REAC,REAC:R-HSA-388396,GPCR downstream signalling,0.0026130705315333632,True,GPCR downstream signalling,622,648,63,11056,0.09722222222222222,0.10128617363344052,query_1,['REAC:R-HSA-372790']
REAC,REAC:R-HSA-8957275,Post-translational protein phosphorylation,0.0026130705315333632,True,Post-translational protein phosphorylation,107,648,19,11056,0.029320987654320986,0.17757009345794392,query_1,['REAC:R-HSA-597592']
GO:BP,GO:0033047,regulation of mitotic sister chromatid segregation,0.002668520493865454,True,"""Any process that modulates the frequency, rate or extent of sister chromatid segregation during mitosis."" [GOC:mah]",57,959,10,20972,0.010427528675703858,0.17543859649122806,query_1,"['GO:0000070', 'GO:0033045']"
GO:BP,GO:0048806,genitalia development,0.0027256070050968883,True,"""The process whose specific outcome is the progression of the genitalia over time, from its formation to the mature structure."" [GOC:jid]",47,959,9,20972,0.009384775808133473,0.19148936170212766,query_1,"['GO:0007548', 'GO:0048513', 'GO:0048608']"
GO:BP,GO:0060071,"Wnt signaling pathway, planar cell polarity pathway",0.0027256070050968883,True,"""A type of non-canonical Wnt signaling pathway in which Wnt binding to its receptor on the surface of a target cell results in the activation small G proteins such as Rho, Rac, and Cdc42 which, in turn activate effectors, including C-Jun N-terminal kinase (JNK) and Rho kinase (Rok). The signaling ends with change in the transcription of target genes and/or reorganisation of the cytoskeleton."" [PMID:11532397, PMID:25349257, PMID:28293032, PMID:37804416]",47,959,9,20972,0.009384775808133473,0.19148936170212766,query_1,['GO:0035567']
GO:BP,GO:0060443,mammary gland morphogenesis,0.0027256070050968883,True,"""The process in which anatomical structures of the mammary gland are generated and organized. Morphogenesis refers to the creation of shape. The mammary gland is a large compound sebaceous gland that in female mammals is modified to secrete milk."" [GOC:dph]",47,959,9,20972,0.009384775808133473,0.19148936170212766,query_1,"['GO:0022612', 'GO:0030879']"
GO:BP,GO:0010463,mesenchymal cell proliferation,0.0027256070050968883,True,"""The multiplication or reproduction of cells, resulting in the expansion of a mesenchymal cell population. A mesenchymal cell is a cell that normally gives rise to other cells that are organized as three-dimensional masses, rather than sheets."" [GOC:dph, GOC:tb]",47,959,9,20972,0.009384775808133473,0.19148936170212766,query_1,['GO:0008283']
GO:BP,GO:0045930,negative regulation of mitotic cell cycle,0.002745584132289564,True,"""Any process that stops, prevents or reduces the rate or extent of progression through the mitotic cell cycle."" [GOC:dph, GOC:go_curators, GOC:tb]",223,959,23,20972,0.023983315954118872,0.1031390134529148,query_1,"['GO:0000278', 'GO:0007346', 'GO:0045786']"
GO:BP,GO:0060322,head development,0.0027583378397214404,True,"""The biological process whose specific outcome is the progression of a head from an initial condition to its mature state. The head is the anterior-most division of the body."" [GOC:dph]",787,959,58,20972,0.06047966631908238,0.07369758576874205,query_1,['GO:0048856']
REAC,REAC:R-HSA-1442490,Collagen degradation,0.0027821129029608825,True,Collagen degradation,64,648,14,11056,0.021604938271604937,0.21875,query_1,['REAC:R-HSA-1474228']
GO:BP,GO:0044770,cell cycle phase transition,0.0027909358641850937,True,"""The cell cycle process by which a cell commits to entering the next cell cycle phase."" [GOC:mtg_cell_cycle]",534,959,43,20972,0.04483837330552659,0.08052434456928839,query_1,['GO:0022402']
GO:BP,GO:0032760,positive regulation of tumor necrosis factor production,0.0027970497020637737,True,"""Any process that activates or increases the frequency, rate or extent of tumor necrosis factor production."" [GO_REF:0000058, GOC:TermGenie, PMID:10891884, PMID:15560120]",103,959,14,20972,0.014598540145985401,0.13592233009708737,query_1,"['GO:0032640', 'GO:0032680', 'GO:1903557']"
GO:BP,GO:0044703,multi-organism reproductive process,0.002944467843361442,True,"""A biological process that directly contributes to the process of producing new individuals, involving another organism."" [GOC:jl]",196,959,21,20972,0.021897810218978103,0.10714285714285714,query_1,['GO:0022414']
GO:BP,GO:0016053,organic acid biosynthetic process,0.002944467843361442,True,"""The chemical reactions and pathways resulting in the formation of organic acids, any acidic compound containing carbon in covalent linkage."" [ISBN:0198506732]",313,959,29,20972,0.03023983315954119,0.0926517571884984,query_1,"['GO:0006082', 'GO:0044283']"
GO:BP,GO:0045087,innate immune response,0.002944467843361442,True,"""Innate immune responses are defense responses mediated by germline encoded components that directly recognize components of potential pathogens."" [GO_REF:0000022, GOC:add, GOC:ebc, GOC:mtg_sensu]",1018,959,71,20972,0.0740354535974974,0.06974459724950884,query_1,"['GO:0006955', 'GO:0140546']"
GO:BP,GO:0038111,interleukin-7-mediated signaling pathway,0.002944467843361442,True,"""The series of molecular signals initiated by interleukin-7 binding to its receptor on the surface of a cell, and ending with the regulation of a downstream cellular process, e.g. transcription."" [GOC:nhn, GOC:signaling]",8,959,4,20972,0.004171011470281543,0.5,query_1,"['GO:0019221', 'GO:0098761']"
GO:BP,GO:0051383,kinetochore organization,0.002944467843361442,True,"""A process that is carried out at the cellular level which results in the assembly, arrangement of constituent parts, or disassembly of the kinetochore, a multisubunit complex that is located at the centromeric region of DNA and provides an attachment point for the spindle microtubules."" [GOC:ai, GOC:dph, GOC:jl, GOC:mah]",29,959,7,20972,0.0072992700729927005,0.2413793103448276,query_1,['GO:0051276']
GO:BP,GO:1903707,negative regulation of hemopoiesis,0.002944467843361442,True,"""Any process that stops, prevents or reduces the frequency, rate or extent of hemopoiesis."" [GO_REF:0000058, GOC:pad, GOC:PARL, GOC:TermGenie, PMID:20080761]",116,959,15,20972,0.01564129301355579,0.12931034482758622,query_1,"['GO:0002683', 'GO:0010721', 'GO:0030097', 'GO:0051241', 'GO:1903706']"
GO:BP,GO:0003149,membranous septum morphogenesis,0.002944467843361442,True,"""The process in which the membranous septum is generated and organized. The membranous septum is the upper part of ventricular septum."" [GOC:mtg_heart]",8,959,4,20972,0.004171011470281543,0.5,query_1,"['GO:0009653', 'GO:0060412']"
GO:BP,GO:0003401,axis elongation,0.002944467843361442,True,"""The developmental growth that results in the elongation of a line that defines polarity or symmetry in an anatomical structure."" [GOC:ascb_2009, GOC:dph, GOC:tb]",29,959,7,20972,0.0072992700729927005,0.2413793103448276,query_1,['GO:0060560']
GO:BP,GO:0002700,regulation of production of molecular mediator of immune response,0.002944467843361442,True,"""Any process that modulates the frequency, rate, or extent of the production of molecular mediator of immune response."" [GOC:add]",196,959,21,20972,0.021897810218978103,0.10714285714285714,query_1,"['GO:0002440', 'GO:0002697', 'GO:0010468']"
GO:BP,GO:0006270,DNA replication initiation,0.00297879515631445,True,"""The process in which DNA-dependent DNA replication is started; it begins when specific sequences, known as origins of replication, are recognized and bound by the origin recognition complex, followed by DNA unwinding."" [PMID:28209641]",38,959,8,20972,0.008342022940563087,0.21052631578947367,query_1,"['GO:0006259', 'GO:0006261']"
GO:BP,GO:1903053,regulation of extracellular matrix organization,0.0030055309091482664,True,"""Any process that modulates the frequency, rate or extent of extracellular matrix organization."" [GO_REF:0000058, GOC:BHF, GOC:rl, GOC:TermGenie, PMID:22357537]",58,959,10,20972,0.010427528675703858,0.1724137931034483,query_1,"['GO:0030198', 'GO:0051128']"
GO:BP,GO:0071219,cellular response to molecule of bacterial origin,0.0030559750493392933,True,"""Any process that results in a change in state or activity of a cell (in terms of movement, secretion, enzyme production, gene expression, etc.) as a result of a stimulus by molecules of bacterial origin such as peptides derived from bacterial flagellin."" [GOC:mah]",225,959,23,20972,0.023983315954118872,0.10222222222222223,query_1,"['GO:0002237', 'GO:0071216']"
GO:BP,GO:0019216,regulation of lipid metabolic process,0.003056685205195923,True,"""Any process that modulates the frequency, rate or extent of the chemical reactions and pathways involving lipids."" [GOC:go_curators]",314,959,29,20972,0.03023983315954119,0.09235668789808917,query_1,"['GO:0006629', 'GO:0080090']"
GO:BP,GO:0010594,regulation of endothelial cell migration,0.003056685205195923,True,"""Any process that modulates the rate, frequency, or extent of the orderly movement of an endothelial cell into the extracellular matrix to form an endothelium."" [GOC:BHF, GOC:dph, GOC:tb]",169,959,19,20972,0.01981230448383733,0.11242603550295859,query_1,"['GO:0030334', 'GO:0043542']"
GO:BP,GO:0046626,regulation of insulin receptor signaling pathway,0.0030617421070276594,True,"""Any process that modulates the frequency, rate or extent of insulin receptor signaling."" [GOC:bf]",69,959,11,20972,0.011470281543274244,0.15942028985507245,query_1,"['GO:0008286', 'GO:0009966']"
GO:BP,GO:0002430,complement receptor mediated signaling pathway,0.003099235476259367,True,"""The series of molecular signals generated as a consequence of a component of the complement pathway binding to a complement receptor. Such components include both whole complement proteins and fragments of complement proteins generated through the activity of the complement pathway."" [GO_REF:0000022, GOC:add, ISBN:0781735149]",14,959,5,20972,0.005213764337851929,0.35714285714285715,query_1,['GO:0002429']
GO:BP,GO:0010171,body morphogenesis,0.00311449849374961,True,"""The process in which the anatomical structures of the soma are generated and organized."" [GOC:ems, ISBN:0140512888]",48,959,9,20972,0.009384775808133473,0.1875,query_1,['GO:0009653']
GO:BP,GO:0120163,negative regulation of cold-induced thermogenesis,0.00311449849374961,True,"""Any process that stops, prevents, or reduces the rate of cold-induced thermogenesis."" [PMID:27876809]",48,959,9,20972,0.009384775808133473,0.1875,query_1,"['GO:0051241', 'GO:0106106', 'GO:0120161']"
REAC,REAC:R-HSA-6785807,Interleukin-4 and Interleukin-13 signaling,0.0031444551663193424,True,Interleukin-4 and Interleukin-13 signaling,111,648,19,11056,0.029320987654320986,0.17117117117117117,query_1,['REAC:R-HSA-449147']
REAC,REAC:R-HSA-1474228,Degradation of the extracellular matrix,0.0031444551663193424,True,Degradation of the extracellular matrix,140,648,22,11056,0.033950617283950615,0.15714285714285714,query_1,['REAC:R-HSA-1474244']
REAC,REAC:R-HSA-216083,Integrin cell surface interactions,0.003197054488717972,True,Integrin cell surface interactions,84,648,16,11056,0.024691358024691357,0.19047619047619047,query_1,['REAC:R-HSA-1474244']
REAC,REAC:R-HSA-3000178,ECM proteoglycans,0.003197054488717972,True,ECM proteoglycans,76,648,15,11056,0.023148148148148147,0.19736842105263158,query_1,['REAC:R-HSA-1474244']
REAC,REAC:R-HSA-3656225,Defective CHST6 causes MCDC1,0.003197054488717972,True,Defective CHST6 causes MCDC1,8,648,5,11056,0.007716049382716049,0.625,query_1,['REAC:R-HSA-3560782']
REAC,REAC:R-HSA-3656243,Defective ST3GAL3 causes MCT12 and EIEE15,0.003197054488717972,True,Defective ST3GAL3 causes MCT12 and EIEE15,8,648,5,11056,0.007716049382716049,0.625,query_1,['REAC:R-HSA-3560782']
REAC,REAC:R-HSA-3656244,Defective B4GALT1 causes B4GALT1-CDG (CDG-2d),0.003197054488717972,True,Defective B4GALT1 causes B4GALT1-CDG (CDG-2d),8,648,5,11056,0.007716049382716049,0.625,query_1,['REAC:R-HSA-3560782']
GO:BP,GO:0007015,actin filament organization,0.003264966267931896,True,"""A process that is carried out at the cellular level which results in the assembly, arrangement of constituent parts, or disassembly of cytoskeletal structures comprising actin filaments. Includes processes that control the spatial distribution of actin filaments, such as organizing filaments into meshworks, bundles, or other structures, as by cross-linking."" [GOC:mah]",457,959,38,20972,0.03962460896767466,0.08315098468271334,query_1,"['GO:0030036', 'GO:0097435']"
GO:BP,GO:1903706,regulation of hemopoiesis,0.0032795550661750055,True,"""Any process that modulates the frequency, rate or extent of hemopoiesis."" [GO_REF:0000058, GOC:pad, GOC:PARL, GOC:TermGenie, PMID:20080761]",425,959,36,20972,0.03753910323253389,0.08470588235294117,query_1,"['GO:0002682', 'GO:0030097', 'GO:0060284', 'GO:2000026']"
GO:BP,GO:0051251,positive regulation of lymphocyte activation,0.0033049305690673134,True,"""Any process that activates or increases the frequency, rate or extent of lymphocyte activation."" [GOC:ai]",331,959,30,20972,0.03128258602711158,0.09063444108761329,query_1,"['GO:0002696', 'GO:0046649', 'GO:0051249']"
GO:BP,GO:0015749,monosaccharide transmembrane transport,0.00331589806663091,True,"""The process in which a monosaccharide is transported across a lipid bilayer, from one side of a membrane to the other. Monosaccharides are the simplest carbohydrates; they are polyhydric alcohols containing either an aldehyde or a keto group and between three to ten or more carbon atoms. They form the constitutional repeating units of oligo- and polysaccharides."" [GO_REF:0000069, GOC:TermGenie, GOC:vw]",105,959,14,20972,0.014598540145985401,0.13333333333333333,query_1,['GO:0034219']
GO:BP,GO:0021675,nerve development,0.0033663188827793237,True,"""The process whose specific outcome is the progression of a nerve over time, from its formation to the mature structure."" [GO_REF:0000021, GOC:cls, GOC:dgh, GOC:dph, GOC:jid]",93,959,13,20972,0.013555787278415016,0.13978494623655913,query_1,"['GO:0007399', 'GO:0048856']"
GO:BP,GO:0045839,negative regulation of mitotic nuclear division,0.003405939567816071,True,"""Any process that stops, prevents or reduces the rate or extent of mitosis. Mitosis is the division of the eukaryotic cell nucleus to produce two daughter nuclei that, usually, contain the identical chromosome complement to their mother."" [GOC:dph, GOC:go_curators, GOC:tb]",59,959,10,20972,0.010427528675703858,0.1694915254237288,query_1,"['GO:0007088', 'GO:0010948', 'GO:0045930', 'GO:0051784', 'GO:0140014']"
GO:BP,GO:0030239,myofibril assembly,0.00342828348205893,True,"""Formation of myofibrils, the repeating units of striated muscle."" [GOC:mah]",70,959,11,20972,0.011470281543274244,0.15714285714285714,query_1,"['GO:0010927', 'GO:0031032', 'GO:0055002', 'GO:0097435', 'GO:0140694']"
GO:BP,GO:1900046,regulation of hemostasis,0.00342828348205893,True,"""Any process that modulates the frequency, rate or extent of hemostasis."" [GOC:TermGenie]",70,959,11,20972,0.011470281543274244,0.15714285714285714,query_1,"['GO:0007599', 'GO:0050789', 'GO:0050878']"
GO:BP,GO:0062013,positive regulation of small molecule metabolic process,0.003473701004263317,True,"""Any process that activates or increases the frequency, rate or extent of a small molecule metabolic process."" [GOC:vw]",144,959,17,20972,0.017726798748696558,0.11805555555555555,query_1,"['GO:0009893', 'GO:0044281', 'GO:0062012']"
GO:BP,GO:0031667,response to nutrient levels,0.0034766524152298143,True,"""Any process that results in a change in state or activity of a cell or an organism (in terms of movement, secretion, enzyme production, gene expression, etc.) as a result of a stimulus reflecting the presence, absence, or concentration of nutrients."" [GOC:mah]",475,959,39,20972,0.040667361835245046,0.08210526315789474,query_1,['GO:0050896']
GO:BP,GO:0050777,negative regulation of immune response,0.0035116227294657116,True,"""Any process that stops, prevents, or reduces the frequency, rate or extent of the immune response, the immunological reaction of an organism to an immunogenic stimulus."" [GOC:ai]",199,959,21,20972,0.021897810218978103,0.10552763819095477,query_1,"['GO:0002683', 'GO:0006955', 'GO:0048585', 'GO:0050776']"
GO:BP,GO:0050727,regulation of inflammatory response,0.0035116227294657116,True,"""Any process that modulates the frequency, rate or extent of the inflammatory response, the immediate defensive reaction (by vertebrate tissue) to infection or injury caused by chemical or physical agents."" [GOC:ai]",395,959,34,20972,0.035453597497393116,0.08607594936708861,query_1,"['GO:0006954', 'GO:0031347', 'GO:0032101']"
REAC,REAC:R-HSA-449147,Signaling by Interleukins,0.003535533979442172,True,Signaling by Interleukins,476,648,50,11056,0.07716049382716049,0.10504201680672269,query_1,['REAC:R-HSA-1280215']
GO:BP,GO:0071560,cellular response to transforming growth factor beta stimulus,0.0035365891667669884,True,"""Any process that results in a change in state or activity of a cell (in terms of movement, secretion, enzyme production, gene expression, etc.) as a result of a transforming growth factor beta stimulus."" [GOC:ecd, PMID:15451575]",257,959,25,20972,0.026068821689259645,0.09727626459143969,query_1,"['GO:0071363', 'GO:0071559']"
GO:BP,GO:0010758,regulation of macrophage chemotaxis,0.003555963369262949,True,"""Any process that modulates the rate, frequency or extent of macrophage chemotaxis. Macrophage chemotaxis is the movement of a macrophage in response to an external stimulus."" [GOC:BHF, GOC:dph, GOC:tb]",30,959,7,20972,0.0072992700729927005,0.23333333333333334,query_1,"['GO:0002688', 'GO:0048246', 'GO:1905521']"
GO:BP,GO:0071695,anatomical structure maturation,0.003555963369262949,True,"""A developmental process, independent of morphogenetic (shape) change, that is required for an anatomical structure to attain its fully functional state."" [GOC:mah]",272,959,26,20972,0.027111574556830033,0.09558823529411764,query_1,"['GO:0021700', 'GO:0048856']"
GO:BP,GO:0003094,glomerular filtration,0.003555963369262949,True,"""The process in which plasma is filtered through the glomerular membrane which consists of capillary endothelial cells, the basement membrane, and epithelial cells. The glomerular filtrate is the same as plasma except it has no significant amount of protein."" [GOC:mtg_cardio, GOC:sart, ISBN:0721643949]",30,959,7,20972,0.0072992700729927005,0.23333333333333334,query_1,['GO:0097205']
GO:BP,GO:0071174,mitotic spindle checkpoint signaling,0.0035615012484416704,True,"""A signaling process that contributes to a mitotic cell cycle checkpoint that originates from the spindle and delays the metaphase/anaphase transition of a mitotic nuclear division until the spindle is correctly assembled and oriented, the completion of anaphase until chromosomes are attached to the spindle, or mitotic exit and cytokinesis when the spindle does not form."" [GOC:mtg_cell_cycle]",49,959,9,20972,0.009384775808133473,0.1836734693877551,query_1,"['GO:0007093', 'GO:0031577']"
GO:BP,GO:0071173,spindle assembly checkpoint signaling,0.0035615012484416704,True,"""A signaling process that delays the metaphase/anaphase transition until the spindle is correctly assembled and chromosomes are attached to the spindle."" [GOC:mah]",49,959,9,20972,0.009384775808133473,0.1836734693877551,query_1,['GO:0031577']
GO:BP,GO:0007094,mitotic spindle assembly checkpoint signaling,0.0035615012484416704,True,"""A mitotic cell cycle checkpoint that delays mitotic sister chromatid separation and consequently the mitotic metaphase/anaphase transition until the spindle is correctly assembled and chromosomes are attached to the spindle. Spindle assembly checkpoint signaling begins with the activated Mph family kinase, and results in the inhibition of the Anaphase Promoting Complex and its activator Sleepy/Cdc20 by the mitotic checkpoint complex (MCC)."" [GOC:mtg_cell_cycle, PMID:12360190]",49,959,9,20972,0.009384775808133473,0.1836734693877551,query_1,"['GO:0045841', 'GO:0071173', 'GO:0071174']"
GO:BP,GO:0104004,cellular response to environmental stimulus,0.0035654372154975233,True,"""Any process that results in a change in state or activity of a cell (in terms of movement, secretion, enzyme production, gene expression, etc.) as a result of an environmental stimulus."" [GOC:dos]",333,959,30,20972,0.03128258602711158,0.09009009009009009,query_1,['GO:0051716']
GO:BP,GO:0071214,cellular response to abiotic stimulus,0.0035654372154975233,True,"""Any process that results in a change in state or activity of a cell (in terms of movement, secretion, enzyme production, gene expression, etc.) as a result of an abiotic (non-living) stimulus."" [GOC:mah]",333,959,30,20972,0.03128258602711158,0.09009009009009009,query_1,"['GO:0009628', 'GO:0104004']"
REAC,REAC:R-HSA-6783783,Interleukin-10 signaling,0.0035913694941776693,True,Interleukin-10 signaling,45,648,11,11056,0.016975308641975308,0.24444444444444444,query_1,['REAC:R-HSA-449147']
GO:BP,GO:0034329,cell junction assembly,0.003603017311099368,True,"""A cellular process that results in the aggregation, arrangement and bonding together of a set of components to form a cell junction."" [GOC:mah]",509,959,41,20972,0.04275286757038582,0.08055009823182711,query_1,"['GO:0022607', 'GO:0034330']"
GO:BP,GO:0045824,negative regulation of innate immune response,0.0036330860363128553,True,"""Any process that stops, prevents, or reduces the frequency, rate or extent of the innate immune response."" [GOC:go_curators]",94,959,13,20972,0.013555787278415016,0.13829787234042554,query_1,"['GO:0002832', 'GO:0031348', 'GO:0032102', 'GO:0045087', 'GO:0045088', 'GO:0050777']"
GO:BP,GO:0042098,T cell proliferation,0.0036330860363128553,True,"""The expansion of a T cell population by cell division. Follows T cell activation."" [GOC:jl]",214,959,22,20972,0.022940563086548488,0.102803738317757,query_1,"['GO:0042110', 'GO:0046651']"
GO:BP,GO:0045787,positive regulation of cell cycle,0.0036330860363128553,True,"""Any process that activates or increases the rate or extent of progression through the cell cycle."" [GOC:go_curators]",349,959,31,20972,0.03232533889468196,0.08882521489971347,query_1,"['GO:0007049', 'GO:0048522', 'GO:0051726']"
GO:BP,GO:0071222,cellular response to lipopolysaccharide,0.0036330860363128553,True,"""Any process that results in a change in state or activity of a cell (in terms of movement, secretion, enzyme production, gene expression, etc.) as a result of a lipopolysaccharide stimulus; lipopolysaccharide is a major component of the cell wall of gram-negative bacteria."" [GOC:mah]",214,959,22,20972,0.022940563086548488,0.102803738317757,query_1,"['GO:0032496', 'GO:0071219', 'GO:0071396', 'GO:1901701']"
GO:BP,GO:0002822,regulation of adaptive immune response based on somatic recombination of immune receptors built from immunoglobulin superfamily domains,0.0036778245380059992,True,"""Any process that modulates the frequency, rate, or extent of an adaptive immune response based on somatic recombination of immune receptors built from immunoglobulin superfamily domains. An example of this process is found in the Gnathostomata."" [GOC:add, GOC:mtg_sensu]",200,959,21,20972,0.021897810218978103,0.105,query_1,"['GO:0002460', 'GO:0002819']"
GO:BP,GO:0031623,receptor internalization,0.0037196055267976723,True,"""A receptor-mediated endocytosis process that results in the movement of receptors from the plasma membrane to the inside of the cell. The process begins when cell surface receptors are monoubiquitinated following ligand-induced activation. Receptors are subsequently taken up into endocytic vesicles from where they are either targeted to the lysosome or vacuole for degradation or recycled back to the plasma membrane."" [GOC:bf, GOC:mah, GOC:signaling, PMID:15006537, PMID:19643732]",132,959,16,20972,0.016684045881126174,0.12121212121212122,query_1,['GO:0006898']
GO:BP,GO:0070231,T cell apoptotic process,0.0037823205017341825,True,"""Any apoptotic process in a T cell, a type of lymphocyte whose defining characteristic is the expression of a T cell receptor complex."" [CL:0000084, GOC:add, GOC:mtg_apoptosis, ISBN:0781765196]",60,959,10,20972,0.010427528675703858,0.16666666666666666,query_1,['GO:0070227']
GO:BP,GO:0071384,cellular response to corticosteroid stimulus,0.0037823205017341825,True,"""Any process that results in a change in state or activity of a cell (in terms of movement, secretion, enzyme production, gene expression, etc.) as a result of a corticosteroid hormone stimulus. A corticosteroid is a steroid hormone that is produced in the adrenal cortex. Corticosteroids are involved in a wide range of physiologic systems such as stress response, immune response and regulation of inflammation, carbohydrate metabolism, protein catabolism, blood electrolyte levels, and behavior. They include glucocorticoids and mineralocorticoids."" [GOC:mah]",60,959,10,20972,0.010427528675703858,0.16666666666666666,query_1,"['GO:0031960', 'GO:0071383']"
GO:BP,GO:0010812,negative regulation of cell-substrate adhesion,0.0037823205017341825,True,"""Any process that decreases the frequency, rate or extent of cell-substrate adhesion. Cell-substrate adhesion is the attachment of a cell to the underlying substrate via adhesion molecules."" [GOC:dph, GOC:pf, GOC:tb]",60,959,10,20972,0.010427528675703858,0.16666666666666666,query_1,"['GO:0007162', 'GO:0010810', 'GO:0031589']"
GO:BP,GO:0070235,regulation of activation-induced cell death of T cells,0.0038518028879435252,True,"""Any process that modulates the occurrence or rate of activation-induced cell death of T cells."" [GOC:add, ISBN:0781765196]",4,959,3,20972,0.0031282586027111575,0.75,query_1,"['GO:0002682', 'GO:0006924', 'GO:0070232']"
GO:BP,GO:1903557,positive regulation of tumor necrosis factor superfamily cytokine production,0.0038518028879435252,True,"""Any process that activates or increases the frequency, rate or extent of tumor necrosis factor superfamily cytokine production."" [GO_REF:0000058, GOC:TermGenie, PMID:24187568]",107,959,14,20972,0.014598540145985401,0.1308411214953271,query_1,"['GO:0001819', 'GO:0071706', 'GO:1903555']"
GO:BP,GO:0009753,response to jasmonic acid,0.0038518028879435252,True,"""Any process that results in a change in state or activity of a cell or an organism (in terms of movement, secretion, enzyme production, gene expression, etc.) as a result of a jasmonic acid stimulus."" [GOC:jl]",4,959,3,20972,0.0031282586027111575,0.75,query_1,"['GO:0009725', 'GO:0070542']"
GO:BP,GO:0071395,cellular response to jasmonic acid stimulus,0.0038518028879435252,True,"""Any process that results in a change in state or activity of a cell (in terms of movement, secretion, enzyme production, gene expression, etc.) as a result of a jasmonic acid stimulus."" [GOC:mah]",4,959,3,20972,0.0031282586027111575,0.75,query_1,"['GO:0009753', 'GO:0032870', 'GO:0071398']"
GO:BP,GO:0150098,glial cell-neuron signaling,0.0038518028879435252,True,"""Cell-cell signaling that mediates the transfer of information from a glial cell to a neuron. This signaling has been shown to be mediated by various molecules, depending on which glial cells release them, and in which tissues the signaling occurs, e.g. microglial cell-derived nerve growth factor (NGF) in the retina, or microglial cell-derived superoxide ions in the cerebellum."" [GOC:aruk, GOC:bc, PMID:14980203, PMID:16144764, PMID:16547515, PMID:18685038, PMID:27788368, PMID:9459440]",4,959,3,20972,0.0031282586027111575,0.75,query_1,['GO:0007267']
GO:BP,GO:0048008,platelet-derived growth factor receptor signaling pathway,0.0038518028879435252,True,"""The series of molecular signals initiated by a ligand binding to a platelet-derived growth factor receptor on the surface of a target cell, and ending with the regulation of a downstream cellular process, e.g. transcription."" [GOC:ceb]",107,959,14,20972,0.014598540145985401,0.1308411214953271,query_1,['GO:0007169']
GO:BP,GO:0048592,eye morphogenesis,0.00387038476095651,True,"""The process in which the anatomical structures of the eye are generated and organized."" [GOC:jid, GOC:mtg_sensu]",173,959,19,20972,0.01981230448383733,0.10982658959537572,query_1,"['GO:0001654', 'GO:0090596']"
GO:BP,GO:1901991,negative regulation of mitotic cell cycle phase transition,0.00387038476095651,True,"""Any process that stops, prevents or reduces the frequency, rate or extent of mitotic cell cycle phase transition."" [GOC:mtg_cell_cycle, GOC:TermGenie, PMID:22841721]",173,959,19,20972,0.01981230448383733,0.10982658959537572,query_1,"['GO:0044772', 'GO:0045930', 'GO:1901988', 'GO:1901990']"
GO:BP,GO:0070227,lymphocyte apoptotic process,0.003935943742998984,True,"""Any apoptotic process in a lymphocyte, a leukocyte commonly found in the blood and lymph that has the characteristics of a large nucleus, a neutral staining cytoplasm, and prominent heterochromatin."" [CL:0000542, GOC:add, GOC:mtg_apoptosis, ISBN:0781765196]",83,959,12,20972,0.01251303441084463,0.14457831325301204,query_1,['GO:0071887']
GO:BP,GO:0042632,cholesterol homeostasis,0.00395100578952821,True,"""Any process involved in the maintenance of an internal steady state of cholesterol within an organism or cell."" [GOC:go_curators]",95,959,13,20972,0.013555787278415016,0.1368421052631579,query_1,['GO:0055092']
GO:BP,GO:0060323,head morphogenesis,0.004011617985480505,True,"""The process in which the anatomical structures of the head are generated and organized. The head is the anterior-most division of the body."" [GOC:dph]",40,959,8,20972,0.008342022940563087,0.2,query_1,"['GO:0009653', 'GO:0010171', 'GO:0060322']"
GO:BP,GO:1900744,regulation of p38MAPK cascade,0.004011617985480505,True,"""Any process that modulates the frequency, rate or extent of p38MAPK cascade."" [GOC:TermGenie]",40,959,8,20972,0.008342022940563087,0.2,query_1,"['GO:0038066', 'GO:0043408']"
GO:BP,GO:0031577,spindle checkpoint signaling,0.004023529582715662,True,"""A signaling process that that controls a cell cycle checkpoint that originates from the mitotic or meiotic spindle."" [GOC:mtg_cell_cycle]",50,959,9,20972,0.009384775808133473,0.18,query_1,['GO:0000075']
GO:BP,GO:0014706,striated muscle tissue development,0.004024072113996765,True,"""The process whose specific outcome is the progression of a striated muscle over time, from its formation to the mature structure. Striated muscle contain fibers that are divided by transverse bands into striations, and cardiac and skeletal muscle are types of striated muscle. Skeletal muscle myoblasts fuse to form myotubes and eventually multinucleated muscle fibers. The fusion of cardiac cells is very rare and can only form binucleate cells."" [CL:0000737, GOC:dph, GOC:mtg_muscle]",399,959,34,20972,0.035453597497393116,0.08521303258145363,query_1,['GO:0060537']
GO:BP,GO:1904888,cranial skeletal system development,0.004163999269148939,True,"""The process whose specific outcome is the progression of a cranial skeletal system over time, from its formation to the mature structure. The cranial skeletal system is the skeletal subdivision of the head, and includes the skull (cranium plus mandible), pharyngeal and/or hyoid apparatus."" [GO_REF:0000094, GOC:bf, GOC:PARL, GOC:TermGenie, PMID:11262227]",72,959,11,20972,0.011470281543274244,0.1527777777777778,query_1,['GO:0048856']
GO:BP,GO:2000052,positive regulation of non-canonical Wnt signaling pathway,0.004163999269148939,True,"""Any process that activates or increases the frequency, rate or extent of non-canonical Wnt-activated signaling pathway."" [GOC:obol, GOC:yaf]",15,959,5,20972,0.005213764337851929,0.3333333333333333,query_1,"['GO:0030177', 'GO:0035567', 'GO:2000050']"
GO:BP,GO:0048638,regulation of developmental growth,0.004163999269148939,True,"""Any process that modulates the frequency, rate or extent of developmental growth."" [GOC:go_curators]",306,959,28,20972,0.029197080291970802,0.0915032679738562,query_1,"['GO:0040008', 'GO:0048589', 'GO:0050793']"
GO:BP,GO:0048812,neuron projection morphogenesis,0.00418092511478877,True,"""The process in which the anatomical structures of a neuron projection are generated and organized. A neuron projection is any process extending from a neural cell, such as axons or dendrites."" [GOC:mah]",648,959,49,20972,0.051094890510948905,0.07561728395061729,query_1,"['GO:0031175', 'GO:0120039']"
GO:BP,GO:0055123,digestive system development,0.00418092511478877,True,"""The process whose specific outcome is the progression of the digestive system over time, from its formation to the mature structure. The digestive system is the entire structure in which digestion takes place. Digestion is all of the physical, chemical, and biochemical processes carried out by multicellular organisms to break down ingested nutrients into components that may be easily absorbed and directed into metabolism."" [GOC:jid]",147,959,17,20972,0.017726798748696558,0.11564625850340136,query_1,['GO:0048731']
GO:BP,GO:0045744,negative regulation of G protein-coupled receptor signaling pathway,0.004215155818296717,True,"""Any process that stops, prevents, or reduces the frequency, rate or extent of G protein-coupled receptor signaling pathway."" [GOC:go_curators]",61,959,10,20972,0.010427528675703858,0.16393442622950818,query_1,"['GO:0007186', 'GO:0008277', 'GO:0009968']"
GO:BP,GO:0070228,regulation of lymphocyte apoptotic process,0.004215155818296717,True,"""Any process that modulates the occurrence or rate of lymphocyte death by apoptotic process."" [GOC:add, GOC:mtg_apoptosis, ISBN:0781765196]",61,959,10,20972,0.010427528675703858,0.16393442622950818,query_1,"['GO:0070227', 'GO:2000106']"
GO:BP,GO:0043534,blood vessel endothelial cell migration,0.004263449127090596,True,"""The orderly movement of an endothelial cell into the extracellular matrix in order to form new blood vessels during angiogenesis."" [PMID:11166264]",121,959,15,20972,0.01564129301355579,0.12396694214876033,query_1,['GO:0043542']
GO:BP,GO:0030099,myeloid cell differentiation,0.004291621513626396,True,"""The process in which a relatively unspecialized myeloid precursor cell acquires the specialized features of any cell of the myeloid leukocyte, megakaryocyte, thrombocyte, or erythrocyte lineages."" [GOC:add, ISBN:0781735149]",449,959,37,20972,0.03858185610010428,0.08240534521158129,query_1,"['GO:0030097', 'GO:0030154']"
GO:BP,GO:0055092,sterol homeostasis,0.004291623774788521,True,"""Any process involved in the maintenance of an internal steady state of sterol within an organism or cell."" [GOC:BHF, GOC:rl]",96,959,13,20972,0.013555787278415016,0.13541666666666666,query_1,['GO:0055088']
GO:BP,GO:0030031,cell projection assembly,0.004291623774788521,True,"""Formation of a prolongation or process extending from a cell, e.g. a flagellum or axon."" [GOC:jl, GOC:mah, PMID:18391171]",615,959,47,20972,0.049009384775808136,0.07642276422764227,query_1,"['GO:0022607', 'GO:0030030']"
GO:BP,GO:0006633,fatty acid biosynthetic process,0.004293248647135358,True,"""The chemical reactions and pathways resulting in the formation of a fatty acid, any of the aliphatic monocarboxylic acids that can be liberated by hydrolysis from naturally occurring fats and oils. Fatty acids are predominantly straight-chain acids of 4 to 24 carbon atoms, which may be saturated or unsaturated; branched fatty acids and hydroxy fatty acids also occur, and very long chain acids of over 30 carbons are found in waxes."" [GOC:mah, ISBN:0198506732]",161,959,18,20972,0.018769551616266946,0.11180124223602485,query_1,"['GO:0006631', 'GO:0008610', 'GO:0072330']"
GO:BP,GO:0097009,energy homeostasis,0.004295404538458991,True,"""Any process involved in the balance between food intake (energy input) and energy expenditure."" [GOC:yaf, PMID:15919751]",84,959,12,20972,0.01251303441084463,0.14285714285714285,query_1,['GO:0048871']
GO:BP,GO:0050863,regulation of T cell activation,0.004507170205755725,True,"""Any process that modulates the frequency, rate or extent of T cell activation."" [GOC:ai]",386,959,33,20972,0.03441084462982273,0.08549222797927461,query_1,"['GO:0042110', 'GO:0051249']"
GO:BP,GO:0045841,negative regulation of mitotic metaphase/anaphase transition,0.0045372970640767535,True,"""Any process that stops, prevents, or reduces the frequency, rate or extent of the cell cycle process in which a cell progresses from metaphase to anaphase during mitosis, triggered by the activation of the anaphase promoting complex by Cdc20/Sleepy homolog which results in the degradation of Securin."" [GOC:go_curators]",51,959,9,20972,0.009384775808133473,0.17647058823529413,query_1,"['GO:0007091', 'GO:0030071', 'GO:0045839', 'GO:1901991', 'GO:1902100', 'GO:2000816']"
GO:BP,GO:0034599,cellular response to oxidative stress,0.0045372970640767535,True,"""Any process that results in a change in state or activity of a cell (in terms of movement, secretion, enzyme production, gene expression, etc.) as a result of oxidative stress, a state often resulting from exposure to high levels of reactive oxygen species, e.g. superoxide anions, hydrogen peroxide (H2O2), and hydroxyl radicals."" [GOC:mah]",233,959,23,20972,0.023983315954118872,0.09871244635193133,query_1,"['GO:0006979', 'GO:0062197']"
GO:BP,GO:0072102,glomerulus morphogenesis,0.0045372970640767535,True,"""The process in which the anatomical structures of the glomerulus are generated and organized. The glomerulus is a capillary tuft surrounded by Bowman's capsule in nephrons of the vertebrate kidney."" [GOC:mtg_kidney_jan10]",9,959,4,20972,0.004171011470281543,0.4444444444444444,query_1,"['GO:0009653', 'GO:0032835']"
GO:BP,GO:2000816,negative regulation of mitotic sister chromatid separation,0.0045372970640767535,True,"""Any process that stops, prevents or reduces the frequency, rate or extent of mitotic sister chromatid separation."" [GOC:obol]",51,959,9,20972,0.009384775808133473,0.17647058823529413,query_1,"['GO:0010965', 'GO:0033048', 'GO:0051306', 'GO:1905819']"
GO:BP,GO:0035850,epithelial cell differentiation involved in kidney development,0.0045372970640767535,True,"""The process in which relatively unspecialized cells acquire specialized structural and/or functional features of an epithelial cell that characterize the cells of the kidney as it progresses from its formation to the mature state."" [GOC:bf, GOC:mtg_kidney_jan10, GOC:yaf, PMID:16216236]",51,959,9,20972,0.009384775808133473,0.17647058823529413,query_1,"['GO:0030855', 'GO:0061005']"
GO:BP,GO:0033048,negative regulation of mitotic sister chromatid segregation,0.0045372970640767535,True,"""Any process that stops, prevents, or reduces the frequency, rate or extent of sister chromatid segregation during mitosis."" [GOC:mah]",51,959,9,20972,0.009384775808133473,0.17647058823529413,query_1,"['GO:0000070', 'GO:0033046', 'GO:0033047']"
GO:BP,GO:0035360,positive regulation of peroxisome proliferator activated receptor signaling pathway,0.0045372970640767535,True,"""Any process that activates or increases the frequency, rate or extent of the peroxisome proliferator activated receptor signaling pathway."" [GOC:bf]",9,959,4,20972,0.004171011470281543,0.4444444444444444,query_1,"['GO:0035357', 'GO:0035358', 'GO:1902533']"
GO:BP,GO:0033046,negative regulation of sister chromatid segregation,0.0045372970640767535,True,"""Any process that stops, prevents, or reduces the frequency, rate or extent of sister chromatid segregation."" [GOC:mah]",51,959,9,20972,0.009384775808133473,0.17647058823529413,query_1,"['GO:0000819', 'GO:0033045', 'GO:0051985', 'GO:2001251']"
GO:BP,GO:0042551,neuron maturation,0.0045372970640767535,True,"""A developmental process, independent of morphogenetic (shape) change, that is required for a neuron to attain its fully functional state."" [GOC:dph, GOC:jl]",51,959,9,20972,0.009384775808133473,0.17647058823529413,query_1,"['GO:0048469', 'GO:0048666']"
GO:BP,GO:2000096,"positive regulation of Wnt signaling pathway, planar cell polarity pathway",0.0045372970640767535,True,"""Any process that activates or increases the frequency, rate or extent of Wnt signaling pathway, planar cell polarity pathway."" [GOC:BHF]",9,959,4,20972,0.004171011470281543,0.4444444444444444,query_1,"['GO:0060071', 'GO:2000052', 'GO:2000095']"
GO:BP,GO:0000915,actomyosin contractile ring assembly,0.0045372970640767535,True,"""The process of assembly of a ring composed of actin, myosin, and associated proteins that will function in cytokinesis."" [GOC:clt, GOC:dph, GOC:tb]",9,959,4,20972,0.004171011470281543,0.4444444444444444,query_1,"['GO:0000912', 'GO:0044837']"
GO:BP,GO:0000912,assembly of actomyosin apparatus involved in cytokinesis,0.0045372970640767535,True,"""The assembly and arrangement of an apparatus composed of actin, myosin, and associated proteins that will function in cytokinesis."" [GOC:mtg_cell_cycle]",9,959,4,20972,0.004171011470281543,0.4444444444444444,query_1,"['GO:0022607', 'GO:0032506', 'GO:0061640']"
GO:BP,GO:1903426,regulation of reactive oxygen species biosynthetic process,0.004598165636856298,True,"""Any process that modulates the frequency, rate or extent of reactive oxygen species biosynthetic process."" [GO_REF:0000058, GOC:bf, GOC:PARL, GOC:TermGenie, PMID:24252804]",41,959,8,20972,0.008342022940563087,0.1951219512195122,query_1,"['GO:0009889', 'GO:1903409', 'GO:2000377']"
GO:BP,GO:0098813,nuclear chromosome segregation,0.004598165636856298,True,"""The process in which genetic material, in the form of nuclear chromosomes, is organized into specific structures and then physically separated and apportioned to two or more sets. Nuclear chromosome segregation begins with the condensation of chromosomes, includes chromosome separation, and ends when chromosomes have completed movement to the spindle poles."" [GOC:dos]",324,959,29,20972,0.03023983315954119,0.08950617283950617,query_1,['GO:0007059']
GO:BP,GO:0043567,regulation of insulin-like growth factor receptor signaling pathway,0.004614972660735488,True,"""Any process that modulates the frequency, rate or extent of insulin-like growth factor receptor signaling."" [GOC:bf]",23,959,6,20972,0.006256517205422315,0.2608695652173913,query_1,"['GO:0009966', 'GO:0048009']"
GO:BP,GO:0048667,cell morphogenesis involved in neuron differentiation,0.0046157677845355795,True,"""The process in which the structures of a neuron are generated and organized. This process occurs while the initially relatively unspecialized cell is acquiring the specialized features of a neuron."" [GOC:dph, GOC:tb]",584,959,45,20972,0.04692387904066736,0.07705479452054795,query_1,"['GO:0000902', 'GO:0048666']"
GO:BP,GO:0042306,regulation of protein import into nucleus,0.0046554706855196975,True,"""Any process that modulates the frequency, rate or extent of movement of proteins from the cytoplasm to the nucleus."" [GOC:jl]",62,959,10,20972,0.010427528675703858,0.16129032258064516,query_1,"['GO:0006606', 'GO:0033157', 'GO:0046822', 'GO:1900180']"
GO:BP,GO:0010965,regulation of mitotic sister chromatid separation,0.0046554706855196975,True,"""Any process that modulates the frequency, rate or extent of mitotic sister chromatid separation. Mitotic sister chromatid separation is the process in which sister chromatids are physically detached from each other during mitosis."" [GOC:dph, GOC:tb]",62,959,10,20972,0.010427528675703858,0.16129032258064516,query_1,"['GO:0051306', 'GO:1905818']"
GO:BP,GO:0006956,complement activation,0.0046554706855196975,True,"""Any process involved in the activation of any of the steps of the complement cascade, which allows for the direct killing of microbes, the disposal of immune complexes, and the regulation of other immune processes; the initial steps of complement activation involve one of three pathways, the classical pathway, the alternative pathway, and the lectin pathway, all of which lead to the terminal complement pathway."" [GO_REF:0000022, GOC:add, ISBN:0781735149]",62,959,10,20972,0.010427528675703858,0.16129032258064516,query_1,"['GO:0002252', 'GO:0002253', 'GO:0006959']"
GO:BP,GO:0044706,multi-multicellular organism process,0.004767266797796111,True,"""A multicellular organism process which involves another multicellular organism of the same or different species."" [GOC:jl]",205,959,21,20972,0.021897810218978103,0.1024390243902439,query_1,['GO:0032501']
GO:BP,GO:1901988,negative regulation of cell cycle phase transition,0.004794186941710744,True,"""Any process that stops, prevents or reduces the frequency, rate or extent of cell cycle phase transition."" [GOC:mtg_cell_cycle, GOC:TermGenie, PMID:22841721]",249,959,24,20972,0.02502606882168926,0.0963855421686747,query_1,"['GO:0010948', 'GO:0044770', 'GO:1901987']"
GO:BP,GO:0042692,muscle cell differentiation,0.004794186941710744,True,"""The process in which a relatively unspecialized cell acquires specialized features of a muscle cell."" [CL:0000187, GOC:go_curators]",388,959,33,20972,0.03441084462982273,0.08505154639175258,query_1,"['GO:0030154', 'GO:0061061']"
GO:BP,GO:0071559,response to transforming growth factor beta,0.004804185130061896,True,"""Any process that results in a change in state or activity of a cell or an organism (in terms of movement, secretion, enzyme production, gene expression, etc.) as a result of a transforming growth factor beta stimulus."" [GOC:mah]",264,959,25,20972,0.026068821689259645,0.0946969696969697,query_1,['GO:0070848']
GO:BP,GO:0048593,camera-type eye morphogenesis,0.004829614253601179,True,"""The process in which the anatomical structures of the eye are generated and organized. The camera-type eye is an organ of sight that receives light through an aperture and focuses it through a lens, projecting it on a photoreceptor field."" [GOC:jid, GOC:mtg_sensu]",136,959,16,20972,0.016684045881126174,0.11764705882352941,query_1,"['GO:0043010', 'GO:0048592']"
GO:BP,GO:0046394,carboxylic acid biosynthetic process,0.0048786021006120405,True,"""The chemical reactions and pathways resulting in the formation of carboxylic acids, any organic acid containing one or more carboxyl (-COOH) groups."" [ISBN:0198506732]",310,959,28,20972,0.029197080291970802,0.09032258064516129,query_1,"['GO:0016053', 'GO:0019752']"
GO:BP,GO:0001818,negative regulation of cytokine production,0.004964223356767856,True,"""Any process that stops, prevents, or reduces the rate of production of a cytokine."" [GOC:add, ISBN:0781735149]",295,959,27,20972,0.028154327424400417,0.09152542372881356,query_1,"['GO:0001816', 'GO:0001817', 'GO:0010629', 'GO:0051241']"
GO:BP,GO:0050886,endocrine process,0.005045774662913511,True,"""The process that involves the secretion of or response to endocrine hormones. An endocrine hormone is a hormone released into the circulatory system."" [ISBN:0721662544]",98,959,13,20972,0.013555787278415016,0.1326530612244898,query_1,['GO:0003008']
GO:BP,GO:1904892,regulation of receptor signaling pathway via STAT,0.005129004247957829,True,"""Any process that modulates the frequency, rate or extent of receptor signaling via STAT."" [GO_REF:0000058, GOC:rjd, GOC:TermGenie, PMID:24587195]",86,959,12,20972,0.01251303441084463,0.13953488372093023,query_1,"['GO:0009966', 'GO:0097696']"
GO:BP,GO:0002762,negative regulation of myeloid leukocyte differentiation,0.005129004247957829,True,"""Any process that stops, prevents, or reduces the frequency, rate, or extent of myeloid leukocyte differentiation."" [GOC:add]",52,959,9,20972,0.009384775808133473,0.17307692307692307,query_1,"['GO:0002573', 'GO:0002761', 'GO:0045638', 'GO:1902106']"
GO:BP,GO:0006576,biogenic amine metabolic process,0.005129004247957829,True,"""The chemical reactions and pathways occurring at the level of individual cells involving any of a group of naturally occurring, biologically active amines, such as norepinephrine, histamine, and serotonin, many of which act as neurotransmitters."" [GOC:jl, ISBN:0395825172]",86,959,12,20972,0.01251303441084463,0.13953488372093023,query_1,['GO:0009308']
GO:BP,GO:0000302,response to reactive oxygen species,0.005162360764279693,True,"""Any process that results in a change in state or activity of a cell or an organism (in terms of movement, secretion, enzyme production, gene expression, etc.) as a result of a reactive oxygen species stimulus. Reactive oxygen species include singlet oxygen, superoxide, and oxygen free radicals."" [GOC:krc]",178,959,19,20972,0.01981230448383733,0.10674157303370786,query_1,"['GO:0006979', 'GO:1901700']"
GO:BP,GO:0045926,negative regulation of growth,0.005165049058779235,True,"""Any process that stops, prevents or reduces the rate or extent of growth, the increase in size or mass of all or part of an organism."" [GOC:go_curators]",221,959,22,20972,0.022940563086548488,0.09954751131221719,query_1,"['GO:0040007', 'GO:0040008', 'GO:0048519']"
GO:BP,GO:0002761,regulation of myeloid leukocyte differentiation,0.005264279497954437,True,"""Any process that modulates the frequency, rate, or extent of myeloid leukocyte differentiation."" [GOC:add]",124,959,15,20972,0.01564129301355579,0.12096774193548387,query_1,"['GO:0002573', 'GO:0045637', 'GO:1902105']"
GO:BP,GO:1903037,regulation of leukocyte cell-cell adhesion,0.00538596712924047,True,"""Any process that modulates the frequency, rate or extent of leukocyte cell-cell adhesion."" [GO_REF:0000058, GOC:BHF, GOC:rl, GOC:TermGenie, PMID:21106532]",375,959,32,20972,0.03336809176225235,0.08533333333333333,query_1,"['GO:0007159', 'GO:0022407']"
GO:BP,GO:0002687,positive regulation of leukocyte migration,0.00538596712924047,True,"""Any process that activates or increases the frequency, rate, or extent of leukocyte migration."" [GOC:add]",151,959,17,20972,0.017726798748696558,0.11258278145695365,query_1,"['GO:0002684', 'GO:0002685', 'GO:0030335', 'GO:0050900']"
GO:BP,GO:0045165,cell fate commitment,0.005438560596535276,True,"""The cellular developmental process by which a cell establishes the intrinsic character of a cell or tissue region irreversibly committing it to a particular fate."" [ISBN:0716731185]",297,959,27,20972,0.028154327424400417,0.09090909090909091,query_1,"['GO:0030154', 'GO:0048869']"
GO:BP,GO:0072176,nephric duct development,0.005442513131041623,True,"""The process whose specific outcome is the progression of a nephric duct over time, from its initial formation to a mature structure. A nephric duct is a tube that drains a primitive kidney."" [GOC:mtg_kidney_jan10]",16,959,5,20972,0.005213764337851929,0.3125,query_1,"['GO:0035295', 'GO:0072073']"
GO:BP,GO:0072498,embryonic skeletal joint development,0.005442513131041623,True,"""The process, occurring during the embryonic phase, whose specific outcome is the progression of the skeletal joints over time, from formation to mature structure."" [GOC:BHF, GOC:vk]",16,959,5,20972,0.005213764337851929,0.3125,query_1,['GO:0048706']
GO:BP,GO:0060572,morphogenesis of an epithelial bud,0.005442513131041623,True,"""The morphogenetic process in which a bud forms from an epithelial sheet. A bud is a protrusion that forms form the sheet by localized folding."" [GOC:dph]",16,959,5,20972,0.005213764337851929,0.3125,query_1,['GO:0060571']
GO:BP,GO:0040037,negative regulation of fibroblast growth factor receptor signaling pathway,0.005442513131041623,True,"""Any process that stops, prevents, or reduces the frequency, rate or extent of fibroblast growth factor receptor signaling pathway activity."" [GOC:go_curators]",16,959,5,20972,0.005213764337851929,0.3125,query_1,"['GO:0008543', 'GO:0009968', 'GO:0040036', 'GO:0090288']"
GO:BP,GO:0032729,positive regulation of type II interferon production,0.0055538182532845985,True,"""Any process that activates or increases the frequency, rate, or extent of interferon-gamma production. Interferon-gamma is also known as type II interferon."" [GOC:add, GOC:mah, PMID:15546383]",75,959,11,20972,0.011470281543274244,0.14666666666666667,query_1,"['GO:0001819', 'GO:0032609', 'GO:0032649']"
GO:BP,GO:1901989,positive regulation of cell cycle phase transition,0.005652874473616211,True,"""Any process that activates or increases the frequency, rate or extent of cell cycle phase transition."" [GOC:mtg_cell_cycle, GOC:TermGenie, PMID:22841721]",112,959,14,20972,0.014598540145985401,0.125,query_1,"['GO:0044770', 'GO:0090068', 'GO:1901987']"
GO:BP,GO:0010977,negative regulation of neuron projection development,0.005660412904160699,True,"""Any process that decreases the rate, frequency or extent of neuron projection development. Neuron projection development is the process whose specific outcome is the progression of a neuron projection over time, from its formation to the mature structure. A neuron projection is any process extending from a neural cell, such as axons or dendrites (collectively called neurites)."" [GOC:dph, GOC:tb]",125,959,15,20972,0.01564129301355579,0.12,query_1,"['GO:0010975', 'GO:0031175', 'GO:0031345']"
GO:BP,GO:0061318,renal filtration cell differentiation,0.005680673071166237,True,"""The process in which a relatively unspecialized cell acquires specialized structural and/or functional features of a renal filtration cell. Renal filtration cells are specialized cells of the renal system that filter fluids by charge, size or both. Differentiation includes the processes involved in commitment of a cell to a specific fate and its subsequent development to the mature state."" [GOC:dph, GOC:mtg_kidney_jan10]",24,959,6,20972,0.006256517205422315,0.25,query_1,"['GO:0030154', 'GO:0072001']"
GO:BP,GO:0006706,steroid catabolic process,0.005680673071166237,True,"""The chemical reactions and pathways resulting in the breakdown of steroids, compounds with a 1,2,cyclopentanoperhydrophenanthrene nucleus."" [GOC:go_curators]",24,959,6,20972,0.006256517205422315,0.25,query_1,"['GO:0008202', 'GO:0016042']"
GO:BP,GO:0072112,podocyte differentiation,0.005680673071166237,True,"""The process in which a relatively unspecialized cell acquires specialized features of a glomerular visceral epithelial cell. A glomerular visceral epithelial cell is a specialized epithelial cell that contains 'feet' that interdigitate with the 'feet' of other glomerular epithelial cells."" [GOC:mtg_kidney_jan10]",24,959,6,20972,0.006256517205422315,0.25,query_1,"['GO:0061318', 'GO:0072311']"
GO:BP,GO:0035296,regulation of tube diameter,0.005714626744441274,True,"""Any process that modulates the diameter of a tube."" [GOC:bf]",152,959,17,20972,0.017726798748696558,0.1118421052631579,query_1,['GO:0035150']
GO:BP,GO:0097746,blood vessel diameter maintenance,0.005714626744441274,True,"""Any process that modulates the diameter of blood vessels."" [GOC:pr]",152,959,17,20972,0.017726798748696558,0.1118421052631579,query_1,"['GO:0003018', 'GO:0008015', 'GO:0035296']"
GO:BP,GO:1902100,negative regulation of metaphase/anaphase transition of cell cycle,0.005764122771517232,True,"""Any process that stops, prevents or reduces the frequency, rate or extent of metaphase/anaphase transition of cell cycle."" [GOC:mtg_cell_cycle, GOC:TermGenie]",53,959,9,20972,0.009384775808133473,0.16981132075471697,query_1,"['GO:0044784', 'GO:1901988', 'GO:1902099']"
GO:BP,GO:0051985,negative regulation of chromosome segregation,0.005764122771517232,True,"""Any process that stops, prevents, or reduces the frequency, rate or extent of chromosome segregation, the process in which genetic material, in the form of chromosomes, is organized and then physically separated and apportioned to two or more sets."" [GOC:ai]",53,959,9,20972,0.009384775808133473,0.16981132075471697,query_1,"['GO:0007059', 'GO:0010948', 'GO:0051983']"
GO:BP,GO:1905819,negative regulation of chromosome separation,0.005764122771517232,True,"""Any process that stops, prevents or reduces the frequency, rate or extent of chromosome separation."" [GO_REF:0000058, GOC:bhm, GOC:TermGenie, PMID:21795393]",53,959,9,20972,0.009384775808133473,0.16981132075471697,query_1,"['GO:0051304', 'GO:0051985', 'GO:1905818']"
GO:BP,GO:0098708,D-glucose import across plasma membrane,0.005785287902868714,True,"""The directed movement of D-glucose from outside of a cell, across the plasma membrane and into the cytosol."" [GOC:dos]",64,959,10,20972,0.010427528675703858,0.15625,query_1,"['GO:0140271', 'GO:1904659']"
GO:BP,GO:0010743,regulation of macrophage derived foam cell differentiation,0.005801565617383162,True,"""Any process that modulates the rate, frequency or extent of macrophage derived foam cell differentiation. Macrophage derived foam cell differentiation is the process in which a macrophage acquires the specialized features of a foam cell. A foam cell is a type of cell containing lipids in small vacuoles and typically seen in atherosclerotic lesions, as well as other conditions."" [GOC:add, GOC:BHF, GOC:dph, GOC:tb]",33,959,7,20972,0.0072992700729927005,0.21212121212121213,query_1,"['GO:0010742', 'GO:0045595']"
GO:BP,GO:0097205,renal filtration,0.005801565617383162,True,"""A renal system process in which fluid circulating through the body is filtered through a barrier system."" [GOC:pr, GOC:sart]",33,959,7,20972,0.0072992700729927005,0.21212121212121213,query_1,['GO:0003014']
GO:BP,GO:0002443,leukocyte mediated immunity,0.005881270498032681,True,"""Any process involved in the carrying out of an immune response by a leukocyte."" [GO_REF:0000022, GOC:add, ISBN:0781735149]",475,959,38,20972,0.03962460896767466,0.08,query_1,['GO:0002252']
GO:BP,GO:0110020,regulation of actomyosin structure organization,0.005913034916105169,True,"""Any process that modulates the frequency, rate or extent of the assembly, arrangement of constituent parts, or disassembly of cytoskeletal structures containing both actin and myosin or paramyosin."" [GOC:lf, PMID:22790195]",100,959,13,20972,0.013555787278415016,0.13,query_1,"['GO:0031032', 'GO:0032956']"
GO:BP,GO:0021700,developmental maturation,0.005925314223183555,True,"""A developmental process, independent of morphogenetic (shape) change, that is required for an anatomical structure, cell or cellular component to attain its fully functional state."" [GO_REF:0000021, GOC:cls, GOC:dgh, GOC:dph, GOC:jid]",346,959,30,20972,0.03128258602711158,0.08670520231213873,query_1,['GO:0032502']
GO:BP,GO:0007369,gastrulation,0.0060229644505133215,True,"""A complex and coordinated series of cellular movements that occurs at the end of cleavage during embryonic development of most animals. The details of gastrulation vary from species to species, but usually result in the formation of the three primary germ layers, ectoderm, mesoderm and endoderm."" [GOC:curators, ISBN:9780878933846]",195,959,20,20972,0.020855057351407715,0.10256410256410256,query_1,['GO:0048598']
GO:BP,GO:0010907,positive regulation of glucose metabolic process,0.006063743760484289,True,"""Any process that increases the rate, frequency or extent of glucose metabolism. Glucose metabolic processes are the chemical reactions and pathways involving glucose, the aldohexose gluco-hexose."" [GOC:BHF, GOC:tb]",43,959,8,20972,0.008342022940563087,0.18604651162790697,query_1,"['GO:0006006', 'GO:0010906', 'GO:0045913', 'GO:0062013']"
GO:BP,GO:0035150,regulation of tube size,0.006067775993005609,True,"""Ensuring that a tube is of the correct length and diameter. Tube size must be maintained not only during tube formation, but also throughout development and in some physiological processes."" [PMID:10887083]",153,959,17,20972,0.017726798748696558,0.1111111111111111,query_1,['GO:0090066']
GO:BP,GO:0050818,regulation of coagulation,0.006072523458465931,True,"""Any process that modulates the frequency, rate or extent of coagulation, the process in which a fluid solution, or part of it, changes into a solid or semisolid mass."" [GOC:ai]",76,959,11,20972,0.011470281543274244,0.14473684210526316,query_1,"['GO:0050817', 'GO:0051239']"
GO:BP,GO:0048145,regulation of fibroblast proliferation,0.006081731140944358,True,"""Any process that modulates the frequency, rate or extent of multiplication or reproduction of fibroblast cells."" [GOC:jid]",88,959,12,20972,0.01251303441084463,0.13636363636363635,query_1,"['GO:0042127', 'GO:0048144']"
GO:BP,GO:0062197,cellular response to chemical stress,0.006128778811968668,True,"""Any process that results in a change in state or activity of a cell (in terms of movement, secretion, enzyme production, gene expression, etc.) as a result of a chemical stimulus indicating the organism is under stress."" [PMID:26653712]",300,959,27,20972,0.028154327424400417,0.09,query_1,"['GO:0033554', 'GO:0070887']"
GO:BP,GO:0048738,cardiac muscle tissue development,0.006317754927694623,True,"""The process whose specific outcome is the progression of cardiac muscle over time, from its formation to the mature structure."" [GOC:dph, GOC:jid, GOC:lm]",225,959,22,20972,0.022940563086548488,0.09777777777777778,query_1,"['GO:0007507', 'GO:0014706']"
GO:BP,GO:0140271,hexose import across plasma membrane,0.006413698228766725,True,"""The directed movement of hexose from outside of a cell, across the plasma membrane and into the cytosol."" [PMID:10735857]",65,959,10,20972,0.010427528675703858,0.15384615384615385,query_1,"['GO:0008645', 'GO:0098704']"
GO:BP,GO:0045453,bone resorption,0.006413698228766725,True,"""The process in which specialized cells known as osteoclasts degrade the organic and inorganic portions of bone, and endocytose and transport the degradation products."" [GOC:mah, PMID:10968780]",65,959,10,20972,0.010427528675703858,0.15384615384615385,query_1,"['GO:0001894', 'GO:0046849']"
GO:BP,GO:0098704,carbohydrate import across plasma membrane,0.006413698228766725,True,"""The directed movement of a carbohydrate from outside of a cell, across the plasma membrane and into the cytosol."" [GOC:dos]",65,959,10,20972,0.010427528675703858,0.15384615384615385,query_1,"['GO:0034219', 'GO:0098739']"
GO:BP,GO:0009410,response to xenobiotic stimulus,0.006413698228766725,True,"""Any process that results in a change in state or activity of a cell or an organism (in terms of movement, secretion, enzyme production, gene expression, etc.) as a result of a stimulus from a xenobiotic, a compound foreign to the organism exposed to it. It may be synthesized by another organism (like ampicilin) or it can be a synthetic chemical."" [GOC:jl, GOC:krc]",396,959,33,20972,0.03441084462982273,0.08333333333333333,query_1,['GO:0042221']
GO:BP,GO:0051784,negative regulation of nuclear division,0.006413698228766725,True,"""Any process that stops, prevents, or reduces the frequency, rate or extent of nuclear division, the partitioning of the nucleus and its genetic information."" [GOC:ai]",65,959,10,20972,0.010427528675703858,0.15384615384615385,query_1,"['GO:0000280', 'GO:0010639', 'GO:0051783']"
GO:BP,GO:0051306,mitotic sister chromatid separation,0.006413698228766725,True,"""The process in which sister chromatids are physically detached from each other during mitosis."" [GOC:ai]",65,959,10,20972,0.010427528675703858,0.15384615384615385,query_1,"['GO:0000070', 'GO:0051304', 'GO:1903047']"
GO:BP,GO:0034109,homotypic cell-cell adhesion,0.006413698228766725,True,"""The attachment of a cell to a second cell of the identical type via adhesion molecules."" [GOC:add]",101,959,13,20972,0.013555787278415016,0.12871287128712872,query_1,['GO:0098609']
GO:BP,GO:0060324,face development,0.006418558482477018,True,"""The biological process whose specific outcome is the progression of a face from an initial condition to its mature state. The face is the ventral division of the head."" [GOC:dph]",54,959,9,20972,0.009384775808133473,0.16666666666666666,query_1,"['GO:0048856', 'GO:0060322']"
GO:BP,GO:0045834,positive regulation of lipid metabolic process,0.006418558482477018,True,"""Any process that activates or increases the frequency, rate or extent of the chemical reactions and pathways involving lipids."" [GOC:go_curators]",127,959,15,20972,0.01564129301355579,0.11811023622047244,query_1,"['GO:0006629', 'GO:0009893', 'GO:0019216']"
GO:BP,GO:0043010,camera-type eye development,0.006418558482477018,True,"""The process whose specific outcome is the progression of the camera-type eye over time, from its formation to the mature structure. The camera-type eye is an organ of sight that receives light through an aperture and focuses it through a lens, projecting it on a photoreceptor field."" [GOC:go_curators, GOC:mtg_sensu]",364,959,31,20972,0.03232533889468196,0.08516483516483517,query_1,['GO:0001654']
GO:BP,GO:0001935,endothelial cell proliferation,0.006418558482477018,True,"""The multiplication or reproduction of endothelial cells, resulting in the expansion of a cell population. Endothelial cells are thin flattened cells which line the inside surfaces of body cavities, blood vessels, and lymph vessels, making up the endothelium."" [GOC:add, ISBN:0781735149]",154,959,17,20972,0.017726798748696558,0.11038961038961038,query_1,['GO:0050673']
GO:BP,GO:0006826,iron ion transport,0.006418558482477018,True,"""The directed movement of iron (Fe) ions into, out of or within a cell, or between cells, by means of some agent such as a transporter or pore."" [GOC:ai]",54,959,9,20972,0.009384775808133473,0.16666666666666666,query_1,['GO:0000041']
GO:BP,GO:0042129,regulation of T cell proliferation,0.006418558482477018,True,"""Any process that modulates the frequency, rate or extent of T cell proliferation."" [GOC:jl]",182,959,19,20972,0.01981230448383733,0.1043956043956044,query_1,"['GO:0042098', 'GO:0050670', 'GO:0050863']"
GO:BP,GO:0010596,negative regulation of endothelial cell migration,0.006418558482477018,True,"""Any process that decreases the rate, frequency, or extent of the orderly movement of an endothelial cell into the extracellular matrix to form an endothelium."" [GOC:BHF, GOC:dph, GOC:tb]",54,959,9,20972,0.009384775808133473,0.16666666666666666,query_1,"['GO:0010594', 'GO:0030336', 'GO:0043542']"
GO:BP,GO:0051246,regulation of protein metabolic process,0.006553243266353718,True,"""Any process that modulates the frequency, rate or extent of the chemical reactions and pathways involving a protein."" [GOC:ai]",1574,959,99,20972,0.1032325338894682,0.06289707750952986,query_1,"['GO:0019538', 'GO:0060255', 'GO:0080090']"
GO:BP,GO:0007159,leukocyte cell-cell adhesion,0.006569374922463451,True,"""The attachment of a leukocyte to another cell via adhesion molecules."" [GOC:go_curators]",413,959,34,20972,0.035453597497393116,0.08232445520581114,query_1,['GO:0098609']
GO:BP,GO:0003170,heart valve development,0.006603505947090202,True,"""The progression of a heart valve over time, from its formation to the mature structure. A heart valve is a structure that restricts the flow of blood to different regions of the heart and forms from an endocardial cushion."" [GOC:mtg_heart]",77,959,11,20972,0.011470281543274244,0.14285714285714285,query_1,"['GO:0007507', 'GO:0048856']"
GO:BP,GO:0055013,cardiac muscle cell development,0.006603505947090202,True,"""The process whose specific outcome is the progression of a cardiac muscle cell over time, from its formation to the mature state."" [GOC:devbiol, GOC:mtg_heart]",77,959,11,20972,0.011470281543274244,0.14285714285714285,query_1,"['GO:0055002', 'GO:0055006', 'GO:0055007']"
GO:BP,GO:0044837,actomyosin contractile ring organization,0.006603505947090202,True,"""A process which results in the assembly, arrangement of constituent parts, or disassembly of an actomyosin contractile ring."" [GOC:mtg_cell_cycle]",10,959,4,20972,0.004171011470281543,0.4,query_1,"['GO:0022402', 'GO:0030866', 'GO:0031032', 'GO:0061640']"
GO:BP,GO:0003253,cardiac neural crest cell migration involved in outflow tract morphogenesis,0.006603505947090202,True,"""The orderly movement of a neural crest cell from one site to another that will contribute to the morphogenesis of the outflow tract."" [GOC:mtg_heart]",10,959,4,20972,0.004171011470281543,0.4,query_1,"['GO:0001755', 'GO:0060973', 'GO:0061309']"
GO:BP,GO:0062042,regulation of cardiac epithelial to mesenchymal transition,0.006603505947090202,True,"""Any process that modulates the rate, frequency or extent of cardiac epithelial to mesenchymal transition, a transition where a cardiac epithelial cell loses apical/basolateral polarity, severs intercellular adhesive junctions, degrades basement membrane components and becomes a migratory mesenchymal cell."" [GOC:BHF, GOC:rph, PMID:20951801]",10,959,4,20972,0.004171011470281543,0.4,query_1,"['GO:0010717', 'GO:0060317']"
GO:BP,GO:0032000,positive regulation of fatty acid beta-oxidation,0.006603505947090202,True,"""Any process that activates or increases the frequency, rate or extent of fatty acid beta-oxidation."" [GOC:mah]",10,959,4,20972,0.004171011470281543,0.4,query_1,"['GO:0006635', 'GO:0031998', 'GO:0046321', 'GO:0050996']"
GO:BP,GO:0060513,prostatic bud formation,0.006603505947090202,True,"""The morphogenetic process in which a region of the fetal urogenital sinus epithelium is specified to become the prostate, resulting in prostate bud outgrowth."" [GOC:dph, PMID:18977204]",10,959,4,20972,0.004171011470281543,0.4,query_1,"['GO:0016331', 'GO:0048645', 'GO:0060572', 'GO:0060601', 'GO:0060740']"
GO:BP,GO:0072124,regulation of glomerular mesangial cell proliferation,0.006603505947090202,True,"""Any process that modulates the frequency, rate or extent of glomerular mesangial cell proliferation."" [GOC:mtg_kidney_jan10]",10,959,4,20972,0.004171011470281543,0.4,query_1,"['GO:0042127', 'GO:0072110']"
GO:BP,GO:0061626,pharyngeal arch artery morphogenesis,0.006603505947090202,True,"""The process in which the anatomical structures of a pharyngeal arch artery is generated and organized. The pharyngeal arch arteries are a series of six paired embryological vascular structures, the development of which give rise to several major arteries, such as the stapedial artery, the middle meningeal artery, the internal carotid artery and the pulmonary artery."" [GOC:BHF, GOC:dph, PMID:20122914]",10,959,4,20972,0.004171011470281543,0.4,query_1,"['GO:0048844', 'GO:0060037']"
GO:BP,GO:0051146,striated muscle cell differentiation,0.006709562835281499,True,"""The process in which a relatively unspecialized cell acquires specialized features of a striated muscle cell; striated muscle fibers are divided by transverse bands into striations, and cardiac and voluntary muscle are types of striated muscle."" [CL:0000737, GOC:ai]",287,959,26,20972,0.027111574556830033,0.09059233449477352,query_1,['GO:0042692']
GO:BP,GO:0060571,morphogenesis of an epithelial fold,0.0067527618664874655,True,"""The morphogenetic process in which an epithelial sheet bends along a linear axis."" [GOC:dph]",25,959,6,20972,0.006256517205422315,0.24,query_1,['GO:0002009']
GO:BP,GO:0016125,sterol metabolic process,0.0067527618664874655,True,"""The chemical reactions and pathways involving sterols, steroids with one or more hydroxyl groups and a hydrocarbon side-chain in the molecule."" [ISBN:0198547684]",155,959,17,20972,0.017726798748696558,0.10967741935483871,query_1,['GO:0008202']
GO:BP,GO:0051315,attachment of mitotic spindle microtubules to kinetochore,0.0067527618664874655,True,"""The cellular process in which spindle microtubules become physically associated with the proteins making up the kinetochore complex in mitosis."" [GOC:ai, GOC:clt, GOC:dph, GOC:tb, PMID:26258632, PMID:26705896]",25,959,6,20972,0.006256517205422315,0.24,query_1,"['GO:0007080', 'GO:0008608', 'GO:1903047']"
GO:BP,GO:0060392,negative regulation of SMAD protein signal transduction,0.0067527618664874655,True,"""Any process that decreases the rate, frequency or extent of the SMAD protein signaling pathway."" [GOC:BHF, GOC:dph, GOC:tb]",25,959,6,20972,0.006256517205422315,0.24,query_1,"['GO:0060390', 'GO:0060395', 'GO:0090101', 'GO:1902532']"
GO:BP,GO:0072311,glomerular epithelial cell differentiation,0.0067527618664874655,True,"""The process in which a relatively unspecialized cell acquires specialized features of a glomerular epithelial cell. Glomerular epithelial cells are specialized epithelial cells that form part of the glomerulus; there are two types, glomerular parietal epithelial cells and glomerular visceral epithelial cells."" [GOC:mtg_kidney_jan10]",25,959,6,20972,0.006256517205422315,0.24,query_1,"['GO:0035850', 'GO:0072010']"
GO:BP,GO:0042104,positive regulation of activated T cell proliferation,0.0067527618664874655,True,"""Any process that activates or increases the rate or extent of activated T cell proliferation."" [GOC:jl]",25,959,6,20972,0.006256517205422315,0.24,query_1,"['GO:0042102', 'GO:0046006', 'GO:0050798']"
GO:BP,GO:0032368,regulation of lipid transport,0.0067754894708217175,True,"""Any process that modulates the frequency, rate or extent of the directed movement of lipids into, out of or within a cell, or between cells, by means of some agent such as a transporter or pore."" [GOC:mah]",128,959,15,20972,0.01564129301355579,0.1171875,query_1,"['GO:0006869', 'GO:0051049', 'GO:1905952']"
GO:BP,GO:0001704,formation of primary germ layer,0.0067754894708217175,True,"""The formation of the ectoderm, mesoderm and endoderm during gastrulation."" [GOC:go_curators]",128,959,15,20972,0.01564129301355579,0.1171875,query_1,"['GO:0007369', 'GO:0048646']"
GO:BP,GO:0033043,regulation of organelle organization,0.0067754894708217175,True,"""Any process that modulates the frequency, rate or extent of a process involved in the formation, arrangement of constituent parts, or disassembly of an organelle."" [GOC:mah]",1167,959,77,20972,0.08029197080291971,0.06598114824335904,query_1,"['GO:0006996', 'GO:0051128']"
GO:BP,GO:0002709,regulation of T cell mediated immunity,0.0067754894708217175,True,"""Any process that modulates the frequency, rate, or extent of T cell mediated immunity."" [GOC:add]",102,959,13,20972,0.013555787278415016,0.12745098039215685,query_1,"['GO:0002456', 'GO:0002706', 'GO:0002822']"
GO:BP,GO:0071380,cellular response to prostaglandin E stimulus,0.00684379588227181,True,"""Any process that results in a change in state or activity of a cell (in terms of movement, secretion, enzyme production, gene expression, etc.) as a result of a prostagladin E stimulus."" [GOC:mah]",17,959,5,20972,0.005213764337851929,0.29411764705882354,query_1,"['GO:0034695', 'GO:0071379', 'GO:0097306', 'GO:1901655']"
GO:BP,GO:0071391,cellular response to estrogen stimulus,0.00684379588227181,True,"""Any process that results in a change in state or activity of a cell (in terms of movement, secretion, enzyme production, gene expression, etc.) as a result of stimulus by an estrogen, C18 steroid hormones that can stimulate the development of female sexual characteristics."" [GOC:mah]",17,959,5,20972,0.005213764337851929,0.29411764705882354,query_1,"['GO:0032870', 'GO:0043627']"
GO:BP,GO:0031649,heat generation,0.00684379588227181,True,"""Any homeostatic process in which an organism produces heat, thereby raising its internal temperature."" [GOC:mah]",17,959,5,20972,0.005213764337851929,0.29411764705882354,query_1,['GO:0001659']
GO:BP,GO:0045725,positive regulation of glycogen biosynthetic process,0.00684379588227181,True,"""Any process that activates or increases the frequency, rate or extent of the chemical reactions and pathways resulting in the formation of glycogen."" [GOC:go_curators]",17,959,5,20972,0.005213764337851929,0.29411764705882354,query_1,"['GO:0005978', 'GO:0005979', 'GO:0010557', 'GO:0070875']"
GO:BP,GO:0035358,regulation of peroxisome proliferator activated receptor signaling pathway,0.00684379588227181,True,"""Any process that modulates the frequency, rate or extent of the peroxisome proliferator activated receptor signaling pathway."" [GOC:bf]",17,959,5,20972,0.005213764337851929,0.29411764705882354,query_1,"['GO:0035357', 'GO:1902531']"
GO:BP,GO:1905330,regulation of morphogenesis of an epithelium,0.006925699262388305,True,"""Any process that modulates the frequency, rate or extent of morphogenesis of an epithelium."" [GO_REF:0000058, GOC:bhm, GOC:TermGenie, PMID:25745997]",66,959,10,20972,0.010427528675703858,0.15151515151515152,query_1,"['GO:0002009', 'GO:0022603']"
GO:BP,GO:2000379,positive regulation of reactive oxygen species metabolic process,0.006925699262388305,True,"""Any process that activates or increases the frequency, rate or extent of reactive oxygen species metabolic process."" [GOC:mah]",66,959,10,20972,0.010427528675703858,0.15151515151515152,query_1,"['GO:0009893', 'GO:0072593', 'GO:2000377']"
GO:BP,GO:0042698,ovulation cycle,0.006925699262388305,True,"""The type of sexual cycle seen in females, often with physiologic changes in the endometrium that recur at regular intervals during the reproductive years."" [ISBN:0721662544]",66,959,10,20972,0.010427528675703858,0.15151515151515152,query_1,"['GO:0048511', 'GO:0048609']"
GO:BP,GO:0071675,regulation of mononuclear cell migration,0.006991456720090049,True,"""Any process that modulates the rate, frequency or extent of mononuclear cell migration. Mononuclear cell migration is the movement of a mononuclear cell within or between different tissues and organs of the body."" [GOC:mah]",142,959,16,20972,0.016684045881126174,0.11267605633802817,query_1,"['GO:0002685', 'GO:0071674']"
GO:BP,GO:0019915,lipid storage,0.00702763259891127,True,"""The accumulation and maintenance in cells or tissues of lipids, compounds soluble in organic solvents but insoluble or sparingly soluble in aqueous solvents. Lipid reserves can be accumulated during early developmental stages for mobilization and utilization at later stages of development."" [GOC:dph, GOC:mah, GOC:tb, PMID:11102830]",90,959,12,20972,0.01251303441084463,0.13333333333333333,query_1,['GO:0170062']
GO:BP,GO:0170062,nutrient storage,0.00702763259891127,True,"""The accumulation and maintenance in cells or tissues of a nutrient, a substance that is used by an organism to survive, to grow, and to reproduce; such as proteins, vitamins, and minerals. Nutrient reserves can be accumulated for mobilization and utilization when needed."" [GOC:ew]",90,959,12,20972,0.01251303441084463,0.13333333333333333,query_1,['GO:0009987']
GO:BP,GO:0055088,lipid homeostasis,0.007107384368777137,True,"""Any process involved in the maintenance of an internal steady state of lipid within an organism or cell."" [GOC:BHF, GOC:rl]",170,959,18,20972,0.018769551616266946,0.10588235294117647,query_1,['GO:0048878']
GO:BP,GO:0032989,cellular anatomical entity morphogenesis,0.0072238956498632345,True,"""The process in which a cellular entity is generated and organized. A cellular entity has granularity above the level of a protein complex but below that of an anatomical system."" [GOC:dph, GOC:mah, GOC:tb]",129,959,15,20972,0.01564129301355579,0.11627906976744186,query_1,['GO:0016043']
GO:BP,GO:0010927,cellular component assembly involved in morphogenesis,0.0072238956498632345,True,"""The cellular component assembly that is part of the initial shaping of the component during its developmental progression."" [GOC:dph, GOC:tb]",129,959,15,20972,0.01564129301355579,0.11627906976744186,query_1,"['GO:0022607', 'GO:0032989', 'GO:0048646']"
GO:BP,GO:0051223,regulation of protein transport,0.007327657439590835,True,"""Any process that modulates the frequency, rate or extent of the directed movement of a protein into, out of or within a cell, or between cells, by means of some agent such as a transporter or pore."" [GOC:ai]",433,959,35,20972,0.0364963503649635,0.08083140877598152,query_1,"['GO:0015031', 'GO:0051049', 'GO:0070201']"
GO:BP,GO:0051247,positive regulation of protein metabolic process,0.007327657439590835,True,"""Any process that activates or increases the frequency, rate or extent of the chemical reactions and pathways involving a protein."" [GOC:ai]",863,959,60,20972,0.06256517205422316,0.06952491309385864,query_1,"['GO:0010604', 'GO:0019538', 'GO:0051246']"
GO:BP,GO:0045637,regulation of myeloid cell differentiation,0.0074074654052126085,True,"""Any process that modulates the frequency, rate or extent of myeloid cell differentiation."" [GOC:go_curators]",214,959,21,20972,0.021897810218978103,0.09813084112149532,query_1,"['GO:0030099', 'GO:1903706']"
GO:BP,GO:0050778,positive regulation of immune response,0.007441738796822114,True,"""Any process that activates or increases the frequency, rate or extent of the immune response, the immunological reaction of an organism to an immunogenic stimulus."" [GOC:ai]",775,959,55,20972,0.05735140771637122,0.07096774193548387,query_1,"['GO:0002684', 'GO:0006955', 'GO:0048584', 'GO:0050776']"
GO:BP,GO:1902850,microtubule cytoskeleton organization involved in mitosis,0.007544708947988937,True,"""Any microtubule cytoskeleton organization that is involved in mitosis."" [GO_REF:0000060, GOC:TermGenie, PMID:18799626]",171,959,18,20972,0.018769551616266946,0.10526315789473684,query_1,"['GO:0000226', 'GO:1903047']"
GO:BP,GO:0010948,negative regulation of cell cycle process,0.007544708947988937,True,"""Any process that decreases the rate, frequency or extent of a cellular process that is involved in the progression of biochemical and morphological phases and events that occur in a cell during successive cell replication or nuclear replication events."" [GOC:dph, GOC:tb]",290,959,26,20972,0.027111574556830033,0.0896551724137931,query_1,"['GO:0010564', 'GO:0022402', 'GO:0045786']"
GO:BP,GO:0120031,plasma membrane bounded cell projection assembly,0.007611697762174174,True,"""Formation of a prolongation or process extending and that is bounded by plasma membrane, e.g. a cilium, lamellipodium, or axon."" [GOC:krc]",602,959,45,20972,0.04692387904066736,0.07475083056478406,query_1,"['GO:0030031', 'GO:0120036']"
GO:BP,GO:0071798,response to prostaglandin D,0.007649127662966891,True,"""Any process that results in a change in state or activity of a cell or an organism (in terms of movement, secretion, enzyme production, gene expression, etc.) as a result of a prostagladin D stimulus."" [GOC:sl]",5,959,3,20972,0.0031282586027111575,0.6,query_1,"['GO:0034694', 'GO:0097305', 'GO:1901654']"
GO:BP,GO:0030574,collagen catabolic process,0.007649127662966891,True,"""The proteolytic chemical reactions and pathways resulting in the breakdown of collagen in the extracellular matrix, usually carried out by proteases secreted by nearby cells."" [GOC:mah, ISBN:0815316194]",45,959,8,20972,0.008342022940563087,0.17777777777777778,query_1,"['GO:0009056', 'GO:0032963']"
GO:BP,GO:0060437,lung growth,0.007649127662966891,True,"""The increase in size or mass of a lung. In all air-breathing vertebrates the lungs are developed from the ventral wall of the oesophagus as a pouch which divides into two sacs. In amphibians and many reptiles the lungs retain very nearly this primitive sac-like character, but in the higher forms the connection with the esophagus becomes elongated into the windpipe and the inner walls of the sacs become more and more divided, until, in the mammals, the air spaces become minutely divided into tubes ending in small air cells, in the walls of which the blood circulates in a fine network of capillaries. In mammals the lungs are more or less divided into lobes, and each lung occupies a separate cavity in the thorax."" [GOC:dph]",5,959,3,20972,0.0031282586027111575,0.6,query_1,"['GO:0030324', 'GO:0035265']"
GO:BP,GO:0003176,aortic valve development,0.007649127662966891,True,"""The progression of the aortic valve over time, from its formation to the mature structure."" [GOC:mtg_heart]",45,959,8,20972,0.008342022940563087,0.17777777777777778,query_1,['GO:1905314']
GO:BP,GO:0007223,"Wnt signaling pathway, calcium modulating pathway",0.007649127662966891,True,"""A type of non-canonical Wnt signaling in which Wnt binding to its receptor on the surface of a target cell leads to an increase in intracellular calcium and activation of protein kinase C (PKC)."" [PMID:11532397, PMID:37804416]",5,959,3,20972,0.0031282586027111575,0.6,query_1,['GO:0035567']
GO:BP,GO:0060687,regulation of branching involved in prostate gland morphogenesis,0.007649127662966891,True,"""Any process that modulates the rate, frequency, or extent of prostate gland branching, the process in which the branching structure of the prostate gland is generated and organized. A branch is a division or offshoot from a main stem."" [GOC:dph]",5,959,3,20972,0.0031282586027111575,0.6,query_1,"['GO:0060442', 'GO:0060688', 'GO:1905330', 'GO:2000241']"
GO:BP,GO:0006710,androgen catabolic process,0.007649127662966891,True,"""The chemical reactions and pathways resulting in the breakdown of androgens, C19 steroid hormones that can stimulate the development of male sexual characteristics."" [ISBN:0198506732]",5,959,3,20972,0.0031282586027111575,0.6,query_1,"['GO:0006706', 'GO:0008209', 'GO:0042447']"
GO:BP,GO:0071799,cellular response to prostaglandin D stimulus,0.007649127662966891,True,"""Any process that results in a change in state or activity of a cell (in terms of movement, secretion, enzyme production, gene expression, etc.) as a result of a prostagladin D stimulus."" [GOC:sl]",5,959,3,20972,0.0031282586027111575,0.6,query_1,"['GO:0071379', 'GO:0071798', 'GO:0097306', 'GO:1901655']"
GO:BP,GO:1901992,positive regulation of mitotic cell cycle phase transition,0.007649127662966891,True,"""Any process that activates or increases the frequency, rate or extent of mitotic cell cycle phase transition."" [GOC:mtg_cell_cycle, GOC:TermGenie, PMID:22841721]",91,959,12,20972,0.01251303441084463,0.13186813186813187,query_1,"['GO:0044772', 'GO:0045931', 'GO:1901989', 'GO:1901990']"
GO:BP,GO:0035137,hindlimb morphogenesis,0.007661371737287845,True,"""The process in which the anatomical structures of the hindlimb are generated and organized."" [GOC:go_curators]",35,959,7,20972,0.0072992700729927005,0.2,query_1,['GO:0035108']
GO:BP,GO:0071398,cellular response to fatty acid,0.007661371737287845,True,"""Any process that results in a change in state or activity of a cell (in terms of movement, secretion, enzyme production, gene expression, etc.) as a result of a fatty acid stimulus."" [GOC:mah]",35,959,7,20972,0.0072992700729927005,0.2,query_1,"['GO:0070542', 'GO:0071396', 'GO:1901701']"
GO:BP,GO:0001936,regulation of endothelial cell proliferation,0.007661371737287845,True,"""Any process that modulates the frequency, rate, or extent of endothelial cell proliferation."" [GOC:add]",130,959,15,20972,0.01564129301355579,0.11538461538461539,query_1,"['GO:0001935', 'GO:0050678']"
GO:BP,GO:0006641,triglyceride metabolic process,0.007827275602455457,True,"""The chemical reactions and pathways involving triglyceride, any triester of glycerol. The three fatty acid residues may all be the same or differ in any permutation. Triglycerides are important components of plant oils, animal fats and animal plasma lipoproteins."" [ISBN:0198506732]",104,959,13,20972,0.013555787278415016,0.125,query_1,['GO:0006639']
GO:BP,GO:0000271,polysaccharide biosynthetic process,0.007863613441544872,True,"""The chemical reactions and pathways resulting in the formation of a polysaccharide, a polymer of many (typically more than 10) monosaccharide residues linked glycosidically."" [GOC:go_curators]",56,959,9,20972,0.009384775808133473,0.16071428571428573,query_1,"['GO:0005976', 'GO:0009059', 'GO:0016051']"
GO:BP,GO:0060425,lung morphogenesis,0.007863613441544872,True,"""The process in which the anatomical structures of the lung are generated and organized."" [GOC:dph]",56,959,9,20972,0.009384775808133473,0.16071428571428573,query_1,"['GO:0009887', 'GO:0030324']"
GO:BP,GO:0031347,regulation of defense response,0.007917291973685141,True,"""Any process that modulates the frequency, rate or extent of a defense response."" [GOC:mah]",831,959,58,20972,0.06047966631908238,0.06979542719614922,query_1,"['GO:0006952', 'GO:0080134']"
GO:BP,GO:1903039,positive regulation of leukocyte cell-cell adhesion,0.007951930487109012,True,"""Any process that activates or increases the frequency, rate or extent of leukocyte cell-cell adhesion."" [GO_REF:0000058, GOC:BHF, GOC:rl, GOC:TermGenie, PMID:21106532]",276,959,25,20972,0.026068821689259645,0.09057971014492754,query_1,"['GO:0007159', 'GO:0022409', 'GO:1903037']"
GO:BP,GO:2000209,regulation of anoikis,0.008006017705006292,True,"""Any process that modulates the frequency, rate or extent of anoikis."" [GOC:mah]",26,959,6,20972,0.006256517205422315,0.23076923076923078,query_1,"['GO:0042981', 'GO:0043276']"
GO:BP,GO:0003181,atrioventricular valve morphogenesis,0.008006017705006292,True,"""The process in which the structure of the atrioventricular valve is generated and organized."" [GOC:mtg_heart]",26,959,6,20972,0.006256517205422315,0.23076923076923078,query_1,"['GO:0003171', 'GO:0003179']"
GO:BP,GO:0043931,ossification involved in bone maturation,0.008006017705006292,True,"""The formation of bone or of a bony substance, or the conversion of fibrous tissue or of cartilage into bone, involved in the progression of the skeleton from its formation to its mature state."" [GOC:dph, GOC:mah, GOC:mtg_mpo]",26,959,6,20972,0.006256517205422315,0.23076923076923078,query_1,"['GO:0001503', 'GO:0070977']"
GO:BP,GO:0006639,acylglycerol metabolic process,0.008203603887713214,True,"""The chemical reactions and pathways involving acylglycerol, any mono-, di- or triester of glycerol with (one or more) fatty acids."" [ISBN:0198506732]",131,959,15,20972,0.01564129301355579,0.11450381679389313,query_1,"['GO:0006638', 'GO:0046486']"
GO:BP,GO:0030855,epithelial cell differentiation,0.008410116104314906,True,"""The process in which a relatively unspecialized cell acquires specialized features of an epithelial cell, any of the cells making up an epithelium."" [GOC:ecd, PMID:11839751]",745,959,53,20972,0.05526590198123045,0.07114093959731543,query_1,"['GO:0030154', 'GO:0060429']"
GO:BP,GO:0030193,regulation of blood coagulation,0.008410116104314906,True,"""Any process that modulates the frequency, rate or extent of blood coagulation."" [GOC:mah]",68,959,10,20972,0.010427528675703858,0.14705882352941177,query_1,"['GO:0007596', 'GO:0032101', 'GO:0050818', 'GO:0061041', 'GO:1900046']"
GO:BP,GO:0032649,regulation of type II interferon production,0.008410116104314906,True,"""Any process that modulates the frequency, rate, or extent of interferon-gamma production. Interferon-gamma is also known as type II interferon."" [GOC:add, GOC:mah, PMID:15546383]",118,959,14,20972,0.014598540145985401,0.11864406779661017,query_1,"['GO:0001817', 'GO:0032609']"
GO:BP,GO:0097435,supramolecular fiber organization,0.008410116104314906,True,"""A process that is carried out at the cellular level which results in the assembly, arrangement of constituent parts, or disassembly of a supramolecular fiber, a polymer consisting of an indefinite number of protein or protein complex subunits that have polymerised to form a fiber-shaped structure."" [GOC:pr]",798,959,56,20972,0.058394160583941604,0.07017543859649122,query_1,['GO:0016043']
GO:BP,GO:0007229,integrin-mediated signaling pathway,0.008410116104314906,True,"""The series of molecular signals initiated by an extracellular ligand binding to an integrin on the surface of a target cell, and ending with the regulation of a downstream cellular process, e.g. transcription."" [GOC:mah, GOC:signaling]",118,959,14,20972,0.014598540145985401,0.11864406779661017,query_1,['GO:0007166']
GO:BP,GO:0042116,macrophage activation,0.008430640748738125,True,"""A change in morphology and behavior of a macrophage resulting from exposure to a cytokine, chemokine, cellular ligand, or soluble factor."" [GOC:mgi_curators, ISBN:0781735149, PMID:14506301]",105,959,13,20972,0.013555787278415016,0.12380952380952381,query_1,['GO:0002274']
GO:BP,GO:0060537,muscle tissue development,0.008433722337519812,True,"""The progression of muscle tissue over time, from its initial formation to its mature state. Muscle tissue is a contractile tissue made up of actin and myosin fibers."" [GOC:dph]",421,959,34,20972,0.035453597497393116,0.08076009501187649,query_1,['GO:0009888']
GO:BP,GO:0042594,response to starvation,0.008521137649181656,True,"""Any process that results in a change in state or activity of a cell or an organism (in terms of movement, secretion, enzyme production, gene expression, etc.) as a result of a starvation stimulus, deprivation of nourishment."" [GOC:go_curators]",217,959,21,20972,0.021897810218978103,0.0967741935483871,query_1,"['GO:0006950', 'GO:0031667']"
GO:BP,GO:0003128,heart field specification,0.008629032910215448,True,"""The process that results in the delineation of a specific region of the lateral mesoderm into the area in which the heart will develop."" [GOC:mtg_heart]",18,959,5,20972,0.005213764337851929,0.2777777777777778,query_1,"['GO:0010092', 'GO:0060914']"
GO:BP,GO:0050798,activated T cell proliferation,0.008629032910215448,True,"""The expansion of a T cell population following activation by an antigenic stimulus."" [GOC:add, GOC:dph]",46,959,8,20972,0.008342022940563087,0.17391304347826086,query_1,['GO:0042098']
GO:BP,GO:1905521,regulation of macrophage migration,0.008629032910215448,True,"""Any process that modulates the frequency, rate or extent of macrophage migration."" [GO_REF:0000058, GOC:TermGenie, PMID:25749876]",46,959,8,20972,0.008342022940563087,0.17391304347826086,query_1,"['GO:0071675', 'GO:1905517']"
GO:BP,GO:0002460,adaptive immune response based on somatic recombination of immune receptors built from immunoglobulin superfamily domains,0.008629032910215448,True,"""An immune response mediated by lymphocytes expressing specific receptors for antigen produced through a somatic diversification process that includes somatic recombination of germline gene segments encoding immunoglobulin superfamily domains. Recombined receptors for antigen encoded by immunoglobulin superfamily domains include T cell receptors and immunoglobulins (antibodies) produced by B cells. The first encounter with antigen elicits a primary immune response that is slow and not of great magnitude. T and B cells selected by antigen become activated and undergo clonal expansion. A fraction of antigen-reactive T and B cells become memory cells, whereas others differentiate into effector cells. The memory cells generated during the primary response enable a much faster and stronger secondary immune response upon subsequent exposures to the same antigen (immunological memory). An example of this is the adaptive immune response found in Mus musculus."" [GOC:add, GOC:mtg_sensu, ISBN:0781735149, ISBN:1405196831]",389,959,32,20972,0.03336809176225235,0.08226221079691516,query_1,['GO:0002250']
GO:BP,GO:0016051,carbohydrate biosynthetic process,0.008642912215867809,True,"""The chemical reactions and pathways resulting in the formation of carbohydrates, any of a group of organic compounds based of the general formula Cx(H2O)y."" [ISBN:0198506732]",188,959,19,20972,0.01981230448383733,0.10106382978723404,query_1,"['GO:0005975', 'GO:0009058']"
GO:BP,GO:0006638,neutral lipid metabolic process,0.008732877601656034,True,"""The chemical reactions and pathways involving neutral lipids, lipids only soluble in solvents of very low polarity."" [ISBN:0198547684]",132,959,15,20972,0.01564129301355579,0.11363636363636363,query_1,['GO:0006629']
GO:BP,GO:1903530,regulation of secretion by cell,0.008734511189515733,True,"""Any process that modulates the frequency, rate or extent of secretion by cell."" [GO_REF:0000058, GOC:pm, GOC:TermGenie, PMID:12130530]",556,959,42,20972,0.043795620437956206,0.07553956834532374,query_1,"['GO:0032940', 'GO:0050794', 'GO:0051046']"
GO:BP,GO:0006812,monoatomic cation transport,0.008745656318025045,True,"""The directed movement of a monoatomic cation, into, out of or within a cell, or between cells, by means of some agent such as a transporter or pore. Monatomic cations (also called simple cations) are positively charged ions consisting of exactly one atom."" [GOC:ai]",1052,959,70,20972,0.072992700729927,0.06653992395437262,query_1,['GO:0006811']
GO:BP,GO:0032814,regulation of natural killer cell activation,0.008862731664997976,True,"""Any process that modulates the frequency, rate or extent of natural killer cell activation."" [GOC:mah]",36,959,7,20972,0.0072992700729927005,0.19444444444444445,query_1,"['GO:0030101', 'GO:0051249']"
GO:BP,GO:1902003,regulation of amyloid-beta formation,0.008862731664997976,True,"""Any process that modulates the frequency, rate or extent of amyloid-beta formation."" [GOC:dph, GOC:TermGenie, PMID:17098871]",36,959,7,20972,0.0072992700729927005,0.19444444444444445,query_1,"['GO:0034205', 'GO:1902991']"
GO:BP,GO:0051222,positive regulation of protein transport,0.008877580546834645,True,"""Any process that activates or increases the frequency, rate or extent of the directed movement of a protein into, out of or within a cell, or between cells, by means of some agent such as a transporter or pore."" [GOC:ai]",248,959,23,20972,0.023983315954118872,0.09274193548387097,query_1,"['GO:0015031', 'GO:0051050', 'GO:0051223', 'GO:1903829', 'GO:1904951']"
GO:BP,GO:0030177,positive regulation of Wnt signaling pathway,0.008877580546834645,True,"""Any process that activates or increases the frequency, rate or extent of Wnt signal transduction."" [GOC:dph, GOC:go_curators, GOC:tb]",146,959,16,20972,0.016684045881126174,0.1095890410958904,query_1,"['GO:0009967', 'GO:0016055', 'GO:0030111']"
GO:BP,GO:0032609,type II interferon production,0.0089505681651668,True,"""The appearance of interferon-gamma due to biosynthesis or secretion following a cellular stimulus, resulting in an increase in its intracellular or extracellular levels. Interferon-gamma is also known as type II interferon."" [GOC:add, GOC:mah, PMID:15546383]",119,959,14,20972,0.014598540145985401,0.11764705882352941,query_1,['GO:0001816']
GO:BP,GO:0006690,icosanoid metabolic process,0.0089505681651668,True,"""The chemical reactions and pathways involving icosanoids, any of a group of C20 polyunsaturated fatty acids."" [GOC:ma]",119,959,14,20972,0.014598540145985401,0.11764705882352941,query_1,['GO:0019752']
GO:BP,GO:0019222,regulation of metabolic process,0.008970365816205292,True,"""Any process that modulates the frequency, rate or extent of the chemical reactions and pathways within a cell or an organism."" [GOC:go_curators]",6900,959,360,20972,0.3753910323253389,0.05217391304347826,query_1,"['GO:0008152', 'GO:0050794']"
GO:BP,GO:0097011,cellular response to granulocyte macrophage colony-stimulating factor stimulus,0.009021986388884814,True,"""Any process that results in a change in state or activity of a cell (in terms of movement, secretion, enzyme production, gene expression, etc.) as a result of a granulocyte macrophage colony-stimulating factor stimulus."" [GOC:BHF, GOC:ebc, PMID:7901744]",11,959,4,20972,0.004171011470281543,0.36363636363636365,query_1,"['GO:0071345', 'GO:0097012']"
GO:BP,GO:0010612,regulation of cardiac muscle adaptation,0.009021986388884814,True,"""Any process that modulates the rate, extent or frequency of the process in which cardiac muscle adapts, with consequent modifications to structural and/or functional phenotypes, in response to a stimulus. Stimuli include contractile activity, loading conditions, substrate supply, and environmental factors."" [GOC:dph, GOC:tb]",11,959,4,20972,0.004171011470281543,0.36363636363636365,query_1,"['GO:0014887', 'GO:0043502']"
GO:BP,GO:0090100,positive regulation of transmembrane receptor protein serine/threonine kinase signaling pathway,0.009021986388884814,True,"""Any process that increases the rate, frequency, or extent of the series of molecular signals generated as a consequence of a transmembrane receptor serine/threonine kinase binding to its physiological ligand."" [GOC:dph, GOC:tb]",106,959,13,20972,0.013555787278415016,0.12264150943396226,query_1,"['GO:0007178', 'GO:0009967', 'GO:0090092']"
GO:BP,GO:0097012,response to granulocyte macrophage colony-stimulating factor,0.009021986388884814,True,"""Any process that results in a change in state or activity of a cell or an organism (in terms of movement, secretion, enzyme production, gene expression, etc.) as a result of a granulocyte macrophage colony-stimulating factor stimulus."" [GOC:pr]",11,959,4,20972,0.004171011470281543,0.36363636363636365,query_1,['GO:0034097']
GO:BP,GO:0072110,glomerular mesangial cell proliferation,0.009021986388884814,True,"""The multiplication or reproduction of glomerular mesangial cells, resulting in the expansion of the population."" [GOC:mtg_kidney_jan10]",11,959,4,20972,0.004171011470281543,0.36363636363636365,query_1,"['GO:0072109', 'GO:0072111']"
GO:BP,GO:0060439,trachea morphogenesis,0.009021986388884814,True,"""The process in which a trachea is generated and organized. The trachea is the portion of the airway that attaches to the bronchi as it branches."" [GOC:dph]",11,959,4,20972,0.004171011470281543,0.36363636363636365,query_1,"['GO:0009887', 'GO:0060438']"
GO:BP,GO:2000739,regulation of mesenchymal stem cell differentiation,0.009021986388884814,True,"""Any process that modulates the frequency, rate or extent of mesenchymal stem cell differentiation."" [GOC:obol]",11,959,4,20972,0.004171011470281543,0.36363636363636365,query_1,"['GO:0072497', 'GO:2000736']"
GO:BP,GO:2000833,positive regulation of steroid hormone secretion,0.009021986388884814,True,"""Any process that activates or increases the frequency, rate or extent of steroid hormone secretion."" [GOC:sl]",11,959,4,20972,0.004171011470281543,0.36363636363636365,query_1,"['GO:0032370', 'GO:0035929', 'GO:0046887', 'GO:0051240', 'GO:2000831']"
GO:BP,GO:0001865,NK T cell differentiation,0.009021986388884814,True,"""The process in which a precursor cell type acquires the specialized features of a NK T cell."" [GOC:add, ISBN:0781735149, PMID:10704459]",11,959,4,20972,0.004171011470281543,0.36363636363636365,query_1,['GO:0046632']
GO:BP,GO:1903242,regulation of cardiac muscle hypertrophy in response to stress,0.009021986388884814,True,"""Any process that modulates the frequency, rate or extent of cardiac muscle hypertrophy in response to stress."" [GO_REF:0000058, GOC:BHF, GOC:rl, GOC:TermGenie, PMID:19287093]",11,959,4,20972,0.004171011470281543,0.36363636363636365,query_1,"['GO:0010611', 'GO:0010612', 'GO:0014898', 'GO:0080134']"
GO:BP,GO:0070278,extracellular matrix constituent secretion,0.009021986388884814,True,"""The controlled release of molecules that form the extracellular matrix, including carbohydrates and glycoproteins by a cell."" [GOC:mah]",11,959,4,20972,0.004171011470281543,0.36363636363636365,query_1,"['GO:0030198', 'GO:0032940']"
GO:BP,GO:0060736,prostate gland growth,0.009021986388884814,True,"""The increase in size or mass of the prostate gland where the increase in size or mass has the specific outcome of the progression of the gland, from its formation to its mature state."" [GOC:dph]",11,959,4,20972,0.004171011470281543,0.36363636363636365,query_1,"['GO:0003006', 'GO:0030850', 'GO:0035265']"
GO:BP,GO:0070374,positive regulation of ERK1 and ERK2 cascade,0.009021986388884814,True,"""Any process that activates or increases the frequency, rate or extent of signal transduction mediated by the ERK1 and ERK2 cascade."" [GOC:mah]",189,959,19,20972,0.01981230448383733,0.10052910052910052,query_1,"['GO:0043410', 'GO:0070371', 'GO:0070372']"
GO:BP,GO:0003300,cardiac muscle hypertrophy,0.009075084518490905,True,"""The enlargement or overgrowth of all or part of the heart muscle due to an increase in size of cardiac muscle cells without cell division."" [GOC:mtg_heart]",81,959,11,20972,0.011470281543274244,0.13580246913580246,query_1,['GO:0014897']
GO:BP,GO:0007193,adenylate cyclase-inhibiting G protein-coupled receptor signaling pathway,0.009075084518490905,True,"""A G protein-coupled receptor signaling pathway in which the signal is transmitted via the inhibition of adenylyl cyclase activity and a subsequent decrease in the intracellular concentration of cyclic AMP (cAMP)."" [GOC:dph, GOC:mah, GOC:signaling, GOC:tb, ISBN:0815316194]",81,959,11,20972,0.011470281543274244,0.13580246913580246,query_1,['GO:0007188']
GO:BP,GO:0045069,regulation of viral genome replication,0.009075084518490905,True,"""Any process that modulates the frequency, rate or extent of viral genome replication."" [GOC:ai]",81,959,11,20972,0.011470281543274244,0.13580246913580246,query_1,"['GO:0019079', 'GO:1903900']"
GO:BP,GO:0009100,glycoprotein metabolic process,0.009226809551275158,True,"""The chemical reactions and pathways involving glycoproteins, a protein that contains covalently bound glycose (i.e. monosaccharide) residues; the glycose occurs most commonly as oligosaccharide or fairly small polysaccharide but occasionally as monosaccharide."" [GOC:go_curators, ISBN:0198506732]",327,959,28,20972,0.029197080291970802,0.0856269113149847,query_1,"['GO:0019538', 'GO:1901135']"
GO:BP,GO:0019722,calcium-mediated signaling,0.009228468913147412,True,"""Any intracellular signal transduction in which the signal is passed on within the cell via calcium ions."" [GOC:signaling]",234,959,22,20972,0.022940563086548488,0.09401709401709402,query_1,['GO:0141124']
REAC,REAC:R-HSA-1630316,Glycosaminoglycan metabolism,0.009363891472318102,True,Glycosaminoglycan metabolism,125,648,19,11056,0.029320987654320986,0.152,query_1,['REAC:R-HSA-71387']
GO:BP,GO:0035357,peroxisome proliferator activated receptor signaling pathway,0.009423329591836735,True,"""A nuclear receptor-mediated signaling pathway initiated by a ligand binding to an intracellular peroxisome proliferator activated receptor (alpha, beta or gamma) of the nuclear receptor protein family, and ending with regulation of a downstream cellular process, e.g. transcription."" [PMID:18221086]",27,959,6,20972,0.006256517205422315,0.2222222222222222,query_1,['GO:0141193']
GO:BP,GO:0043032,positive regulation of macrophage activation,0.009423329591836735,True,"""Any process that stimulates, induces or increases the rate of macrophage activation."" [GOC:jl]",27,959,6,20972,0.006256517205422315,0.2222222222222222,query_1,"['GO:0002696', 'GO:0042116', 'GO:0043030']"
GO:BP,GO:0055001,muscle cell development,0.009471737843466636,True,"""The process whose specific outcome is the progression of a muscle cell over time, from its formation to the mature structure. Muscle cell development does not include the steps involved in committing an unspecified cell to the muscle cell fate."" [CL:0000187, GOC:devbiol]",190,959,19,20972,0.01981230448383733,0.1,query_1,"['GO:0042692', 'GO:0048468']"
GO:BP,GO:0002690,positive regulation of leukocyte chemotaxis,0.009493061599561644,True,"""Any process that activates or increases the frequency, rate, or extent of leukocyte chemotaxis."" [GOC:add]",94,959,12,20972,0.01251303441084463,0.1276595744680851,query_1,"['GO:0002687', 'GO:0002688', 'GO:0030595', 'GO:0050921']"
GO:BP,GO:1903035,negative regulation of response to wounding,0.009493061599561644,True,"""Any process that stops, prevents or reduces the frequency, rate or extent of response to wounding."" [GO_REF:0000058, GOC:kmv, GOC:TermGenie, PMID:19164535]",94,959,12,20972,0.01251303441084463,0.1276595744680851,query_1,"['GO:0009611', 'GO:0048585', 'GO:1903034']"
GO:BP,GO:0019217,regulation of fatty acid metabolic process,0.009493061599561644,True,"""Any process that modulates the frequency, rate or extent of the chemical reactions and pathways involving fatty acids."" [GOC:go_curators]",94,959,12,20972,0.01251303441084463,0.1276595744680851,query_1,"['GO:0006631', 'GO:0010565', 'GO:0019216', 'GO:0062012']"
GO:BP,GO:0051047,positive regulation of secretion,0.009510551722775625,True,"""Any process that activates or increases the frequency, rate or extent of the controlled release of a substance from a cell or a tissue."" [GOC:ai]",312,959,27,20972,0.028154327424400417,0.08653846153846154,query_1,"['GO:0046903', 'GO:0051046', 'GO:0051050']"
GO:BP,GO:0030890,positive regulation of B cell proliferation,0.009559586882340421,True,"""Any process that activates or increases the rate or extent of B cell proliferation."" [GOC:mah]",47,959,8,20972,0.008342022940563087,0.1702127659574468,query_1,"['GO:0030888', 'GO:0042100', 'GO:0050671', 'GO:0050871']"
GO:BP,GO:0043149,stress fiber assembly,0.009559586882340421,True,"""The aggregation, arrangement and bonding together of a set of components to form a stress fiber. A stress fiber is a contractile actin filament bundle that consists of short actin filaments with alternating polarity."" [GOC:go_curators, GOC:mah, PMID:16651381]",107,959,13,20972,0.013555787278415016,0.12149532710280374,query_1,"['GO:0030038', 'GO:0031032']"
GO:BP,GO:0030038,contractile actin filament bundle assembly,0.009559586882340421,True,"""Assembly of actin filament bundles in which the filaments are loosely packed (approximately 30-60 nm apart) and arranged with opposing polarities; the loose packing allows myosin (usually myosin-II) to enter the bundle."" [GOC:mah, ISBN:0815316194]",107,959,13,20972,0.013555787278415016,0.12149532710280374,query_1,['GO:0051017']
GO:BP,GO:0072132,mesenchyme morphogenesis,0.009559586882340421,True,"""The process in which the anatomical structures of a mesenchymal tissue are generated and organized. A mesenchymal tissue is made up of loosely packed stellate cells."" [GOC:mtg_kidney_jan10]",58,959,9,20972,0.009384775808133473,0.15517241379310345,query_1,"['GO:0009887', 'GO:0048729', 'GO:0060485']"
GO:BP,GO:0007565,female pregnancy,0.009669639663610908,True,"""The set of physiological processes that allow an embryo or foetus to develop within the body of a female animal. It covers the time from fertilization of a female ovum by a male spermatozoon until birth."" [ISBN:0192800825]",176,959,18,20972,0.018769551616266946,0.10227272727272728,query_1,"['GO:0044703', 'GO:0044706']"
GO:BP,GO:0048565,digestive tract development,0.00974735394461002,True,"""The process whose specific outcome is the progression of the digestive tract over time, from its formation to the mature structure. The digestive tract is the anatomical structure through which food passes and is processed."" [GOC:go_curators]",134,959,15,20972,0.01564129301355579,0.11194029850746269,query_1,"['GO:0035295', 'GO:0055123']"
GO:BP,GO:0055002,striated muscle cell development,0.009809220311078785,True,"""The process whose specific outcome is the progression of a striated muscle cell over time, from its formation to the mature structure. Striated muscle cells contain fibers that are divided by transverse bands into striations, and cardiac and skeletal muscle are types of striated muscle."" [CL:0000737, GOC:devbiol]",162,959,17,20972,0.017726798748696558,0.10493827160493827,query_1,"['GO:0051146', 'GO:0055001']"
GO:BP,GO:0032880,regulation of protein localization,0.009809220311078785,True,"""Any process that modulates the frequency, rate or extent of any process in which a protein is transported to, or maintained in, a specific location."" [GOC:dph, GOC:mah, GOC:tb]",859,959,59,20972,0.061522419186652764,0.06868451688009314,query_1,"['GO:0008104', 'GO:0032879']"
GO:BP,GO:0016032,viral process,0.009809220311078785,True,"""A multi-organism process in which a virus is a participant. The other participant is the host. Includes infection of a host cell, replication of the viral genome, and assembly of progeny virus particles. In some cases the viral genetic material may integrate into the host genome and only subsequently, under particular circumstances, 'complete' its life cycle."" [GOC:bf, GOC:jl, GOC:mah]",377,959,31,20972,0.03232533889468196,0.08222811671087533,query_1,['GO:0008150']
GO:BP,GO:0007186,G protein-coupled receptor signaling pathway,0.009809220311078785,True,"""The series of molecular signals initiated by a ligand binding to its receptor, in which the activated receptor promotes the exchange of GDP for GTP on the alpha-subunit of an associated heterotrimeric G-protein complex. The GTP-bound activated alpha-G-protein then dissociates from the beta- and gamma-subunits to further transmit the signal within the cell. The pathway begins with receptor-ligand interaction, and ends with regulation of a downstream cellular process. The pathway can start from the plasma membrane, Golgi or nuclear membrane."" [GOC:bf, GOC:mah, PMID:16902576, PMID:24568158, Wikipedia:G_protein-coupled_receptor]",1299,959,83,20972,0.08654848800834203,0.06389530408006158,query_1,['GO:0007165']
GO:BP,GO:0010976,positive regulation of neuron projection development,0.009833324813479503,True,"""Any process that increases the rate, frequency or extent of neuron projection development. Neuron projection development is the process whose specific outcome is the progression of a neuron projection over time, from its formation to the mature structure. A neuron projection is any process extending from a neural cell, such as axons or dendrites (collectively called neurites)."" [GOC:dph, GOC:tb]",148,959,16,20972,0.016684045881126174,0.10810810810810811,query_1,"['GO:0010975', 'GO:0031175', 'GO:0031346']"
GO:BP,GO:0051881,regulation of mitochondrial membrane potential,0.009924144993320406,True,"""Any process that modulates the establishment or extent of the mitochondrial membrane potential, the electric potential existing across the mitochondrial membrane arising from charges in the membrane itself and from the charges present in the media on either side of the membrane."" [GOC:ai]",70,959,10,20972,0.010427528675703858,0.14285714285714285,query_1,['GO:0042391']
GO:BP,GO:0060415,muscle tissue morphogenesis,0.009924144993320406,True,"""The process in which the anatomical structures of muscle tissue are generated and organized. Muscle tissue consists of a set of cells that are part of an organ and carry out a contractive function."" [GOC:dph]",70,959,10,20972,0.010427528675703858,0.14285714285714285,query_1,"['GO:0048644', 'GO:0048729']"
GO:BP,GO:0045923,positive regulation of fatty acid metabolic process,0.009967911128131987,True,"""Any process that activates or increases the frequency, rate or extent of the chemical reactions and pathways involving fatty acids."" [GOC:go_curators]",37,959,7,20972,0.0072992700729927005,0.1891891891891892,query_1,"['GO:0006631', 'GO:0019217', 'GO:0045834', 'GO:0062013']"
GO:BP,GO:0030001,metal ion transport,0.009967911128131987,True,"""The directed movement of metal ions, any metal ion with an electric charge, into, out of or within a cell, or between cells, by means of some agent such as a transporter or pore."" [GOC:ai]",860,959,59,20972,0.061522419186652764,0.0686046511627907,query_1,['GO:0006812']
GO:BP,GO:0010573,vascular endothelial growth factor production,0.009967911128131987,True,"""The appearance of vascular endothelial growth factor production due to biosynthesis or secretion following a cellular stimulus, resulting in an increase in its intracellular or extracellular levels."" [GOC:rl]",37,959,7,20972,0.0072992700729927005,0.1891891891891892,query_1,['GO:0001816']
GO:BP,GO:0070873,regulation of glycogen metabolic process,0.009967911128131987,True,"""Any process that modulates the frequency, rate or extent of the chemical reactions and pathways involving glycogen."" [GOC:mah]",37,959,7,20972,0.0072992700729927005,0.1891891891891892,query_1,"['GO:0005977', 'GO:0032881', 'GO:0043467']"
GO:BP,GO:0006996,organelle organization,0.009967911128131987,True,"""A process that is carried out at the cellular level which results in the assembly, arrangement of constituent parts, or disassembly of an organelle within a cell. An organelle is an organized structure of distinctive morphology and function. Includes the nucleus, mitochondria, plastids, vacuoles, vesicles, ribosomes and the cytoskeleton. Excludes the plasma membrane."" [GOC:mah]",3573,959,199,20972,0.20750782064650677,0.055695493982647636,query_1,['GO:0016043']
GO:BP,GO:1904951,positive regulation of establishment of protein localization,0.009967911128131987,True,"""Any process that activates or increases the frequency, rate or extent of establishment of protein localization."" [GO_REF:0000058, GOC:TermGenie, PMID:22761445]",282,959,25,20972,0.026068821689259645,0.08865248226950355,query_1,"['GO:0045184', 'GO:0048518', 'GO:0070201']"
GO:BP,GO:0043583,ear development,0.010009189021709518,True,"""The process whose specific outcome is the progression of the ear over time, from its formation to the mature structure. The ear is the sense organ in vertebrates that is specialized for the detection of sound, and the maintenance of balance. Includes the outer ear and middle ear, which collect and transmit sound waves; and the inner ear, which contains the organs of balance and (except in fish) hearing. Also includes the pinna, the visible part of the outer ear, present in some mammals."" [GOC:jl, ISBN:0192801023]",236,959,22,20972,0.022940563086548488,0.09322033898305085,query_1,['GO:0007423']
GO:BP,GO:0071216,cellular response to biotic stimulus,0.010412978036482324,True,"""Any process that results in a change in state or activity of a cell (in terms of movement, secretion, enzyme production, gene expression, etc.) as a result of a biotic stimulus, a stimulus caused or produced by a living organism."" [GOC:mah]",252,959,23,20972,0.023983315954118872,0.09126984126984126,query_1,"['GO:0009607', 'GO:0051716']"
GO:BP,GO:0002693,positive regulation of cellular extravasation,0.01054092328695961,True,"""Any process that activates or increases the frequency, rate, or extent of cellular extravasation."" [GOC:add]",19,959,5,20972,0.005213764337851929,0.2631578947368421,query_1,"['GO:0002687', 'GO:0002691', 'GO:0045123']"
GO:BP,GO:0006857,oligopeptide transport,0.01054092328695961,True,"""The directed movement of oligopeptides into, out of or within a cell, or between cells, by means of some agent such as a transporter or pore. Oligopeptides are molecules that contain a small number (2 to 20) of amino-acid residues connected by peptide linkages."" [ISBN:0198506732]",19,959,5,20972,0.005213764337851929,0.2631578947368421,query_1,"['GO:0015833', 'GO:0071705']"
GO:BP,GO:0055003,cardiac myofibril assembly,0.01054092328695961,True,"""The process whose specific outcome is the progression of the cardiac myofibril over time, from its formation to the mature structure. A cardiac myofibril is a myofibril specific to cardiac muscle cells."" [GOC:devbiol]",19,959,5,20972,0.005213764337851929,0.2631578947368421,query_1,"['GO:0030239', 'GO:0055013']"
GO:BP,GO:0060612,adipose tissue development,0.010578514092171726,True,"""The process whose specific outcome is the progression of adipose tissue over time, from its formation to the mature structure. Adipose tissue is specialized tissue that is used to store fat."" [GOC:dph]",59,959,9,20972,0.009384775808133473,0.15254237288135594,query_1,"['GO:0048513', 'GO:0061448']"
GO:BP,GO:0046460,neutral lipid biosynthetic process,0.01073624870505287,True,"""The chemical reactions and pathways resulting in the formation of neutral lipids, lipids only soluble in solvents of very low polarity."" [GOC:ai]",48,959,8,20972,0.008342022940563087,0.16666666666666666,query_1,"['GO:0006638', 'GO:0008610']"
GO:BP,GO:0140353,lipid export from cell,0.01073624870505287,True,"""The directed movement of a lipid from a cell, into the extracellular region."" [GOC:pg]",48,959,8,20972,0.008342022940563087,0.16666666666666666,query_1,"['GO:0006869', 'GO:0140352']"
GO:BP,GO:0046463,acylglycerol biosynthetic process,0.01073624870505287,True,"""The chemical reactions and pathways resulting in the formation of acylglycerol, any mono-, di- or triester of glycerol with (one or more) fatty acids."" [GOC:ai]",48,959,8,20972,0.008342022940563087,0.16666666666666666,query_1,"['GO:0006639', 'GO:0045017', 'GO:0046460']"
GO:BP,GO:0010811,positive regulation of cell-substrate adhesion,0.010750587408414409,True,"""Any process that increases the frequency, rate or extent of cell-substrate adhesion. Cell-substrate adhesion is the attachment of a cell to the underlying substrate via adhesion molecules."" [GOC:dph, GOC:pf, GOC:tb]",122,959,14,20972,0.014598540145985401,0.11475409836065574,query_1,"['GO:0010810', 'GO:0031589', 'GO:0045785']"
GO:BP,GO:0002706,regulation of lymphocyte mediated immunity,0.010985627428096754,True,"""Any process that modulates the frequency, rate, or extent of lymphocyte mediated immunity."" [GOC:add]",193,959,19,20972,0.01981230448383733,0.09844559585492228,query_1,"['GO:0002449', 'GO:0002703']"
GO:BP,GO:0019751,polyol metabolic process,0.011027784527941209,True,"""The chemical reactions and pathways involving a polyol, any alcohol containing three or more hydroxyl groups attached to saturated carbon atoms."" [PMID:30240188]",109,959,13,20972,0.013555787278415016,0.11926605504587157,query_1,['GO:0006066']
GO:BP,GO:0060384,innervation,0.011074670079331168,True,"""The process in which a nerve invades a tissue and makes functional synaptic connection within the tissue."" [GOC:dph, GOC:sart]",28,959,6,20972,0.006256517205422315,0.21428571428571427,query_1,"['GO:0021675', 'GO:0032501']"
GO:BP,GO:0072010,glomerular epithelium development,0.011074670079331168,True,"""The process whose specific outcome is the progression of the glomerular epithelium over time, from its formation to the mature structure. The glomerular epithelium is an epithelial tissue that covers the outer surfaces of the glomerulus. The glomerular epithelium consists of both parietal and visceral epithelium. Metanephric glomerular parietal epithelial cells are specialized epithelial cells that form tight junctions as a barrier to protein transport. A metanephric glomerular visceral epithelial cell is a specialized epithelial cell that contains 'feet' that interdigitate with the 'feet' of other glomerular epithelial cells in the metanephros."" [GOC:mtg_kidney_jan10]",28,959,6,20972,0.006256517205422315,0.21428571428571427,query_1,"['GO:0032835', 'GO:0072009']"
GO:BP,GO:0010720,positive regulation of cell development,0.011108747779926483,True,"""Any process that increases the rate, frequency or extent of the progression of the cell over time, from its formation to the mature structure. Cell development does not include the steps involved in committing a cell to a specific fate."" [GOC:BHF, GOC:dph, GOC:tb]",430,959,34,20972,0.035453597497393116,0.07906976744186046,query_1,"['GO:0045597', 'GO:0048468', 'GO:0060284']"
GO:BP,GO:0051493,regulation of cytoskeleton organization,0.011111638665109948,True,"""Any process that modulates the frequency, rate or extent of the formation, arrangement of constituent parts, or disassembly of cytoskeletal structures."" [GOC:ai]",531,959,40,20972,0.04171011470281543,0.07532956685499058,query_1,"['GO:0007010', 'GO:0033043']"
GO:BP,GO:0090066,regulation of anatomical structure size,0.011483591627981795,True,"""Any process that modulates the size of an anatomical structure."" [GOC:dph, GOC:tb]",498,959,38,20972,0.03962460896767466,0.07630522088353414,query_1,['GO:0065008']
GO:BP,GO:0010742,macrophage derived foam cell differentiation,0.011485610631294038,True,"""The process in which a monocyte acquires the specialized features of a foam cell. A foam cell is a type of cell containing lipids in small vacuoles and typically seen in atherosclerotic lesions, as well as other conditions."" [GOC:add, GOC:dph, GOC:tb]",38,959,7,20972,0.0072992700729927005,0.18421052631578946,query_1,['GO:0090077']
GO:BP,GO:0008207,C21-steroid hormone metabolic process,0.011485610631294038,True,"""The chemical reactions and pathways involving C21-steroid hormones, steroid compounds containing 21 carbons which function as hormones."" [GOC:ai]",38,959,7,20972,0.0072992700729927005,0.18421052631578946,query_1,"['GO:0008202', 'GO:0042445']"
GO:BP,GO:0090077,foam cell differentiation,0.011485610631294038,True,"""The process in which a relatively unspecialized cell acquires the specialized features of a foam cell. A foam cell is a type of cell containing lipids in small vacuoles and typically seen in atherosclerotic lesions, as well as other conditions."" [GOC:add, GOC:BHF, GOC:dph, GOC:tb]",38,959,7,20972,0.0072992700729927005,0.18421052631578946,query_1,['GO:0030154']
GO:BP,GO:0007254,JNK cascade,0.011548712896482745,True,"""A MAPK cascade containing at least the JNK (MAPK8) MAP kinase. It starts with the activation of JUN3K (a MAPK3K), which activates JNKK a MAP2K), which in turn activates JNK. The cascade can also contain an additional tier: the upstream MAP4K. The kinases in each tier phosphorylate and activate the kinases in the downstream tier. The JNK cascade is activated by stress signals, as well as by G protein-coupled receptors, growth factors, and cytokines, and results in cellular responses such as cell proliferation, cell differentiation, apoptosis and inflammation."" [PMID:11790549, PMID:20811974, PMID:23125017]",194,959,19,20972,0.01981230448383733,0.0979381443298969,query_1,['GO:0000165']
GO:BP,GO:0032637,interleukin-8 production,0.011606701449122896,True,"""The appearance of interleukin-8 due to biosynthesis or secretion following a cellular stimulus, resulting in an increase in its intracellular or extracellular levels."" [GOC:mah]",84,959,11,20972,0.011470281543274244,0.13095238095238096,query_1,['GO:0001816']
GO:BP,GO:0014897,striated muscle hypertrophy,0.011606701449122896,True,"""The enlargement or overgrowth of all or part of an organ due to an increase in size of muscle cells without cell division. In the case of striated muscle, this happens due to the additional synthesis of sarcomeric proteins and assembly of myofibrils."" [GOC:mtg_muscle]",84,959,11,20972,0.011470281543274244,0.13095238095238096,query_1,['GO:0014896']
GO:BP,GO:0032677,regulation of interleukin-8 production,0.011606701449122896,True,"""Any process that modulates the frequency, rate, or extent of interleukin-8 production."" [GOC:mah]",84,959,11,20972,0.011470281543274244,0.13095238095238096,query_1,"['GO:0001817', 'GO:0032637']"
GO:BP,GO:0051099,positive regulation of binding,0.011606701449122896,True,"""Any process that activates or increases the rate or extent of binding, the selective interaction of a molecule with one or more specific sites on another molecule."" [GOC:ai]",84,959,11,20972,0.011470281543274244,0.13095238095238096,query_1,"['GO:0044093', 'GO:0051098']"
GO:BP,GO:0030048,actin filament-based movement,0.011704288942575782,True,"""Movement of organelles or other particles along actin filaments, or sliding of actin filaments past each other, mediated by motor proteins."" [GOC:BHF, GOC:mah]",137,959,15,20972,0.01564129301355579,0.10948905109489052,query_1,['GO:0030029']
REAC,REAC:R-HSA-2022090,Assembly of collagen fibrils and other multimeric structures,0.011860298723781677,True,Assembly of collagen fibrils and other multimeric structures,60,648,12,11056,0.018518518518518517,0.2,query_1,['REAC:R-HSA-1474290']
GO:BP,GO:0051056,regulation of small GTPase mediated signal transduction,0.011900257456060413,True,"""Any process that modulates the frequency, rate or extent of small GTPase mediated signal transduction."" [GOC:go_curators]",302,959,26,20972,0.027111574556830033,0.08609271523178808,query_1,"['GO:0007264', 'GO:1902531']"
GO:BP,GO:1905314,semi-lunar valve development,0.01208315226765502,True,"""The process whose specific outcome is the progression of a semi-lunar valve over time, from its formation to the mature structure."" [GO_REF:0000094, GOC:BHF, GOC:rl, GOC:TermGenie, PMID:19409885]",49,959,8,20972,0.008342022940563087,0.16326530612244897,query_1,['GO:0003170']
GO:BP,GO:1903490,positive regulation of mitotic cytokinesis,0.012131953638747023,True,"""Any process that activates or increases the frequency, rate or extent of mitotic cytokinesis."" [GO_REF:0000058, GOC:TermGenie, PMID:24920823]",12,959,4,20972,0.004171011470281543,0.3333333333333333,query_1,"['GO:0000281', 'GO:0032467', 'GO:1902412']"
GO:BP,GO:0003183,mitral valve morphogenesis,0.012131953638747023,True,"""The process in which the structure of the mitral valve is generated and organized."" [GOC:mtg_heart]",12,959,4,20972,0.004171011470281543,0.3333333333333333,query_1,"['GO:0003174', 'GO:0003181']"
GO:BP,GO:0042447,hormone catabolic process,0.012131953638747023,True,"""The chemical reactions and pathways resulting in the breakdown of any hormone, naturally occurring substances secreted by specialized cells that affects the metabolism or behavior of other cells possessing functional receptors for the hormone."" [GOC:jl]",12,959,4,20972,0.004171011470281543,0.3333333333333333,query_1,"['GO:0009056', 'GO:0042445']"
GO:BP,GO:0060601,lateral sprouting from an epithelium,0.012131953638747023,True,"""The process in which a branch forms along the side of an epithelium."" [GOC:dph]",12,959,4,20972,0.004171011470281543,0.3333333333333333,query_1,"['GO:0002009', 'GO:0061138']"
GO:BP,GO:1901731,positive regulation of platelet aggregation,0.012131953638747023,True,"""Any process that activates or increases the frequency, rate or extent of platelet aggregation. Platelet aggregation is the adhesion of one platelet to one or more other platelets via adhesion molecules."" [GOC:fj, GOC:TermGenie]",12,959,4,20972,0.004171011470281543,0.3333333333333333,query_1,"['GO:0034112', 'GO:0070527', 'GO:0090330']"
GO:BP,GO:0031650,regulation of heat generation,0.012131953638747023,True,"""Any process that modulates the rate or extent of heat generation."" [GOC:dph, GOC:mah, GOC:tb]",12,959,4,20972,0.004171011470281543,0.3333333333333333,query_1,"['GO:0031649', 'GO:0051239']"
GO:BP,GO:0061309,cardiac neural crest cell development involved in outflow tract morphogenesis,0.012131953638747023,True,"""The process aimed at the progression of a cardiac neural crest cell over time, from initial commitment of the cell to its specific fate, to the fully functional differentiated cell that contributes to the shaping of the outflow tract."" [GOC:dph, GOC:mtg_heart]",12,959,4,20972,0.004171011470281543,0.3333333333333333,query_1,"['GO:0003151', 'GO:0061308']"
GO:BP,GO:1900153,"positive regulation of nuclear-transcribed mRNA catabolic process, deadenylation-dependent decay",0.012131953638747023,True,"""Any process that activates or increases the frequency, rate or extent of nuclear-transcribed mRNA catabolic process, deadenylation-dependent decay."" [GOC:mcc, GOC:TermGenie]",12,959,4,20972,0.004171011470281543,0.3333333333333333,query_1,"['GO:0000288', 'GO:0061014', 'GO:1900151']"
GO:BP,GO:0071383,cellular response to steroid hormone stimulus,0.012131953638747023,True,"""Any process that results in a change in state or activity of a cell (in terms of movement, secretion, enzyme production, gene expression, etc.) as a result of a steroid hormone stimulus."" [GOC:mah]",210,959,20,20972,0.020855057351407715,0.09523809523809523,query_1,"['GO:0032870', 'GO:0048545', 'GO:0071396']"
GO:BP,GO:0033689,negative regulation of osteoblast proliferation,0.012131953638747023,True,"""Any process that stops, prevents or reduces the rate or extent of osteoblast proliferation."" [GOC:mah]",12,959,4,20972,0.004171011470281543,0.3333333333333333,query_1,"['GO:0008285', 'GO:0033687', 'GO:0033688']"
GO:BP,GO:2000181,negative regulation of blood vessel morphogenesis,0.012669967989462225,True,"""Any process that stops, prevents, or reduces the frequency, rate or extent of blood vessel morphogenesis."" [GOC:dph, GOC:yaf]",111,959,13,20972,0.013555787278415016,0.11711711711711711,query_1,"['GO:0022603', 'GO:0048514', 'GO:1901343']"
GO:BP,GO:2000241,regulation of reproductive process,0.012759208375576894,True,"""Any process that modulates the frequency, rate or extent of reproductive process."" [GOC:mah]",196,959,19,20972,0.01981230448383733,0.09693877551020408,query_1,"['GO:0022414', 'GO:0050789']"
GO:BP,GO:0016042,lipid catabolic process,0.012764054981480427,True,"""The chemical reactions and pathways resulting in the breakdown of lipids, compounds soluble in an organic solvent but not, or sparingly, in an aqueous solvent."" [GOC:go_curators]",352,959,29,20972,0.03023983315954119,0.08238636363636363,query_1,"['GO:0006629', 'GO:0009056']"
GO:BP,GO:0003171,atrioventricular valve development,0.012773376321645621,True,"""The progression of the atrioventricular valve over time, from its formation to the mature structure."" [GOC:mtg_heart]",29,959,6,20972,0.006256517205422315,0.20689655172413793,query_1,['GO:0003170']
GO:BP,GO:0090330,regulation of platelet aggregation,0.012773376321645621,True,"""Any process that modulates the rate, frequency or extent of platelet aggregation. Platelet aggregation is the adhesion of one platelet to one or more other platelets via adhesion molecules."" [GOC:dph, GOC:tb]",29,959,6,20972,0.006256517205422315,0.20689655172413793,query_1,"['GO:0010543', 'GO:0034110', 'GO:0070527']"
GO:BP,GO:0010744,positive regulation of macrophage derived foam cell differentiation,0.012773376321645621,True,"""Any process that increases the rate, frequency or extent of macrophage derived foam cell differentiation. Macrophage derived foam cell differentiation is the process in which a macrophage acquires the specialized features of a foam cell. A foam cell is a type of cell containing lipids in small vacuoles and typically seen in atherosclerotic lesions, as well as other conditions."" [GOC:add, GOC:dph, GOC:tb]",20,959,5,20972,0.005213764337851929,0.25,query_1,"['GO:0010742', 'GO:0010743', 'GO:0045597']"
GO:BP,GO:0070977,bone maturation,0.012773376321645621,True,"""A developmental process, independent of morphogenetic (shape) change, that is required for bone to attain its fully functional state."" [GOC:dph, GOC:mah]",29,959,6,20972,0.006256517205422315,0.20689655172413793,query_1,"['GO:0048799', 'GO:0060348']"
GO:BP,GO:0009449,gamma-aminobutyric acid biosynthetic process,0.012773376321645621,True,"""The chemical reactions and pathways resulting in the formation of gamma-aminobutyric acid (GABA, 4-aminobutyrate), an amino acid which acts as a neurotransmitter in some organisms."" [GOC:ai]",6,959,3,20972,0.0031282586027111575,0.5,query_1,"['GO:0008652', 'GO:0009448', 'GO:0170043']"
GO:BP,GO:0010038,response to metal ion,0.012773376321645621,True,"""Any process that results in a change in state or activity of a cell or an organism (in terms of movement, secretion, enzyme production, gene expression, etc.) as a result of a metal ion stimulus."" [GOC:sm]",320,959,27,20972,0.028154327424400417,0.084375,query_1,['GO:0042221']
GO:BP,GO:0010962,regulation of glucan biosynthetic process,0.012773376321645621,True,"""Any process that modulates the rate, frequency, or extent of glucan biosynthesis. Glucan biosynthetic processes are the chemical reactions and pathways resulting in the formation of glucans, polysaccharides consisting only of glucose residues."" [GOC:dph, GOC:tb]",29,959,6,20972,0.006256517205422315,0.20689655172413793,query_1,"['GO:0009250', 'GO:0032885']"
GO:BP,GO:0098761,cellular response to interleukin-7,0.012773376321645621,True,"""Any process that results in a change in state or activity of a cell (in terms of movement, secretion, enzyme production, gene expression, etc.) as a result of an interleukin-7 stimulus."" [GOC:BHF, GOC:mah]",20,959,5,20972,0.005213764337851929,0.25,query_1,"['GO:0071345', 'GO:0098760']"
GO:BP,GO:0010746,regulation of long-chain fatty acid import across plasma membrane,0.012773376321645621,True,"""Any process that modulates the rate, frequency or extent of plasma membrane long-chain fatty acid transport. Plasma membrane long-chain fatty acid transport is the directed movement of long-chain fatty acids across the plasma membrane. A long-chain fatty acid has an aliphatic tail containing 13 to 22 carbons."" [GOC:BHF, GOC:dph, GOC:tb]",6,959,3,20972,0.0031282586027111575,0.5,query_1,"['GO:0015911', 'GO:0034762', 'GO:0140212']"
GO:BP,GO:0014041,regulation of neuron maturation,0.012773376321645621,True,"""Any process that modulates the frequency, rate or extent of neuron maturation, the process leading to the attainment of the full functional capacity of a neuron. This process is independent of morphogenetic change."" [GOC:ef]",6,959,3,20972,0.0031282586027111575,0.5,query_1,"['GO:0042551', 'GO:0045664', 'GO:1903429']"
GO:BP,GO:0030449,regulation of complement activation,0.012773376321645621,True,"""Any process that modulates the frequency, rate or extent of complement activation."" [GOC:go_curators]",20,959,5,20972,0.005213764337851929,0.25,query_1,"['GO:0002697', 'GO:0002920', 'GO:0006956']"
GO:BP,GO:0072104,glomerular capillary formation,0.012773376321645621,True,"""The process that gives rise to a glomerular capillary. This process pertains to the initial formation of a structure from unspecified parts."" [GOC:mtg_kidney_jan10]",6,959,3,20972,0.0031282586027111575,0.5,query_1,"['GO:0001525', 'GO:0072103']"
GO:BP,GO:0051136,regulation of NK T cell differentiation,0.012773376321645621,True,"""Any process that modulates the frequency, rate or extent of natural killer T cell differentiation."" [ISBN:0781735149, PMID:12154375, PMID:9133426]",6,959,3,20972,0.0031282586027111575,0.5,query_1,"['GO:0001865', 'GO:0046637']"
GO:BP,GO:0007171,activation of transmembrane receptor protein tyrosine kinase activity,0.012773376321645621,True,"""Any process that initiates the activity of the inactive transmembrane receptor protein tyrosine kinase activity."" [GOC:dph, GOC:tb]",6,959,3,20972,0.0031282586027111575,0.5,query_1,"['GO:0007169', 'GO:0032147', 'GO:0065003']"
GO:BP,GO:0006071,glycerol metabolic process,0.012773376321645621,True,"""The chemical reactions and pathways involving glycerol, 1,2,3-propanetriol, a sweet, hygroscopic, viscous liquid, widely distributed in nature as a constituent of many lipids."" [GOC:ai, ISBN:0198506732]",20,959,5,20972,0.005213764337851929,0.25,query_1,"['GO:0005975', 'GO:0019751']"
GO:BP,GO:0022617,extracellular matrix disassembly,0.012773376321645621,True,"""A process that results in the breakdown of the extracellular matrix."" [GOC:jid]",61,959,9,20972,0.009384775808133473,0.14754098360655737,query_1,"['GO:0022411', 'GO:0030198']"
GO:BP,GO:0072103,glomerulus vasculature morphogenesis,0.012773376321645621,True,"""The process in which the anatomical structures of the glomerulus vasculature are generated and organized. The glomerulus vasculature is composed of the tubule structures that carry blood or lymph in the glomerulus."" [GOC:mtg_kidney_jan10]",6,959,3,20972,0.0031282586027111575,0.5,query_1,"['GO:0048514', 'GO:0061439', 'GO:0072012', 'GO:0072102']"
GO:BP,GO:0042402,biogenic amine catabolic process,0.012773376321645621,True,"""The chemical reactions and pathways occurring at the level of individual cells resulting in the breakdown of biogenic amines, any of a group of naturally occurring, biologically active amines, such as norepinephrine, histamine, and serotonin, many of which act as neurotransmitters."" [GOC:go_curators, GOC:jl, ISBN:0198506732]",20,959,5,20972,0.005213764337851929,0.25,query_1,['GO:0009310']
GO:BP,GO:0002689,negative regulation of leukocyte chemotaxis,0.012773376321645621,True,"""Any process that stops, prevents, or reduces the frequency, rate, or extent of leukocyte chemotaxis."" [GOC:add]",20,959,5,20972,0.005213764337851929,0.25,query_1,"['GO:0002686', 'GO:0002688', 'GO:0030595', 'GO:0050922']"
GO:BP,GO:0060685,regulation of prostatic bud formation,0.012773376321645621,True,"""Any process that modulates the rate, frequency, or extent of prostatic bud formation, the morphogenetic process in which a region of the fetal urogenital sinus epithelium is specified to become the prostate, resulting in prostate bud outgrowth."" [GOC:dph]",6,959,3,20972,0.0031282586027111575,0.5,query_1,"['GO:0003156', 'GO:0060513', 'GO:0060688', 'GO:1905330', 'GO:2000241']"
GO:BP,GO:0005979,regulation of glycogen biosynthetic process,0.012773376321645621,True,"""Any process that modulates the frequency, rate or extent of the chemical reactions and pathways resulting in the formation of glycogen."" [GOC:go_curators]",29,959,6,20972,0.006256517205422315,0.20689655172413793,query_1,"['GO:0005978', 'GO:0010962', 'GO:0070873']"
GO:BP,GO:0036006,cellular response to macrophage colony-stimulating factor stimulus,0.012773376321645621,True,"""Any process that results in a change in state or activity of a cell (in terms of movement, secretion, enzyme production, gene expression, etc.) as a result of a macrophage colony-stimulating factor stimulus."" [GOC:yaf, PMID:14687666]",61,959,9,20972,0.009384775808133473,0.14754098360655737,query_1,"['GO:0036005', 'GO:0071345']"
GO:BP,GO:1900076,regulation of cellular response to insulin stimulus,0.012784974004030487,True,"""Any process that modulates the frequency, rate or extent of cellular response to insulin stimulus."" [GOC:TermGenie, GOC:yaf]",73,959,10,20972,0.010427528675703858,0.136986301369863,query_1,"['GO:0032869', 'GO:0048583', 'GO:0050794']"
GO:BP,GO:0030326,embryonic limb morphogenesis,0.012822599212714942,True,"""The process, occurring in the embryo, by which the anatomical structures of the limb are generated and organized. A limb is an appendage of an animal used for locomotion or grasping."" [GOC:bf, GOC:jl, ISBN:0395825172]",125,959,14,20972,0.014598540145985401,0.112,query_1,"['GO:0035108', 'GO:0035113']"
GO:BP,GO:0035113,embryonic appendage morphogenesis,0.012822599212714942,True,"""The process, occurring in the embryo, by which the anatomical structures of the appendage are generated and organized. An appendage is an organ or part that is attached to the trunk of an organism, such as a limb or a branch."" [ISBN:0582227089]",125,959,14,20972,0.014598540145985401,0.112,query_1,"['GO:0035107', 'GO:0048598']"
GO:BP,GO:0006006,glucose metabolic process,0.012988645135680196,True,"""The chemical reactions and pathways involving glucose, the aldohexose gluco-hexose. D-glucose is dextrorotatory and is sometimes known as dextrose; it is an important source of energy for living organisms and is found free as well as combined in homo- and hetero-oligosaccharides and polysaccharides."" [ISBN:0198506732]",182,959,18,20972,0.018769551616266946,0.0989010989010989,query_1,['GO:0019318']
GO:BP,GO:0007267,cell-cell signaling,0.013078357606587586,True,"""Any process that mediates the transfer of information from one cell to another. This process includes signal transduction in the receiving cell and, where applicable, release of a ligand and any processes that actively facilitate its transport and presentation to the receiving cell. Examples include signaling via soluble ligands, via cell adhesion molecules and via gap junctions."" [GOC:dos, GOC:mah]",1316,959,83,20972,0.08654848800834203,0.06306990881458967,query_1,"['GO:0007154', 'GO:0023052']"
GO:BP,GO:0140694,membraneless organelle assembly,0.013224524221970797,True,"""The aggregation, arrangement and bonding together of a set of components to form a non-membrane-bounded organelle."" [PMID:28225081]",436,959,34,20972,0.035453597497393116,0.0779816513761468,query_1,['GO:0070925']
GO:BP,GO:0046850,regulation of bone remodeling,0.013242857683892273,True,"""Any process that modulates the frequency, rate or extent of bone remodeling, the processes of bone formation and resorption that combine to maintain skeletal integrity."" [GOC:ai]",50,959,8,20972,0.008342022940563087,0.16,query_1,"['GO:0034103', 'GO:0046849']"
GO:BP,GO:1901343,negative regulation of vasculature development,0.013285876207495112,True,"""Any process that stops, prevents or reduces the frequency, rate or extent of vasculature development."" [GOC:TermGenie]",112,959,13,20972,0.013555787278415016,0.11607142857142858,query_1,"['GO:0001944', 'GO:0051093', 'GO:0051241', 'GO:1901342']"
GO:BP,GO:0045446,endothelial cell differentiation,0.013285876207495112,True,"""The process in which a mesodermal, bone marrow or neural crest cell acquires specialized features of an endothelial cell, a thin flattened cell. A layer of such cells lines the inside surfaces of body cavities, blood vessels, and lymph vessels, making up the endothelium."" [CL:0000115, GOC:go_curators]",112,959,13,20972,0.013555787278415016,0.11607142857142858,query_1,"['GO:0003158', 'GO:0030855']"
GO:BP,GO:0072676,lymphocyte migration,0.013285876207495112,True,"""The movement of a lymphocyte within or between different tissues and organs of the body."" [CL:0000542, GOC:BHF, GOC:mah]",112,959,13,20972,0.013555787278415016,0.11607142857142858,query_1,['GO:0071674']
GO:BP,GO:0014896,muscle hypertrophy,0.013395117826018592,True,"""The muscle system process that results in enlargement or overgrowth of all or part of a muscle organ due to an increase in the size of its muscle cells. Physiological hypertrophy is a normal process during development (it stops in cardiac muscle after adolescence) and can also be brought on in response to demand. In athletes cardiac and skeletal muscles undergo hypertrophy stimulated by increasing muscle activity on exercise. Smooth muscle cells in the uterus undergo hypertrophy during pregnancy."" [GOC:mtg_muscle]",86,959,11,20972,0.011470281543274244,0.12790697674418605,query_1,['GO:0003012']
GO:BP,GO:0002274,myeloid leukocyte activation,0.013473518015534125,True,"""A change in the morphology or behavior of a myeloid leukocyte resulting from exposure to an activating factor such as a cellular or soluble ligand."" [GOC:add, ISBN:0781735149]",243,959,22,20972,0.022940563086548488,0.09053497942386832,query_1,['GO:0045321']
GO:BP,GO:0000281,mitotic cytokinesis,0.01351644865404704,True,"""A cell cycle process that results in the division of the cytoplasm of a cell after mitosis, resulting in the separation of the original cell into two daughter cells."" [GOC:mtg_cell_cycle]",99,959,12,20972,0.01251303441084463,0.12121212121212122,query_1,"['GO:0061640', 'GO:1903047']"
GO:BP,GO:0019058,viral life cycle,0.013538702821440759,True,"""A set of processes which all viruses follow to ensure survival; includes attachment and entry of the virus particle, decoding of genome information, translation of viral mRNA by host ribosomes, genome replication, and assembly and release of viral particles containing the genome."" [ISBN:1555811272]",290,959,25,20972,0.026068821689259645,0.08620689655172414,query_1,['GO:0016032']
REAC,REAC:R-HSA-1474290,Collagen formation,0.013599466122535375,True,Collagen formation,89,648,15,11056,0.023148148148148147,0.16853932584269662,query_1,['REAC:R-HSA-1474244']
GO:BP,GO:0007200,phospholipase C-activating G protein-coupled receptor signaling pathway,0.013787706893814717,True,"""A G protein-coupled receptor signaling pathway in which the signal is transmitted via the activation of phospholipase C (PLC) and a subsequent increase in the intracellular concentration of inositol trisphosphate (IP3) and diacylglycerol (DAG). IP3 regulates the opening of calcium channels in intracellular calcium store, leading to the release of calcium into the cytosol. Calcium and DAG activate protein kinase C (PKC), which in turn activates downstream effectors."" [GOC:dph, GOC:mah, GOC:signaling, GOC:tb, ISBN:0815316194]",140,959,15,20972,0.01564129301355579,0.10714285714285714,query_1,['GO:0007186']
GO:BP,GO:0046425,regulation of receptor signaling pathway via JAK-STAT,0.013952813847352122,True,"""Any process that modulates the frequency, rate or extent of receptor signaling via JAK-STAT."" [GOC:bf]",74,959,10,20972,0.010427528675703858,0.13513513513513514,query_1,"['GO:0007259', 'GO:1904892']"
GO:BP,GO:0070527,platelet aggregation,0.013952813847352122,True,"""The adhesion of one platelet to one or more other platelets via adhesion molecules."" [GOC:BHF, GOC:vk]",74,959,10,20972,0.010427528675703858,0.13513513513513514,query_1,"['GO:0030168', 'GO:0034109']"
GO:BP,GO:0043269,regulation of monoatomic ion transport,0.013952813847352122,True,"""Any process that modulates the frequency, rate or extent of the directed movement of charged atoms or small charged molecules into, out of or within a cell, or between cells, by means of some agent such as a transporter or pore."" [GOC:jl]",421,959,33,20972,0.03441084462982273,0.07838479809976247,query_1,"['GO:0006811', 'GO:0051049']"
GO:BP,GO:0048511,rhythmic process,0.014117753381064068,True,"""Any process pertinent to the generation and maintenance of rhythms in the physiology of an organism."" [GOC:jid]",291,959,25,20972,0.026068821689259645,0.0859106529209622,query_1,['GO:0008150']
GO:BP,GO:0050728,negative regulation of inflammatory response,0.014123946303142282,True,"""Any process that stops, prevents, or reduces the frequency, rate or extent of the inflammatory response."" [GOC:ai]",169,959,17,20972,0.017726798748696558,0.10059171597633136,query_1,"['GO:0006954', 'GO:0031348', 'GO:0032102', 'GO:0050727']"
GO:BP,GO:0055007,cardiac muscle cell differentiation,0.01423079632720002,True,"""The process in which a cardiac muscle precursor cell acquires specialized features of a cardiac muscle cell. Cardiac muscle cells are striated muscle cells that are responsible for heart contraction."" [GOC:devbiol, GOC:mtg_heart]",113,959,13,20972,0.013555787278415016,0.11504424778761062,query_1,"['GO:0035051', 'GO:0048738', 'GO:0051146']"
GO:BP,GO:0034440,lipid oxidation,0.01423079632720002,True,"""The removal of one or more electrons from a lipid, with or without the concomitant removal of a proton or protons, by reaction with an electron-accepting substance, by addition of oxygen or by removal of hydrogen."" [GOC:BHF, GOC:mah]",113,959,13,20972,0.013555787278415016,0.11504424778761062,query_1,['GO:0030258']
GO:BP,GO:0010721,negative regulation of cell development,0.014378743050116168,True,"""Any process that decreases the rate, frequency or extent of the progression of the cell over time, from its formation to the mature structure. Cell development does not include the steps involved in committing a cell to a specific fate."" [GOC:BHF, GOC:dph, GOC:tb]",260,959,23,20972,0.023983315954118872,0.08846153846153847,query_1,"['GO:0045596', 'GO:0048468', 'GO:0060284']"
GO:BP,GO:0009267,cellular response to starvation,0.014381411508540245,True,"""Any process that results in a change in state or activity of a cell (in terms of movement, secretion, enzyme production, gene expression, etc.) as a result of deprivation of nourishment."" [GOC:jl]",184,959,18,20972,0.018769551616266946,0.09782608695652174,query_1,"['GO:0031669', 'GO:0033554', 'GO:0042594']"
GO:BP,GO:0009612,response to mechanical stimulus,0.014448838037174219,True,"""Any process that results in a change in state or activity of a cell or an organism (in terms of movement, secretion, enzyme production, gene expression, etc.) as a result of a mechanical stimulus."" [GOC:hb]",214,959,20,20972,0.020855057351407715,0.09345794392523364,query_1,"['GO:0009605', 'GO:0009628']"
GO:BP,GO:2000880,positive regulation of dipeptide transport,0.01445449890164431,True,"""Any process that activates or increases the frequency, rate or extent of dipeptide transport."" [GOC:obol]",2,959,2,20972,0.0020855057351407717,1.0,query_1,"['GO:0042938', 'GO:0090089', 'GO:2000878']"
GO:BP,GO:2000866,positive regulation of estradiol secretion,0.01445449890164431,True,"""Any process that activates or increases the frequency, rate or extent of estradiol secretion."" [GOC:sl]",2,959,2,20972,0.0020855057351407717,1.0,query_1,"['GO:0035938', 'GO:2000833', 'GO:2000864']"
GO:BP,GO:0001868,"regulation of complement activation, lectin pathway",0.01445449890164431,True,"""Any process that modulates the frequency, rate or extent of the lectin pathway of complement activation."" [GOC:add, ISBN:0781735149]",2,959,2,20972,0.0020855057351407717,1.0,query_1,"['GO:0001867', 'GO:0030449', 'GO:0045088']"
GO:BP,GO:0150115,cell-substrate junction organization,0.01445449890164431,True,"""A process that is carried out at the cellular level which results in the assembly, arrangement of constituent parts, or disassembly of a cell-substrate junction. A cell-substrate junction is a specialized region of connection between a cell and the extracellular matrix."" [GOC:aruk, GOC:bc, PMID:10419689, PMID:1643657, PMID:16805308, PMID:26923917, PMID:8314002]",100,959,12,20972,0.01251303441084463,0.12,query_1,['GO:0034330']
GO:BP,GO:0060587,regulation of lipoprotein lipid oxidation,0.01445449890164431,True,"""Any process that modulates the rate, frequency or extent of lipoprotein lipid oxidation. Lipoprotein lipid oxidation is the modification of a lipoprotein by oxidation of the lipid group."" [GOC:BHF, GOC:dph, GOC:tb]",2,959,2,20972,0.0020855057351407717,1.0,query_1,"['GO:0019216', 'GO:0034439', 'GO:0034442']"
GO:BP,GO:0002731,negative regulation of dendritic cell cytokine production,0.01445449890164431,True,"""Any process that stops, prevents, or reduces the frequency, rate, or extent of dendritic cell cytokine production."" [GOC:add]",2,959,2,20972,0.0020855057351407717,1.0,query_1,"['GO:0002371', 'GO:0002704', 'GO:0002719', 'GO:0002730']"
GO:BP,GO:1900047,negative regulation of hemostasis,0.01445449890164431,True,"""Any process that stops, prevents or reduces the frequency, rate or extent of hemostasis."" [GOC:TermGenie]",51,959,8,20972,0.008342022940563087,0.1568627450980392,query_1,"['GO:0007599', 'GO:0048519', 'GO:1900046']"
GO:BP,GO:0042161,lipoprotein oxidation,0.01445449890164431,True,"""The modification of a lipoprotein by oxidation of one or more amino acids or the lipid group."" [GOC:mah]",2,959,2,20972,0.0020855057351407717,1.0,query_1,['GO:0042160']
GO:BP,GO:0001869,"negative regulation of complement activation, lectin pathway",0.01445449890164431,True,"""Any process that stops, prevents, or reduces the rate of complement activation by the lectin pathway."" [GOC:add, ISBN:0781735149]",2,959,2,20972,0.0020855057351407717,1.0,query_1,"['GO:0001867', 'GO:0001868', 'GO:0045824', 'GO:0045916']"
GO:BP,GO:2001148,regulation of dipeptide transmembrane transport,0.01445449890164431,True,"""Any process that modulates the frequency, rate or extent of dipeptide transmembrane transport."" [GOC:obol]",2,959,2,20972,0.0020855057351407717,1.0,query_1,"['GO:0034762', 'GO:0035442', 'GO:0090089']"
GO:BP,GO:0002686,negative regulation of leukocyte migration,0.01445449890164431,True,"""Any process that stops, prevents, or reduces the frequency, rate, or extent of leukocyte migration."" [GOC:add]",51,959,8,20972,0.008342022940563087,0.1568627450980392,query_1,"['GO:0002683', 'GO:0002685', 'GO:0030336', 'GO:0050900']"
GO:BP,GO:2001150,positive regulation of dipeptide transmembrane transport,0.01445449890164431,True,"""Any process that activates or increases the frequency, rate or extent of dipeptide transmembrane transport."" [GOC:obol]",2,959,2,20972,0.0020855057351407717,1.0,query_1,"['GO:0034764', 'GO:0035442', 'GO:2000880', 'GO:2001148']"
GO:BP,GO:2000878,positive regulation of oligopeptide transport,0.01445449890164431,True,"""Any process that activates or increases the frequency, rate or extent of oligopeptide transport."" [GOC:obol]",2,959,2,20972,0.0020855057351407717,1.0,query_1,"['GO:0006857', 'GO:0051050', 'GO:0090088']"
GO:BP,GO:0035987,endodermal cell differentiation,0.01445449890164431,True,"""The process in which a relatively unspecialized cell acquires the specialized features of an endoderm cell, a cell of the inner of the three germ layers of the embryo."" [CL:0000223, GOC:yaf, PMID:17624332]",51,959,8,20972,0.008342022940563087,0.1568627450980392,query_1,"['GO:0001706', 'GO:0030154']"
GO:BP,GO:0090089,regulation of dipeptide transport,0.01445449890164431,True,"""Any process that modulates the rate, frequency or extent of dipeptide transport. Dipeptide transport is the directed movement of a dipeptide, a combination of two amino acids by means of a peptide (-CO-NH-) link, into, out of or within a cell, or between cells, by means of some agent such as a transporter or pore."" [GOC:dph, GOC:tb]",2,959,2,20972,0.0020855057351407717,1.0,query_1,"['GO:0042938', 'GO:0090088']"
GO:BP,GO:0006109,regulation of carbohydrate metabolic process,0.01445449890164431,True,"""Any process that modulates the frequency, rate or extent of the chemical reactions and pathways involving carbohydrates."" [GOC:go_curators]",170,959,17,20972,0.017726798748696558,0.1,query_1,"['GO:0005975', 'GO:0080090']"
GO:BP,GO:0045071,negative regulation of viral genome replication,0.01445449890164431,True,"""Any process that stops, prevents, or reduces the frequency, rate or extent of viral genome replication."" [GOC:go_curators]",51,959,8,20972,0.008342022940563087,0.1568627450980392,query_1,"['GO:0019079', 'GO:0045069', 'GO:0048525']"
GO:BP,GO:0090191,negative regulation of branching involved in ureteric bud morphogenesis,0.01445449890164431,True,"""Any process that decreases the rate, frequency or extent of branching involved in ureteric bud morphogenesis, the process in which the branching structure of the ureteric bud is generated and organized. The ureteric bud is an epithelial tube that grows out from the metanephric duct. The bud elongates and branches to give rise to the ureter and kidney collecting tubules."" [GOC:dph, GOC:tb, GOC:yaf]",2,959,2,20972,0.0020855057351407717,1.0,query_1,"['GO:0001658', 'GO:0051241', 'GO:0090189', 'GO:1905331']"
GO:BP,GO:0034516,response to vitamin B6,0.01445449890164431,True,"""Any process that results in a change in state or activity of a cell or an organism (in terms of movement, secretion, enzyme production, gene expression, etc.) as a result of a vitamin B6 stimulus. Vitamin B6 encompasses pyridoxal, pyridoxamine and pyridoxine and the active form, pyridoxal phosphate."" [GOC:mah, GOC:rph]",2,959,2,20972,0.0020855057351407717,1.0,query_1,"['GO:0033273', 'GO:1901698', 'GO:1901700']"
GO:BP,GO:0090088,regulation of oligopeptide transport,0.01445449890164431,True,"""Any process that modulates the frequency, rate or extent of the directed movement of oligopeptides into, out of or within a cell, or between cells, by means of some agent such as a transporter or pore. Oligopeptides are molecules that contain a small number (2 to 20) of amino-acid residues connected by peptide linkages."" [GOC:dph, GOC:tb]",2,959,2,20972,0.0020855057351407717,1.0,query_1,"['GO:0006857', 'GO:0090087']"
GO:BP,GO:0034442,regulation of lipoprotein oxidation,0.01445449890164431,True,"""Any process that modulates the frequency, rate or extent of lipoprotein oxidation."" [GOC:BHF, GOC:mah]",2,959,2,20972,0.0020855057351407717,1.0,query_1,"['GO:0042161', 'GO:0050746']"
GO:BP,GO:0034439,lipoprotein lipid oxidation,0.01445449890164431,True,"""The modification of a lipoprotein by oxidation of the lipid group."" [GOC:BHF, GOC:mah]",2,959,2,20972,0.0020855057351407717,1.0,query_1,"['GO:0034440', 'GO:0042161']"
GO:BP,GO:0034446,substrate adhesion-dependent cell spreading,0.01445449890164431,True,"""The morphogenetic process that results in flattening of a cell as a consequence of its adhesion to a substrate."" [GOC:mah, GOC:pf, PMID:17050732]",100,959,12,20972,0.01251303441084463,0.12,query_1,['GO:0031589']
GO:BP,GO:0010639,negative regulation of organelle organization,0.01445449890164431,True,"""Any process that decreases the frequency, rate or extent of a process involved in the formation, arrangement of constituent parts, or disassembly of an organelle."" [GOC:dph, GOC:tb]",357,959,29,20972,0.03023983315954119,0.08123249299719888,query_1,"['GO:0006996', 'GO:0033043', 'GO:0051129']"
GO:BP,GO:0030100,regulation of endocytosis,0.01445449890164431,True,"""Any process that modulates the frequency, rate or extent of endocytosis."" [GOC:go_curators]",292,959,25,20972,0.026068821689259645,0.08561643835616438,query_1,"['GO:0006897', 'GO:0051128', 'GO:0060627']"
GO:BP,GO:0140651,futile creatine cycle,0.01445449890164431,True,"""The phosphorylation and dephosphorylation of creatine in a futile cycle, which dissipates the high energy charge of phosphocreatine as heat without performing any mechanical or chemical work. The futile creatine cycle takes place in thermogenic fat cells and is part of adaptive thermogenesis."" [PMID:33597756, PMID:33981039]",2,959,2,20972,0.0020855057351407717,1.0,query_1,"['GO:0008152', 'GO:1990845']"
GO:BP,GO:0048609,multicellular organismal reproductive process,0.01445449890164431,True,"""The process, occurring above the cellular level, that is pertinent to the reproductive function of a multicellular organism. This includes the integrated processes at the level of tissues and organs."" [GOC:dph, GOC:jid, GOC:tb]",988,959,65,20972,0.06777893639207508,0.06578947368421052,query_1,['GO:0022414']
GO:BP,GO:0010747,positive regulation of long-chain fatty acid import across plasma membrane,0.01445449890164431,True,"""Any process that increases the rate, frequency or extent of plasma membrane long-chain fatty acid transport. Plasma membrane long-chain fatty acid transport is the directed movement of long-chain fatty acids across the plasma membrane. A long-chain fatty acid has an aliphatic tail containing 13 to 22 carbons."" [GOC:BHF, GOC:dph, GOC:tb]",2,959,2,20972,0.0020855057351407717,1.0,query_1,"['GO:0010746', 'GO:0015911', 'GO:0034764', 'GO:0140214']"
GO:BP,GO:0003044,regulation of systemic arterial blood pressure mediated by a chemical signal,0.01445449890164431,True,"""The regulation of blood pressure mediated by biochemical signaling: hormonal, autocrine or paracrine."" [GOC:mtg_cardio]",51,959,8,20972,0.008342022940563087,0.1568627450980392,query_1,['GO:0003073']
GO:BP,GO:0003014,renal system process,0.01445449890164431,True,"""An organ system process carried out by any of the organs or tissues of the renal system. The renal system maintains fluid balance, and contributes to electrolyte balance, acid/base balance, and disposal of nitrogenous waste products. In humans, the renal system comprises a pair of kidneys, a pair of ureters, urinary bladder, urethra, sphincter muscle and associated blood vessels; in other species, the renal system may comprise related structures (e.g., nephrocytes and malpighian tubules in Drosophila)."" [GOC:cjm, GOC:mtg_cardio, GOC:mtg_kidney_jan10]",127,959,14,20972,0.014598540145985401,0.11023622047244094,query_1,['GO:0003008']
GO:BP,GO:0003050,regulation of systemic arterial blood pressure by atrial natriuretic peptide,0.01445449890164431,True,"""The regulation of blood pressure mediated by the signaling molecule atrial natriuretic peptide."" [GOC:mtg_cardio]",2,959,2,20972,0.0020855057351407717,1.0,query_1,['GO:0001990']
GO:BP,GO:0014846,esophagus smooth muscle contraction,0.01445449890164431,True,"""A process in which force is generated within smooth muscle tissue, resulting in a change in muscle geometry. This process occurs in the esophagus. Force generation involves a chemo-mechanical energy conversion step that is carried out by the actin/myosin complex activity, which generates force through ATP hydrolysis. The esophagus is the muscular membranous segment between the pharynx and the stomach in the upper gastrointestinal tract."" [GOC:ef, GOC:mtg_muscle, MA:0001573, MSH:D041742]",2,959,2,20972,0.0020855057351407717,1.0,query_1,['GO:0014831']
GO:BP,GO:1902751,positive regulation of cell cycle G2/M phase transition,0.01445449890164431,True,"""Any signaling pathway that activates or increases the activity of a cell cycle cyclin-dependent protein kinase to modulate the switch from G2 phase to M phase of the cell cycle."" [GO_REF:0000058, GOC:jl, GOC:TermGenie]",30,959,6,20972,0.006256517205422315,0.2,query_1,"['GO:0044839', 'GO:1901989', 'GO:1902749']"
GO:BP,GO:1901898,negative regulation of relaxation of cardiac muscle,0.01445449890164431,True,"""Any process that stops, prevents or reduces the frequency, rate or extent of relaxation of cardiac muscle."" [GOC:BHF, GOC:rl, GOC:TermGenie, PMID:19708671]",2,959,2,20972,0.0020855057351407717,1.0,query_1,"['GO:0055119', 'GO:1901078', 'GO:1901897']"
GO:BP,GO:0072138,mesenchymal cell proliferation involved in ureteric bud development,0.01445449890164431,True,"""The multiplication or reproduction of cells, resulting in the expansion of a mesenchymal cell population of the ureteric bud, that contributes to ureteric bud development."" [GOC:mtg_kidney_jan10]",2,959,2,20972,0.0020855057351407717,1.0,query_1,"['GO:0001657', 'GO:0010463', 'GO:0072111']"
GO:BP,GO:0051984,positive regulation of chromosome segregation,0.01445449890164431,True,"""Any process that activates or increases the frequency, rate or extent of chromosome segregation, the process in which genetic material, in the form of chromosomes, is organized and then physically separated and apportioned to two or more sets."" [GOC:ai]",30,959,6,20972,0.006256517205422315,0.2,query_1,"['GO:0007059', 'GO:0051983', 'GO:0090068']"
GO:BP,GO:1905871,regulation of protein localization to cell leading edge,0.01445449890164431,True,"""Any process that modulates the frequency, rate or extent of protein localization to cell leading edge."" [GO_REF:0000058, GOC:TermGenie, PMID:26324884]",2,959,2,20972,0.0020855057351407717,1.0,query_1,"['GO:0032880', 'GO:1902463']"
GO:BP,GO:1905879,regulation of oogenesis,0.01445449890164431,True,"""Any process that modulates the frequency, rate or extent of oogenesis."" [GO_REF:0000058, GOC:TermGenie, PMID:26434723]",2,959,2,20972,0.0020855057351407717,1.0,query_1,"['GO:0048477', 'GO:0051239', 'GO:0060284', 'GO:2000241']"
GO:BP,GO:0043375,"CD8-positive, alpha-beta T cell lineage commitment",0.01445449890164431,True,"""The process in which an immature T cell becomes committed to becoming a CD8-positive, alpha-beta T cell."" [ISBN:0781735149]",2,959,2,20972,0.0020855057351407717,1.0,query_1,"['GO:0002363', 'GO:0043369', 'GO:0043374']"
GO:BP,GO:0042160,lipoprotein modification,0.01445449890164431,True,"""The chemical reactions and pathways resulting in the covalent alteration of one or more amino acid or lipid residues occurring in a lipoprotein, any conjugated, water-soluble protein in which the nonprotein group consists of a lipid or lipids."" [GOC:mah]",2,959,2,20972,0.0020855057351407717,1.0,query_1,['GO:0042157']
GO:BP,GO:0060281,regulation of oocyte development,0.01445449890164431,True,"""Any process that modulates the rate or extent of the process whose specific outcome is the progression of an oocyte over time, from initial commitment of the cell to its specific fate, to the fully functional differentiated cell."" [GOC:dph, GOC:tb, PMID:2394318]",2,959,2,20972,0.0020855057351407717,1.0,query_1,"['GO:0048599', 'GO:1905879']"
GO:BP,GO:0061047,positive regulation of branching involved in lung morphogenesis,0.01445449890164431,True,"""Any process that increases the rate, frequency, or extent of the process in which a highly ordered sequence of patterning events generates the branched structures of the lung, consisting of reiterated combinations of bud outgrowth, elongation, and dichotomous subdivision of terminal units."" [GOC:dph, GOC:yaf]",2,959,2,20972,0.0020855057351407717,1.0,query_1,"['GO:0051240', 'GO:0060441', 'GO:0061046', 'GO:1905332']"
GO:BP,GO:0072330,monocarboxylic acid biosynthetic process,0.014652022602660525,True,"""The chemical reactions and pathways resulting in the formation of monocarboxylic acids, any organic acid containing one carboxyl (-COOH) group."" [GOC:mah]",215,959,20,20972,0.020855057351407715,0.09302325581395349,query_1,"['GO:0032787', 'GO:0046394']"
GO:BP,GO:0034103,regulation of tissue remodeling,0.014717666028723904,True,"""Any process that modulates the frequency, rate, or extent of tissue remodeling."" [GOC:add]",75,959,10,20972,0.010427528675703858,0.13333333333333333,query_1,"['GO:0048771', 'GO:0051239']"
GO:BP,GO:0007420,brain development,0.01478018407737639,True,"""The process whose specific outcome is the progression of the brain over time, from its formation to the mature structure. Brain development begins with patterning events in the neural tube and ends with the mature structure that is the center of thought and emotion. The brain is responsible for the coordination and control of bodily activities and the interpretation of information from the senses (sight, hearing, smell, etc.)."" [GOC:dph, GOC:jid, GOC:tb, UBERON:0000955]",736,959,51,20972,0.053180396246089674,0.06929347826086957,query_1,"['GO:0007417', 'GO:0048513', 'GO:0060322']"
GO:BP,GO:0035791,platelet-derived growth factor receptor-beta signaling pathway,0.014916301821554883,True,"""The series of molecular signals initiated by the binding of a ligand to a beta-type platelet-derived growth factor receptor (PDGFbeta) on the surface of a signal-receiving cell, and ending with the regulation of a downstream cellular process, e.g. transcription."" [GOC:bf, GOC:signaling, GOC:yaf, PMID:10372961]",63,959,9,20972,0.009384775808133473,0.14285714285714285,query_1,['GO:0048008']
GO:BP,GO:0001779,natural killer cell differentiation,0.014985388422776866,True,"""The process in which a relatively unspecialized cell acquires the specialized features of a natural killer cell."" [GOC:add, ISBN:0781735149]",21,959,5,20972,0.005213764337851929,0.23809523809523808,query_1,"['GO:0030098', 'GO:0030101']"
GO:BP,GO:0098760,response to interleukin-7,0.014985388422776866,True,"""Any process that results in a change in state or activity of a cell or an organism (in terms of movement, secretion, enzyme production, gene expression, etc.) as a result of an interleukin-7 stimulus."" [GOC:BHF, GOC:mah]",21,959,5,20972,0.005213764337851929,0.23809523809523808,query_1,['GO:0034097']
GO:BP,GO:0042474,middle ear morphogenesis,0.014985388422776866,True,"""The process in which the anatomical structures of the middle ear are generated and organized. The middle ear is the air-filled cavity within the skull of vertebrates that lies between the outer ear and the inner ear. It is linked to the pharynx (and therefore to outside air) via the Eustachian tube and in mammals contains the three ear ossicles, which transmit auditory vibrations from the outer ear (via the tympanum) to the inner ear (via the oval window)."" [GOC:jl, ISBN:0192801023]",21,959,5,20972,0.005213764337851929,0.23809523809523808,query_1,"['GO:0042471', 'GO:0048598']"
GO:BP,GO:0009310,amine catabolic process,0.014985388422776866,True,"""The chemical reactions and pathways resulting in the breakdown of any organic compound that is weakly basic in character and contains an amino or a substituted amino group. Amines are called primary, secondary, or tertiary according to whether one, two, or three carbon atoms are attached to the nitrogen atom."" [GOC:jl, ISBN:0198506732]",21,959,5,20972,0.005213764337851929,0.23809523809523808,query_1,"['GO:0009056', 'GO:0009308']"
GO:BP,GO:0110053,regulation of actin filament organization,0.015072377247431304,True,"""Any process that modulates the frequency, rate or extent of actin filament organization."" [GOC:kmv]",262,959,23,20972,0.023983315954118872,0.08778625954198473,query_1,"['GO:0007015', 'GO:0032956', 'GO:1902903']"
GO:BP,GO:0051254,positive regulation of RNA metabolic process,0.015072377247431304,True,"""Any process that activates or increases the frequency, rate or extent of the chemical reactions and pathways involving RNA."" [GOC:ai]",1804,959,108,20972,0.11261730969760167,0.0598669623059867,query_1,"['GO:0010604', 'GO:0016070', 'GO:0051252']"
GO:BP,GO:0050808,synapse organization,0.015076567017791634,True,"""A process that is carried out at the cellular level which results in the assembly, arrangement of constituent parts, or disassembly of a synapse, the junction between a neuron and a target (neuron, muscle, or secretory cell)."" [GOC:ai, GOC:pr]",561,959,41,20972,0.04275286757038582,0.07308377896613191,query_1,['GO:0034330']
GO:BP,GO:0010959,regulation of metal ion transport,0.015079602525782814,True,"""Any process that modulates the frequency, rate, or extent of metal ion transport. Metal ion transport is the directed movement of metal ions, any metal ion with an electric charge, into, out of or within a cell, or between cells, by means of some agent such as a transporter or pore."" [GOC:dph, GOC:tb]",342,959,28,20972,0.029197080291970802,0.08187134502923976,query_1,"['GO:0030001', 'GO:0043269']"
GO:BP,GO:0009953,dorsal/ventral pattern formation,0.015107904446736722,True,"""The regionalization process in which the areas along the dorsal/ventral axis are established that will lead to differences in cell differentiation. The dorsal/ventral axis is defined by a line that runs orthogonal to both the anterior/posterior and left/right axes. The dorsal end is defined by the upper or back side of an organism. The ventral end is defined by the lower or front side of an organism."" [GOC:dph, GOC:go_curators, GOC:isa_complete, GOC:tb]",88,959,11,20972,0.011470281543274244,0.125,query_1,['GO:0003002']
GO:BP,GO:0034145,positive regulation of toll-like receptor 4 signaling pathway,0.01513223729235914,True,"""Any process that activates or increases the frequency, rate, or extent of toll-like receptor 4 signaling pathway."" [GOC:add, PMID:16551253, PMID:17328678]",13,959,4,20972,0.004171011470281543,0.3076923076923077,query_1,"['GO:0034142', 'GO:0034143', 'GO:0062208']"
GO:BP,GO:0003174,mitral valve development,0.01513223729235914,True,"""The progression of the mitral valve over time, from its formation to the mature structure."" [GOC:mtg_heart]",13,959,4,20972,0.004171011470281543,0.3076923076923077,query_1,['GO:0003171']
GO:BP,GO:1903054,negative regulation of extracellular matrix organization,0.01513223729235914,True,"""Any process that stops, prevents or reduces the frequency, rate or extent of extracellular matrix organization."" [GO_REF:0000058, GOC:BHF, GOC:rl, GOC:TermGenie, PMID:22357537]",13,959,4,20972,0.004171011470281543,0.3076923076923077,query_1,"['GO:0030198', 'GO:0051129', 'GO:1903053']"
GO:BP,GO:0106072,negative regulation of adenylate cyclase-activating G protein-coupled receptor signaling pathway,0.01513223729235914,True,"""Any process that stops, prevents or reduces the frequency, rate or extent of an adenylate cyclase-activating G protein-coupled receptor signaling pathway."" [GOC:hjd, PMID:19246489]",13,959,4,20972,0.004171011470281543,0.3076923076923077,query_1,"['GO:0007189', 'GO:0045744', 'GO:0106070']"
GO:BP,GO:0032341,aldosterone metabolic process,0.01513223729235914,True,"""The chemical reactions and pathways involving aldosterone, a corticosteroid hormone that is produced by the zona glomerulosa of the adrenal cortex and regulates salt (sodium and potassium) and water balance."" [PMID:16527843]",13,959,4,20972,0.004171011470281543,0.3076923076923077,query_1,"['GO:0006081', 'GO:0008207', 'GO:0008212', 'GO:0034308', 'GO:0042180', 'GO:0120254']"
GO:BP,GO:0009950,dorsal/ventral axis specification,0.01513223729235914,True,"""The establishment, maintenance and elaboration of the dorsal/ventral axis. The dorsal/ventral axis is defined by a line that runs orthogonal to both the anterior/posterior and left/right axes. The dorsal end is defined by the upper or back side of an organism. The ventral end is defined by the lower or front side of an organism."" [GOC:dph, GOC:go_curators, GOC:tb]",13,959,4,20972,0.004171011470281543,0.3076923076923077,query_1,"['GO:0009798', 'GO:0009953']"
GO:BP,GO:0046348,amino sugar catabolic process,0.01513223729235914,True,"""The chemical reactions and pathways resulting in the breakdown of any amino sugar, sugars containing an amino group in place of a hydroxyl group."" [GOC:curators]",13,959,4,20972,0.004171011470281543,0.3076923076923077,query_1,"['GO:0006040', 'GO:1901136']"
GO:BP,GO:0006596,polyamine biosynthetic process,0.01513223729235914,True,"""The chemical reactions and pathways resulting in the formation of polyamines, any organic compound containing two or more amino groups."" [ISBN:0198506732]",13,959,4,20972,0.004171011470281543,0.3076923076923077,query_1,"['GO:0006595', 'GO:0042401']"
GO:BP,GO:0045893,positive regulation of DNA-templated transcription,0.01574732635621213,True,"""Any process that activates or increases the frequency, rate or extent of cellular DNA-templated transcription."" [GOC:go_curators, GOC:txnOH]",1672,959,101,20972,0.10531803962460896,0.060406698564593304,query_1,"['GO:0006351', 'GO:0006355', 'GO:1902680']"
GO:BP,GO:0071385,cellular response to glucocorticoid stimulus,0.015799185828690502,True,"""Any process that results in a change in state or activity of a cell (in terms of movement, secretion, enzyme production, gene expression, etc.) as a result of a glucocorticoid stimulus. Glucocorticoids are hormonal C21 corticosteroids synthesized from cholesterol with the ability to bind with the cortisol receptor and trigger similar effects. Glucocorticoids act primarily on carbohydrate and protein metabolism, and have anti-inflammatory effects."" [GOC:mah]",52,959,8,20972,0.008342022940563087,0.15384615384615385,query_1,"['GO:0051384', 'GO:0071384']"
GO:BP,GO:0071622,regulation of granulocyte chemotaxis,0.015799185828690502,True,"""Any process that modulates the rate, frequency or extent of granulocyte chemotaxis. Granulocyte chemotaxis is the movement of a granulocyte in response to an external stimulus."" [GOC:mah]",52,959,8,20972,0.008342022940563087,0.15384615384615385,query_1,"['GO:0002688', 'GO:0071621']"
GO:BP,GO:0003197,endocardial cushion development,0.015799185828690502,True,"""The progression of a cardiac cushion over time, from its initial formation to the mature structure. The endocardial cushion is a specialized region of mesenchymal cells that will give rise to the heart septa and valves."" [GOC:mtg_heart]",52,959,8,20972,0.008342022940563087,0.15384615384615385,query_1,"['GO:0007507', 'GO:0060485']"
GO:BP,GO:0046660,female sex differentiation,0.015849562551510085,True,"""The establishment of the sex of a female organism by physical differentiation."" [GOC:bf]",129,959,14,20972,0.014598540145985401,0.10852713178294573,query_1,"['GO:0007275', 'GO:0007548']"
GO:BP,GO:0042307,positive regulation of protein import into nucleus,0.015882002722783922,True,"""Any process that activates or increases the frequency, rate or extent of movement of proteins from the cytoplasm into the nucleus."" [GOC:jl]",41,959,7,20972,0.0072992700729927005,0.17073170731707318,query_1,"['GO:0006606', 'GO:0042306', 'GO:0046824', 'GO:0090316', 'GO:1900182']"
GO:BP,GO:0006040,amino sugar metabolic process,0.015882002722783922,True,"""The chemical reactions and pathways involving any amino sugar, sugars containing an amino group in place of a hydroxyl group."" [GOC:jl, ISBN:0192801023]",41,959,7,20972,0.0072992700729927005,0.17073170731707318,query_1,['GO:1901135']
GO:BP,GO:0001906,cell killing,0.015915841810145447,True,"""Any process in an organism that results in the killing of its own cells or those of another organism, including in some cases the death of the other organism. Killing here refers to the induction of death in one cell by another cell, not cell-autonomous death due to internal or other environmental conditions."" [GOC:add]",217,959,20,20972,0.020855057351407715,0.09216589861751152,query_1,['GO:0009987']
GO:BP,GO:0032231,regulation of actin filament bundle assembly,0.016109689282025053,True,"""Any process that modulates the frequency, rate or extent of the assembly of actin filament bundles."" [GOC:mah]",102,959,12,20972,0.01251303441084463,0.11764705882352941,query_1,"['GO:0044087', 'GO:0051017', 'GO:0110053']"
GO:BP,GO:1902680,positive regulation of RNA biosynthetic process,0.016199964697403885,True,"""Any process that activates or increases the frequency, rate or extent of RNA biosynthetic process."" [GO:jl, GO_REF:0000058, GOC:TermGenie]",1674,959,101,20972,0.10531803962460896,0.06033452807646356,query_1,"['GO:0010557', 'GO:0032774', 'GO:0051254', 'GO:2001141']"
GO:BP,GO:0042475,odontogenesis of dentin-containing tooth,0.016227533990221463,True,"""The process whose specific outcome is the progression of a dentin-containing tooth over time, from its formation to the mature structure. A dentin-containing tooth is a hard, bony organ borne on the jaw or other bone of a vertebrate, and is composed mainly of dentin, a dense calcified substance, covered by a layer of enamel."" [GOC:cjm, GOC:mah, GOC:mtg_sensu, PMID:10333884, PMID:15355794]",89,959,11,20972,0.011470281543274244,0.12359550561797752,query_1,['GO:0042476']
GO:BP,GO:2000106,regulation of leukocyte apoptotic process,0.016227533990221463,True,"""Any process that modulates the frequency, rate or extent of leukocyte apoptotic process."" [GOC:BHF, GOC:mtg_apoptosis]",89,959,11,20972,0.011470281543274244,0.12359550561797752,query_1,"['GO:0042981', 'GO:0071887']"
GO:BP,GO:0097581,lamellipodium organization,0.016227533990221463,True,"""A process that is carried out at the cellular level which results in the assembly, arrangement of constituent parts, or disassembly of a lamellipodium. A lamellipodium is a thin sheetlike process extended by the leading edge of a crawling fibroblast; contains a dense meshwork of actin filaments."" [GOC:als, PMID:16054028]",89,959,11,20972,0.011470281543274244,0.12359550561797752,query_1,['GO:0120036']
GO:BP,GO:0060037,pharyngeal system development,0.016594331202023565,True,"""The process whose specific outcome is the progression of the pharyngeal system over time, from its formation to the mature structure. The pharyngeal system is a transient embryonic complex that is specific to vertebrates. It comprises the pharyngeal arches, bulges of tissues of mesoderm and neural crest derivation through which pass nerves and pharyngeal arch arteries. The arches are separated internally by pharyngeal pouches, evaginations of foregut endoderm, and externally by pharyngeal clefts, invaginations of surface ectoderm. The development of the system ends when the structure it contributes to are forming: the thymus, thyroid, parathyroids, maxilla, mandible, aortic arch, cardiac outflow tract, external and middle ear."" [GOC:dph]",31,959,6,20972,0.006256517205422315,0.1935483870967742,query_1,"['GO:0043009', 'GO:0048731']"
GO:BP,GO:0010575,positive regulation of vascular endothelial growth factor production,0.016594331202023565,True,"""Any process that increases or activates the frequency, rate, or extent of production of vascular endothelial growth factor."" [GOC:BHF, GOC:rl]",31,959,6,20972,0.006256517205422315,0.1935483870967742,query_1,"['GO:0001819', 'GO:0010573', 'GO:0010574']"
GO:BP,GO:0150146,cell junction disassembly,0.016594331202023565,True,"""The disaggregation of a cell junction into its constituent components."" [GOC:aruk, PMID:25490267]",31,959,6,20972,0.006256517205422315,0.1935483870967742,query_1,"['GO:0022411', 'GO:0034330']"
GO:BP,GO:1903900,regulation of viral life cycle,0.016618005094573937,True,"""Any process that modulates the frequency, rate or extent of viral life cycle."" [GO_REF:0000058, GOC:TermGenie, PMID:18005716]",116,959,13,20972,0.013555787278415016,0.11206896551724138,query_1,"['GO:0019058', 'GO:0050792']"
GO:BP,GO:0018958,phenol-containing compound metabolic process,0.016618005094573937,True,"""The chemical reactions and pathways involving a phenol, any compound containing one or more hydroxyl groups directly attached to an aromatic carbon ring."" [ISBN:0198506732]",116,959,13,20972,0.013555787278415016,0.11206896551724138,query_1,['GO:0008152']
GO:BP,GO:0046822,regulation of nucleocytoplasmic transport,0.016618005094573937,True,"""Any process that modulates the frequency, rate or extent of the directed movement of substances between the nucleus and the cytoplasm."" [GOC:bf]",116,959,13,20972,0.013555787278415016,0.11206896551724138,query_1,"['GO:0006913', 'GO:0032386']"
GO:BP,GO:0050708,regulation of protein secretion,0.01693276170884085,True,"""Any process that modulates the frequency, rate or extent of the controlled release of a protein from a cell."" [GOC:ai]",265,959,23,20972,0.023983315954118872,0.08679245283018867,query_1,"['GO:0009306', 'GO:0051223', 'GO:1903530']"
GO:BP,GO:0007517,muscle organ development,0.01702874640488904,True,"""The process whose specific outcome is the progression of the muscle over time, from its formation to the mature structure. The muscle is an organ consisting of a tissue made up of various elongated cells that are specialized to contract and thus to produce movement and mechanical work."" [GOC:jid, ISBN:0198506732]",362,959,29,20972,0.03023983315954119,0.08011049723756906,query_1,"['GO:0048513', 'GO:0061061']"
GO:BP,GO:0150076,neuroinflammatory response,0.017256010551856393,True,"""The immediate defensive reaction by neural vertebrate tissue to infection or injury caused by chemical or physical agents."" [GOC:aruk, GOC:bc, PMID:10981966, PMID:11099416, PMID:18164423]",77,959,10,20972,0.010427528675703858,0.12987012987012986,query_1,['GO:0006954']
GO:BP,GO:0051017,actin filament bundle assembly,0.017256010551856393,True,"""The assembly of actin filament bundles; actin filaments are on the same axis but may be oriented with the same or opposite polarities and may be packed with different levels of tightness."" [GOC:ai]",159,959,16,20972,0.016684045881126174,0.10062893081761007,query_1,"['GO:0022607', 'GO:0061572']"
GO:BP,GO:0005976,polysaccharide metabolic process,0.017256010551856393,True,"""The chemical reactions and pathways involving a polysaccharide, a polymer of many (typically more than 10) monosaccharide residues linked glycosidically."" [ISBN:0198547684]",103,959,12,20972,0.01251303441084463,0.11650485436893204,query_1,"['GO:0005975', 'GO:0043170']"
GO:BP,GO:0032526,response to retinoic acid,0.017256010551856393,True,"""Any process that results in a change in state or activity of a cell or an organism (in terms of movement, secretion, enzyme production, gene expression, etc.) as a result of a retinoic acid stimulus."" [GOC:sl]",103,959,12,20972,0.01251303441084463,0.11650485436893204,query_1,"['GO:0033993', 'GO:1901700']"
REAC,REAC:R-HSA-500792,GPCR ligand binding,0.01738972301945569,True,GPCR ligand binding,460,648,46,11056,0.07098765432098765,0.1,query_1,['REAC:R-HSA-372790']
GO:BP,GO:1901135,carbohydrate derivative metabolic process,0.017404132003904838,True,"""The chemical reactions and pathways involving carbohydrate derivative."" [GOC:TermGenie]",943,959,62,20972,0.06465067778936393,0.06574761399787911,query_1,['GO:0008152']
GO:BP,GO:0031669,cellular response to nutrient levels,0.017415259034355098,True,"""Any process that results in a change in state or activity of a cell (in terms of movement, secretion, enzyme production, gene expression, etc.) as a result of a stimulus reflecting the presence, absence, or concentration of nutrients."" [GOC:mah]",250,959,22,20972,0.022940563086548488,0.088,query_1,"['GO:0031667', 'GO:0051716']"
GO:BP,GO:0051492,regulation of stress fiber assembly,0.017471684787938042,True,"""Any process that modulates the frequency, rate or extent of the assembly of a stress fiber, a bundle of microfilaments and other proteins found in fibroblasts."" [GOC:ai]",90,959,11,20972,0.011470281543274244,0.12222222222222222,query_1,"['GO:0032231', 'GO:0043149', 'GO:0110020']"
GO:BP,GO:0016101,diterpenoid metabolic process,0.017471684787938042,True,"""The chemical reactions and pathways involving diterpenoid compounds, terpenoids with four isoprene units."" [ISBN:0198547684]",90,959,11,20972,0.011470281543274244,0.12222222222222222,query_1,['GO:0006721']
GO:BP,GO:0042572,retinol metabolic process,0.017471684787938042,True,"""The chemical reactions and pathways involving retinol, one of the three compounds that makes up vitamin A."" [GOC:jl, PMID:1924551]",53,959,8,20972,0.008342022940563087,0.1509433962264151,query_1,"['GO:0001523', 'GO:0034308', 'GO:0042445', 'GO:0120254']"
GO:BP,GO:0071887,leukocyte apoptotic process,0.017740413048284807,True,"""Any apoptotic process in a leukocyte, an achromatic cell of the myeloid or lymphoid lineages capable of ameboid movement, found in blood or other tissue."" [CL:0000738, GOC:BHF, GOC:mah, GOC:mtg_apoptosis]",117,959,13,20972,0.013555787278415016,0.1111111111111111,query_1,['GO:0006915']
GO:BP,GO:0070201,regulation of establishment of protein localization,0.017748165108949804,True,"""Any process that modulates the frequency, rate or extent of the directed movement of a protein to a specific location."" [GOC:BHF, GOC:mah]",481,959,36,20972,0.03753910323253389,0.07484407484407485,query_1,"['GO:0032880', 'GO:0045184']"
GO:BP,GO:0046628,positive regulation of insulin receptor signaling pathway,0.017779672686159372,True,"""Any process that increases the frequency, rate or extent of insulin receptor signaling."" [GOC:bf]",22,959,5,20972,0.005213764337851929,0.22727272727272727,query_1,"['GO:0008286', 'GO:0009967', 'GO:0046626', 'GO:1900078']"
GO:BP,GO:0048701,embryonic cranial skeleton morphogenesis,0.017779672686159372,True,"""The process in which the anatomical structures of the cranial skeleton are generated and organized during the embryonic phase."" [GOC:dsf, GOC:jid, PMID:16049113]",42,959,7,20972,0.0072992700729927005,0.16666666666666666,query_1,"['GO:0048704', 'GO:1904888']"
GO:BP,GO:0046006,regulation of activated T cell proliferation,0.017779672686159372,True,"""Any process that modulates the frequency, rate or extent of activated T cell proliferation."" [GOC:go_curators]",42,959,7,20972,0.0072992700729927005,0.16666666666666666,query_1,"['GO:0042129', 'GO:0050798']"
GO:BP,GO:0060560,developmental growth involved in morphogenesis,0.017779672686159372,True,"""The increase in size or mass of an anatomical structure that contributes to the structure attaining its shape."" [GOC:dph]",235,959,21,20972,0.021897810218978103,0.08936170212765958,query_1,"['GO:0009653', 'GO:0048589']"
GO:BP,GO:1902644,tertiary alcohol metabolic process,0.017779672686159372,True,"""The chemical reactions and pathways involving tertiary alcohol."" [GO_REF:0000068, GOC:mengo_curators, GOC:TermGenie, PMID:11288200]",22,959,5,20972,0.005213764337851929,0.22727272727272727,query_1,['GO:0006066']
GO:BP,GO:1902991,regulation of amyloid precursor protein catabolic process,0.017779672686159372,True,"""Any process that modulates the frequency, rate or extent of amyloid precursor protein catabolic process."" [GO_REF:0000058, GOC:PARL, GOC:rl, GOC:TermGenie, PMID:24499793]",42,959,7,20972,0.0072992700729927005,0.16666666666666666,query_1,"['GO:0042987', 'GO:0051246']"
GO:BP,GO:0005978,glycogen biosynthetic process,0.017779672686159372,True,"""The chemical reactions and pathways resulting in the formation of glycogen, a polydisperse, highly branched glucan composed of chains of D-glucose residues."" [ISBN:0198506732]",42,959,7,20972,0.0072992700729927005,0.16666666666666666,query_1,"['GO:0005977', 'GO:0009250']"
GO:BP,GO:0009250,glucan biosynthetic process,0.017779672686159372,True,"""The chemical reactions and pathways resulting in the formation of glucans, polysaccharides consisting only of glucose residues."" [GOC:go_curators]",42,959,7,20972,0.0072992700729927005,0.16666666666666666,query_1,"['GO:0000271', 'GO:0044042']"
GO:BP,GO:0001937,negative regulation of endothelial cell proliferation,0.017779672686159372,True,"""Any process that stops, prevents, or reduces the rate or extent of endothelial cell proliferation."" [GOC:add]",42,959,7,20972,0.0072992700729927005,0.16666666666666666,query_1,"['GO:0001935', 'GO:0001936', 'GO:0050680']"
GO:BP,GO:0048709,oligodendrocyte differentiation,0.01835486106804024,True,"""The process in which a relatively unspecialized cell acquires the specialized features of an oligodendrocyte. An oligodendrocyte is a type of glial cell involved in myelinating the axons of neurons in the central nervous system."" [GOC:vp, PMID:15139015]",104,959,12,20972,0.01251303441084463,0.11538461538461539,query_1,"['GO:0007417', 'GO:0010001']"
GO:BP,GO:0031341,regulation of cell killing,0.01835486106804024,True,"""Any process that modulates the frequency, rate or extent of cell killing, the process in which a cell brings about the death of another cell, either in the same or a different organism."" [GOC:mah]",104,959,12,20972,0.01251303441084463,0.11538461538461539,query_1,"['GO:0001906', 'GO:0050794']"
GO:BP,GO:0043500,muscle adaptation,0.01835486106804024,True,"""A process in which muscle adapts, with consequent modifications to structural and/or functional phenotypes, in response to a stimulus. Stimuli include contractile activity, loading conditions, substrate supply, and environmental factors. These adaptive events occur in both muscle fibers and associated structures (motoneurons and capillaries), and they involve alterations in regulatory mechanisms, contractile properties and metabolic capacities."" [GOC:mtg_muscle, PMID:11181628, PMID:11449884, PMID:12605307]",104,959,12,20972,0.01251303441084463,0.11538461538461539,query_1,"['GO:0003012', 'GO:0050896']"
GO:BP,GO:0042102,positive regulation of T cell proliferation,0.01835486106804024,True,"""Any process that activates or increases the rate or extent of T cell proliferation."" [GOC:ai]",104,959,12,20972,0.01251303441084463,0.11538461538461539,query_1,"['GO:0042098', 'GO:0042129', 'GO:0050671', 'GO:0050870']"
GO:BP,GO:0048534,hematopoietic or lymphoid organ development,0.01835486106804024,True,"""The process whose specific outcome is the progression of any organ involved in hematopoiesis (also known as hemopoiesis) or lymphoid cell activation over time, from its formation to the mature structure. Such development includes differentiation of resident cell types (stromal cells) and of migratory cell types dependent on the unique microenvironment afforded by the organ for their proper differentiation."" [GOC:add, GOC:rl, ISBN:0781735149]",104,959,12,20972,0.01251303441084463,0.11538461538461539,query_1,"['GO:0002520', 'GO:0048513']"
GO:BP,GO:0007584,response to nutrient,0.018588683440326027,True,"""Any process that results in a change in state or activity of a cell or an organism (in terms of movement, secretion, enzyme production, gene expression, etc.) as a result of a nutrient stimulus."" [GOC:go_curators]",146,959,15,20972,0.01564129301355579,0.10273972602739725,query_1,"['GO:0031667', 'GO:0042221']"
GO:BP,GO:0048644,muscle organ morphogenesis,0.018598084621439883,True,"""The process in which the anatomical structures of muscle are generated and organized."" [GOC:jid]",78,959,10,20972,0.010427528675703858,0.1282051282051282,query_1,"['GO:0007517', 'GO:0009887']"
GO:BP,GO:1901331,positive regulation of odontoblast differentiation,0.018732885652824428,True,"""Any process that activates or increases the frequency, rate or extent of odontoblast differentiation."" [GOC:TermGenie]",7,959,3,20972,0.0031282586027111575,0.42857142857142855,query_1,"['GO:0071895', 'GO:1901329', 'GO:1902913']"
GO:BP,GO:0010641,positive regulation of platelet-derived growth factor receptor signaling pathway,0.018732885652824428,True,"""Any process that increases the frequency, rate or extent of the platelet-derived growth factor receptor signaling pathway."" [GOC:dph, GOC:hjd, GOC:tb]",7,959,3,20972,0.0031282586027111575,0.42857142857142855,query_1,"['GO:0009967', 'GO:0010640', 'GO:0048008']"
GO:BP,GO:0060745,mammary gland branching involved in pregnancy,0.018732885652824428,True,"""The process in which the branching structure of the mammary gland duct is generated and organized as a part of pregnancy."" [GOC:dph, PMID:19261859]",7,959,3,20972,0.0031282586027111575,0.42857142857142855,query_1,"['GO:0003006', 'GO:0060135', 'GO:0060444']"
GO:BP,GO:0034334,adherens junction maintenance,0.018732885652824428,True,"""The maintenance of an adherens junction. An adherens junction is a cell-cell junction composed of the epithelial cadherin-catenin complex at which the cytoplasmic face of the plasma membrane is attached to actin filaments."" [GOC:aruk, GOC:bc, GOC:mah]",7,959,3,20972,0.0031282586027111575,0.42857142857142855,query_1,"['GO:0034332', 'GO:0045217']"
GO:BP,GO:0010760,negative regulation of macrophage chemotaxis,0.018732885652824428,True,"""Any process that decreases the rate, frequency or extent of macrophage chemotaxis. Macrophage chemotaxis is the movement of a macrophage in response to an external stimulus."" [GOC:BHF, GOC:dph, GOC:tb]",7,959,3,20972,0.0031282586027111575,0.42857142857142855,query_1,"['GO:0002689', 'GO:0010758', 'GO:0048246', 'GO:1905522']"
GO:BP,GO:0072126,positive regulation of glomerular mesangial cell proliferation,0.018732885652824428,True,"""Any process that increases the frequency, rate or extent of glomerular mesangial cell proliferation."" [GOC:mtg_kidney_jan10]",7,959,3,20972,0.0031282586027111575,0.42857142857142855,query_1,"['GO:0072110', 'GO:0072124', 'GO:1901724']"
GO:BP,GO:0007059,chromosome segregation,0.018732885652824428,True,"""The process in which genetic material, in the form of chromosomes, is organized into specific structures and then physically separated and apportioned to two or more sets. In eukaryotes, chromosome segregation begins with the condensation of chromosomes, includes chromosome separation, and ends when chromosomes have completed movement to the spindle poles."" [GOC:jl, GOC:mah, GOC:mtg_cell_cycle, GOC:vw]",432,959,33,20972,0.03441084462982273,0.0763888888888889,query_1,['GO:0022402']
GO:BP,GO:0051983,regulation of chromosome segregation,0.018732885652824428,True,"""Any process that modulates the frequency, rate or extent of chromosome segregation, the process in which genetic material, in the form of chromosomes, is organized and then physically separated and apportioned to two or more sets."" [GOC:ai]",132,959,14,20972,0.014598540145985401,0.10606060606060606,query_1,"['GO:0007059', 'GO:0010564']"
GO:BP,GO:0060440,trachea formation,0.018732885652824428,True,"""The process pertaining to the initial formation of a trachea from unspecified parts. The process begins with the specific processes that contribute to the appearance of the discrete structure and ends when the trachea is recognizable. The trachea is the portion of the airway that attaches to the bronchi as it branches."" [GOC:dph]",7,959,3,20972,0.0031282586027111575,0.42857142857142855,query_1,"['GO:0048645', 'GO:0060439']"
GO:BP,GO:0090022,regulation of neutrophil chemotaxis,0.018844848597885714,True,"""Any process that modulates the frequency, rate, or extent of neutrophil chemotaxis. Neutrophil chemotaxis is the directed movement of a neutrophil cell, the most numerous polymorphonuclear leukocyte found in the blood, in response to an external stimulus, usually an infection or wounding."" [GOC:dph, GOC:tb]",32,959,6,20972,0.006256517205422315,0.1875,query_1,"['GO:0030593', 'GO:0071622', 'GO:1902622']"
GO:BP,GO:1905820,positive regulation of chromosome separation,0.018844848597885714,True,"""Any process that activates or increases the frequency, rate or extent of chromosome separation."" [GO_REF:0000058, GOC:bhm, GOC:TermGenie, PMID:21795393]",32,959,6,20972,0.006256517205422315,0.1875,query_1,"['GO:0051304', 'GO:0090068', 'GO:1905818']"
GO:BP,GO:0002825,regulation of T-helper 1 type immune response,0.018844848597885714,True,"""Any process that modulates the frequency, rate, or extent of a T-helper 1 type immune response."" [GOC:add]",32,959,6,20972,0.006256517205422315,0.1875,query_1,"['GO:0002822', 'GO:0042088']"
GO:BP,GO:0032965,regulation of collagen biosynthetic process,0.018844848597885714,True,"""Any process that modulates the frequency, rate or extent of the chemical reactions and pathways resulting in the formation of collagen, any of a group of fibrous proteins of very high tensile strength that form the main component of connective tissue in animals."" [GOC:mah]",32,959,6,20972,0.006256517205422315,0.1875,query_1,"['GO:0009889', 'GO:0010712', 'GO:0032964']"
GO:BP,GO:0002719,negative regulation of cytokine production involved in immune response,0.018844848597885714,True,"""Any process that stops, prevents, or reduces the frequency, rate, or extent of cytokine production contributing to an immune response."" [GOC:add]",32,959,6,20972,0.006256517205422315,0.1875,query_1,"['GO:0001818', 'GO:0002367', 'GO:0002701', 'GO:0002718']"
GO:BP,GO:0071676,negative regulation of mononuclear cell migration,0.018844848597885714,True,"""Any process that decreases the rate, frequency or extent of mononuclear cell migration. Mononuclear cell migration is the movement of a mononuclear cell within or between different tissues and organs of the body."" [GOC:mah]",32,959,6,20972,0.006256517205422315,0.1875,query_1,"['GO:0002686', 'GO:0071674', 'GO:0071675']"
GO:BP,GO:0032506,cytokinetic process,0.019079573911924608,True,"""A cellular process that is involved in cytokinesis (the division of the cytoplasm of a cell and its separation into two daughter cells)."" [GOC:bf, GOC:isa_complete, GOC:mah]",54,959,8,20972,0.008342022940563087,0.14814814814814814,query_1,"['GO:0000910', 'GO:0022402']"
GO:BP,GO:0032924,activin receptor signaling pathway,0.019079573911924608,True,"""The series of molecular signals initiated by an extracellular ligand binding to an activin receptor on the surface of a target cell, and ending with the regulation of a downstream cellular process, e.g. transcription."" [GOC:rl, GOC:signaling]",54,959,8,20972,0.008342022940563087,0.14814814814814814,query_1,['GO:0141091']
GO:BP,GO:0050873,brown fat cell differentiation,0.019079573911924608,True,"""The process in which a relatively unspecialized cell acquires specialized features of a brown adipocyte, an animal connective tissue cell involved in adaptive thermogenesis. Brown adipocytes contain multiple small droplets of triglycerides and a high number of mitochondria."" [PMID:12588810]",54,959,8,20972,0.008342022940563087,0.14814814814814814,query_1,['GO:0045444']
GO:BP,GO:0040014,regulation of multicellular organism growth,0.019140313634193613,True,"""Any process that modulates the frequency, rate or extent of growth of the body of an organism so that it reaches its usual body size."" [GOC:dph, GOC:ems, GOC:tb]",66,959,9,20972,0.009384775808133473,0.13636363636363635,query_1,"['GO:0035264', 'GO:0048638', 'GO:0051239']"
GO:BP,GO:0034394,protein localization to cell surface,0.019140313634193613,True,"""A process in which a protein is transported to, or maintained in, a location within the external part of the cell wall and/or plasma membrane."" [GOC:mah]",66,959,9,20972,0.009384775808133473,0.13636363636363635,query_1,['GO:0008104']
GO:BP,GO:2000095,"regulation of Wnt signaling pathway, planar cell polarity pathway",0.019175227127211984,True,"""Any process that modulates the frequency, rate or extent of Wnt signaling pathway, planar cell polarity pathway."" [GOC:BHF]",14,959,4,20972,0.004171011470281543,0.2857142857142857,query_1,"['GO:0060071', 'GO:2000050']"
GO:BP,GO:1901201,regulation of extracellular matrix assembly,0.019175227127211984,True,"""Any process that modulates the frequency, rate or extent of extracellular matrix assembly."" [GOC:BHF, GOC:TermGenie]",14,959,4,20972,0.004171011470281543,0.2857142857142857,query_1,"['GO:0044087', 'GO:0085029', 'GO:1903053']"
GO:BP,GO:0008212,mineralocorticoid metabolic process,0.019175227127211984,True,"""The chemical reactions and pathways involving mineralocorticoids, hormonal C21 corticosteroids synthesized from cholesterol. Mineralocorticoids act primarily on water and electrolyte balance."" [ISBN:0198506732]",14,959,4,20972,0.004171011470281543,0.2857142857142857,query_1,"['GO:0008202', 'GO:0042445']"
GO:BP,GO:0048010,vascular endothelial growth factor receptor signaling pathway,0.019437589966012712,True,"""The series of molecular signals initiated by a ligand binding to a vascular endothelial growth factor receptor (VEGFR) on the surface of the target cell, and ending with the regulation of a downstream cellular process, e.g. transcription."" [GOC:ceb, GOC:signaling]",105,959,12,20972,0.01251303441084463,0.11428571428571428,query_1,['GO:0007169']
GO:BP,GO:0007389,pattern specification process,0.019703327513606598,True,"""Any developmental process that results in the creation of defined areas or spaces within an organism to which cells respond and eventually are instructed to differentiate."" [GOC:go_curators, GOC:isa_complete, ISBN:0521436125]",468,959,35,20972,0.0364963503649635,0.07478632478632478,query_1,"['GO:0007275', 'GO:0032501']"
GO:BP,GO:0050864,regulation of B cell activation,0.019785940030654238,True,"""Any process that modulates the frequency, rate or extent of B cell activation."" [GOC:ai]",133,959,14,20972,0.014598540145985401,0.10526315789473684,query_1,"['GO:0042113', 'GO:0051249']"
GO:BP,GO:0050922,negative regulation of chemotaxis,0.01980552971337876,True,"""Any process that stops, prevents, or reduces the frequency, rate or extent of the directed movement of a motile cell or organism in response to a specific chemical concentration gradient."" [GOC:ai]",43,959,7,20972,0.0072992700729927005,0.16279069767441862,query_1,"['GO:0006935', 'GO:0032102', 'GO:0040013', 'GO:0050920']"
GO:BP,GO:0060419,heart growth,0.01990053257988166,True,"""The increase in size or mass of the heart."" [GOC:dph, GOC:tb]",79,959,10,20972,0.010427528675703858,0.12658227848101267,query_1,"['GO:0007507', 'GO:0035265']"
GO:BP,GO:0050730,regulation of peptidyl-tyrosine phosphorylation,0.01990053257988166,True,"""Any process that modulates the frequency, rate or extent of the phosphorylation of peptidyl-tyrosine."" [GOC:ai]",92,959,11,20972,0.011470281543274244,0.11956521739130435,query_1,"['GO:0001932', 'GO:0018108']"
GO:BP,GO:0044087,regulation of cellular component biogenesis,0.01990053257988166,True,"""Any process that modulates the frequency, rate or extent of cellular component biogenesis, a process that results in the biosynthesis of constituent macromolecules, assembly, and arrangement of constituent parts of a cellular component."" [GOC:jl]",1006,959,65,20972,0.06777893639207508,0.06461232604373758,query_1,"['GO:0044085', 'GO:0050794']"
GO:BP,GO:0043535,regulation of blood vessel endothelial cell migration,0.01990053257988166,True,"""Any process that modulates the frequency, rate or extent of the migration of the endothelial cells of blood vessels."" [GOC:go_curators]",92,959,11,20972,0.011470281543274244,0.11956521739130435,query_1,"['GO:0010594', 'GO:0043534']"
GO:BP,GO:0061572,actin filament bundle organization,0.01990053257988166,True,"""A process that results in the assembly, arrangement of constituent parts, or disassembly of an actin filament bundle."" [GOC:dph]",162,959,16,20972,0.016684045881126174,0.09876543209876543,query_1,['GO:0007015']
GO:BP,GO:0006575,modified amino acid metabolic process,0.020054794250257354,True,"""The chemical reactions and pathways involving compounds derived from amino acids, organic acids containing one or more amino substituents."" [GOC:ai]",177,959,17,20972,0.017726798748696558,0.096045197740113,query_1,['GO:0008152']
GO:BP,GO:0043085,positive regulation of catalytic activity,0.020291252415689662,True,"""Any process that activates or increases the activity of an enzyme."" [GOC:ebc, GOC:jl, GOC:tb, GOC:vw]",452,959,34,20972,0.035453597497393116,0.0752212389380531,query_1,"['GO:0044093', 'GO:0050790']"
GO:BP,GO:0045088,regulation of innate immune response,0.020912745310246336,True,"""Any process that modulates the frequency, rate or extent of the innate immune response, the organism's first line of defense against infection."" [GOC:ebc]",470,959,35,20972,0.0364963503649635,0.07446808510638298,query_1,"['GO:0002831', 'GO:0031347', 'GO:0032101', 'GO:0045087', 'GO:0050776']"
GO:BP,GO:0030888,regulation of B cell proliferation,0.0209436591336854,True,"""Any process that modulates the frequency, rate or extent of B cell proliferation."" [GOC:mah]",67,959,9,20972,0.009384775808133473,0.13432835820895522,query_1,"['GO:0042100', 'GO:0050670', 'GO:0050864']"
GO:BP,GO:0015718,monocarboxylic acid transport,0.020968486088833067,True,"""The directed movement of monocarboxylic acids into, out of or within a cell, or between cells, by means of some agent such as a transporter or pore."" [GOC:krc]",178,959,17,20972,0.017726798748696558,0.09550561797752809,query_1,['GO:0046942']
GO:BP,GO:0050870,positive regulation of T cell activation,0.020968486088833067,True,"""Any process that activates or increases the frequency, rate or extent of T cell activation."" [GOC:ai]",255,959,22,20972,0.022940563086548488,0.08627450980392157,query_1,"['GO:0042110', 'GO:0050863', 'GO:0051251', 'GO:1903039']"
GO:BP,GO:0007266,Rho protein signal transduction,0.020968486088833067,True,"""An intracellular signaling cassette in which a small monomeric GTPase of the Rho subfamily relays a signal."" [GOC:bf]",134,959,14,20972,0.014598540145985401,0.1044776119402985,query_1,['GO:0007264']
GO:BP,GO:0006720,isoprenoid metabolic process,0.020968486088833067,True,"""The chemical reactions and pathways involving isoprenoid compounds, isoprene (2-methylbuta-1,3-diene) or compounds containing or derived from linked isoprene (3-methyl-2-butenylene) residues."" [ISBN:0198547684]",120,959,13,20972,0.013555787278415016,0.10833333333333334,query_1,['GO:0006629']
GO:BP,GO:0003158,endothelium development,0.020968486088833067,True,"""The process whose specific outcome is the progression of an endothelium over time, from its formation to the mature structure. Endothelium refers to the layer of cells lining blood vessels, lymphatics, the heart, and serous cavities, and is derived from bone marrow or mesoderm. Corneal endothelium is a special case, derived from neural crest cells."" [GOC:mtg_heart]",134,959,14,20972,0.014598540145985401,0.1044776119402985,query_1,['GO:0060429']
GO:BP,GO:0010611,regulation of cardiac muscle hypertrophy,0.020968486088833067,True,"""Any process that modulates the rate, frequency or extent of the enlargement or overgrowth of all or part of the heart due to an increase in size (not length) of individual cardiac muscle fibers, without cell division."" [GOC:dph, GOC:tb]",55,959,8,20972,0.008342022940563087,0.14545454545454545,query_1,"['GO:0003300', 'GO:0014743', 'GO:0043502']"
GO:BP,GO:0005975,carbohydrate metabolic process,0.020968486088833067,True,"""The chemical reactions and pathways involving carbohydrates, any of a group of organic compounds based of the general formula Cx(H2O)y."" [GOC:mah, ISBN:0198506732]",557,959,40,20972,0.04171011470281543,0.0718132854578097,query_1,['GO:0044238']
GO:BP,GO:0030539,male genitalia development,0.020968486088833067,True,"""The process whose specific outcome is the progression of the male genitalia over time, from its formation to the mature structure."" [GOC:ems, ISBN:0140512888]",23,959,5,20972,0.005213764337851929,0.21739130434782608,query_1,"['GO:0046661', 'GO:0048806', 'GO:0061458']"
GO:BP,GO:0038145,macrophage colony-stimulating factor signaling pathway,0.020968486088833067,True,"""The series of molecular signals initiated by the binding of the cytokine macrophage colony-stimulating factor (M-CSF) to its receptor on the surface of a target cell, and ending with the regulation of a downstream cellular process, e.g. transcription."" [GOC:signaling, GOC:uh, PMID:12138890, Wikipedia:Macrophage_colony-stimulating_factor]",55,959,8,20972,0.008342022940563087,0.14545454545454545,query_1,"['GO:0019221', 'GO:0036006']"
GO:BP,GO:0060444,branching involved in mammary gland duct morphogenesis,0.020968486088833067,True,"""The process in which the branching structure of the mammary gland duct is generated and organized. The mammary gland is a large compound sebaceous gland that in female mammals is modified to secrete milk."" [GOC:dph]",23,959,5,20972,0.005213764337851929,0.21739130434782608,query_1,"['GO:0048754', 'GO:0060603']"
GO:BP,GO:0001952,regulation of cell-matrix adhesion,0.020968486088833067,True,"""Any process that modulates the frequency, rate or extent of attachment of a cell to the extracellular matrix."" [GOC:hjd]",120,959,13,20972,0.013555787278415016,0.10833333333333334,query_1,"['GO:0007160', 'GO:0010810']"
GO:BP,GO:0001894,tissue homeostasis,0.020968486088833067,True,"""A homeostatic process involved in the maintenance of an internal steady state within a defined tissue of an organism, including control of cellular proliferation and death and control of metabolic function."" [GOC:add, GOC:isa_complete]",271,959,23,20972,0.023983315954118872,0.08487084870848709,query_1,"['GO:0048871', 'GO:0060249']"
GO:BP,GO:0060249,anatomical structure homeostasis,0.020968486088833067,True,"""A homeostatic process involved in the maintenance of an internal steady state within a defined anatomical structure of an organism, including control of cellular proliferation and death and control of metabolic function. An anatomical structure is any biological entity that occupies space and is distinguished from its surroundings. Anatomical structures can be macroscopic such as a carpel, or microscopic such as an acrosome."" [GOC:dph]",271,959,23,20972,0.023983315954118872,0.08487084870848709,query_1,['GO:0048871']
GO:BP,GO:0007044,cell-substrate junction assembly,0.02129643929451094,True,"""The aggregation, arrangement and bonding together of a set of components to form a junction between a cell and its substrate."" [GOC:mah]",93,959,11,20972,0.011470281543274244,0.11827956989247312,query_1,"['GO:0034329', 'GO:0150115']"
GO:BP,GO:0003073,regulation of systemic arterial blood pressure,0.02129643929451094,True,"""The process that modulates the force with which blood travels through the systemic arterial circulatory system. The process is controlled by a balance of processes that increase pressure and decrease pressure."" [GOC:mtg_cardio]",93,959,11,20972,0.011470281543274244,0.11827956989247312,query_1,['GO:0008217']
GO:BP,GO:0060021,roof of mouth development,0.02129643929451094,True,"""The biological process whose specific outcome is the progression of the roof of the mouth from an initial condition to its mature state. This process begins with the formation of the structure and ends with the mature structure. The roof of the mouth is the partition that separates the nasal and oral cavities."" [GOC:dph, ISBN:0721662544]",93,959,11,20972,0.011470281543274244,0.11827956989247312,query_1,['GO:0048856']
REAC,REAC:R-HSA-418594,G alpha (i) signalling events,0.021373923949744193,True,G alpha (i) signalling events,311,648,34,11056,0.05246913580246913,0.10932475884244373,query_1,['REAC:R-HSA-388396']
GO:BP,GO:0048799,animal organ maturation,0.021431055171413804,True,"""A developmental process, independent of morphogenetic (shape) change, that is required for an animal organ to attain its fully functional state. An organ is a tissue or set of tissues that work together to perform a specific function or functions."" [GOC:curators]",33,959,6,20972,0.006256517205422315,0.18181818181818182,query_1,"['GO:0048513', 'GO:0071695']"
GO:BP,GO:0014911,positive regulation of smooth muscle cell migration,0.021431055171413804,True,"""Any process that activates, maintains or increases the frequency, rate or extent of smooth muscle cell migration."" [CL:0000192, GOC:mtg_muscle]",33,959,6,20972,0.006256517205422315,0.18181818181818182,query_1,"['GO:0014909', 'GO:0014910', 'GO:0030335']"
GO:BP,GO:0009636,response to toxic substance,0.02152464736836152,True,"""Any process that results in a change in state or activity of a cell or an organism (in terms of movement, secretion, enzyme production, gene expression, etc.) as a result of a toxic stimulus."" [GOC:lr]",240,959,21,20972,0.021897810218978103,0.0875,query_1,['GO:0042221']
GO:BP,GO:0007548,sex differentiation,0.021743037955986706,True,"""The establishment of the sex of an organism by physical differentiation."" [GOC:ai]",288,959,24,20972,0.02502606882168926,0.08333333333333333,query_1,['GO:0003006']
GO:BP,GO:0060759,regulation of response to cytokine stimulus,0.02205364618858789,True,"""Any process that modulates the rate, frequency, or extent of a response to cytokine stimulus."" [GOC:BHF, GOC:dph, GOC:tb]",179,959,17,20972,0.017726798748696558,0.09497206703910614,query_1,"['GO:0034097', 'GO:0048583']"
GO:BP,GO:0001774,microglial cell activation,0.02205364618858789,True,"""The change in morphology and behavior of a microglial cell resulting from exposure to a cytokine, chemokine, cellular ligand, or soluble factor."" [GOC:mgi_curators, PMID:10626665, PMID:10695728, PMID:12580336, PMID:9893949]",44,959,7,20972,0.0072992700729927005,0.1590909090909091,query_1,"['GO:0002269', 'GO:0042116', 'GO:0061900']"
GO:BP,GO:1990748,cellular detoxification,0.022297752173123058,True,"""Any process carried out at the cellular level that reduces or removes the toxicity of a toxic substance. These may include transport of the toxic substance away from sensitive areas and to compartments or complexes whose purpose is sequestration of the toxic substance."" [GOC:vw]",121,959,13,20972,0.013555787278415016,0.10743801652892562,query_1,"['GO:0009987', 'GO:0097237', 'GO:0098754']"
GO:BP,GO:0045892,negative regulation of DNA-templated transcription,0.02234823525983447,True,"""Any process that stops, prevents, or reduces the frequency, rate or extent of cellular DNA-templated transcription."" [GOC:go_curators, GOC:txnOH]",1275,959,79,20972,0.08237747653806048,0.06196078431372549,query_1,"['GO:0006351', 'GO:0006355', 'GO:1902679']"
GO:BP,GO:0001701,in utero embryonic development,0.022787482451604738,True,"""The process whose specific outcome is the progression of the embryo in the uterus over time, from formation of the zygote in the oviduct, to birth. An example of this process is found in Mus musculus."" [GOC:go_curators, GOC:mtg_sensu]",405,959,31,20972,0.03232533889468196,0.07654320987654321,query_1,['GO:0043009']
GO:BP,GO:0031099,regeneration,0.023194209289283996,True,"""The regrowth of a lost or destroyed body part, such as an organ or tissue. This process may occur via renewal, repair, and/or growth alone (i.e. increase in size or mass)."" [GOC:mah, GOC:pr]",165,959,16,20972,0.016684045881126174,0.09696969696969697,query_1,['GO:0048856']
GO:BP,GO:1903532,positive regulation of secretion by cell,0.023588793173520174,True,"""Any process that activates or increases the frequency, rate or extent of secretion by cell."" [GO_REF:0000058, GOC:pm, GOC:TermGenie, PMID:12130530]",290,959,24,20972,0.02502606882168926,0.08275862068965517,query_1,"['GO:0032940', 'GO:0048522', 'GO:0051047', 'GO:1903530']"
GO:BP,GO:0033500,carbohydrate homeostasis,0.02369591404497598,True,"""A homeostatic process involved in the maintenance of an internal steady state of a carbohydrate within an organism or cell."" [GOC:mah]",258,959,22,20972,0.022940563086548488,0.08527131782945736,query_1,['GO:0048878']
GO:BP,GO:0001787,natural killer cell proliferation,0.024149653633002647,True,"""The expansion of a natural killer cell population by cell division."" [GOC:add, ISBN:0781735149]",15,959,4,20972,0.004171011470281543,0.26666666666666666,query_1,"['GO:0030101', 'GO:0046651']"
GO:BP,GO:0061307,cardiac neural crest cell differentiation involved in heart development,0.024149653633002647,True,"""The process in which a relatively unspecialized cell acquires specialized features of a cardiac neural crest cell that will migrate to the heart and contribute to its development. Cardiac neural crest cells are specialized cells that migrate toward the heart from the third, fourth and sixth pharyngeal arches."" [GOC:dph, GOC:mtg_heart, PMID:19705442]",15,959,4,20972,0.004171011470281543,0.26666666666666666,query_1,"['GO:0014033', 'GO:0035051']"
GO:BP,GO:0060026,convergent extension,0.024149653633002647,True,"""The morphogenetic process in which an epithelium narrows along one axis and lengthens in a perpendicular axis."" [GOC:dgf, GOC:dph, PMID:12062082]",15,959,4,20972,0.004171011470281543,0.26666666666666666,query_1,['GO:0002009']
GO:BP,GO:0050999,regulation of nitric-oxide synthase activity,0.024149653633002647,True,"""Any process that modulates the activity of the enzyme nitric-oxide synthase."" [GOC:ai]",15,959,4,20972,0.004171011470281543,0.26666666666666666,query_1,['GO:0051341']
GO:BP,GO:0072160,nephron tubule epithelial cell differentiation,0.024149653633002647,True,"""The process in which relatively unspecialized cells acquire specialized structural and/or functional features that characterize the cells of the nephron tubule as it progresses from its formation to the mature state."" [GOC:mtg_kidney_jan10]",15,959,4,20972,0.004171011470281543,0.26666666666666666,query_1,"['GO:0035850', 'GO:0072080']"
GO:BP,GO:1902412,regulation of mitotic cytokinesis,0.024149653633002647,True,"""Any process that modulates the frequency, rate or extent of mitotic cytokinesis."" [GOC:mtg_cell_cycle, GOC:TermGenie]",15,959,4,20972,0.004171011470281543,0.26666666666666666,query_1,"['GO:0000281', 'GO:0032465']"
GO:BP,GO:0002730,regulation of dendritic cell cytokine production,0.024149653633002647,True,"""Any process that modulates the frequency, rate, or extent of dendritic cell cytokine production."" [GOC:add]",15,959,4,20972,0.004171011470281543,0.26666666666666666,query_1,"['GO:0002371', 'GO:0002703', 'GO:0002718']"
GO:BP,GO:0060576,intestinal epithelial cell development,0.024149653633002647,True,"""The process whose specific outcome is the progression of a columnar/cuboidal epithelial cell of the intestine over time, from its formation to the mature structure."" [GOC:dph]",15,959,4,20972,0.004171011470281543,0.26666666666666666,query_1,"['GO:0002066', 'GO:0060575']"
GO:BP,GO:0002371,dendritic cell cytokine production,0.024149653633002647,True,"""Any process that contributes to cytokine production by a dendritic cell."" [GOC:add, ISBN:0781735149]",15,959,4,20972,0.004171011470281543,0.26666666666666666,query_1,"['GO:0002367', 'GO:0002443']"
GO:BP,GO:0061308,cardiac neural crest cell development involved in heart development,0.024149653633002647,True,"""The process aimed at the progression of a cardiac neural crest cell over time, from initial commitment of the cell to its specific fate, to the fully functional differentiated cell that contributes to the development of the heart."" [GOC:dph, GOC:mtg_heart]",15,959,4,20972,0.004171011470281543,0.26666666666666666,query_1,"['GO:0014032', 'GO:0061307']"
GO:BP,GO:0022412,cellular process involved in reproduction in multicellular organism,0.0242310698955571,True,"""A process, occurring at the cellular level, that is involved in the reproductive function of a multicellular organism."" [GOC:isa_complete]",424,959,32,20972,0.03336809176225235,0.07547169811320754,query_1,"['GO:0009987', 'GO:0048609']"
GO:BP,GO:0007264,small GTPase-mediated signal transduction,0.024456671270760257,True,"""An intracellular signaling cassette in which a small monomeric GTPase relays a signal."" [GOC:mah]",493,959,36,20972,0.03753910323253389,0.07302231237322515,query_1,['GO:0141124']
GO:BP,GO:0006790,sulfur compound metabolic process,0.024519699910667533,True,"""The chemical reactions and pathways involving the nonmetallic element sulfur or compounds that contain sulfur, such as the amino acids methionine and cysteine or the tripeptide glutathione."" [GOC:ai]",259,959,22,20972,0.022940563086548488,0.08494208494208494,query_1,['GO:0008152']
GO:BP,GO:1902882,regulation of response to oxidative stress,0.024519699910667533,True,"""Any process that modulates the frequency, rate or extent of response to oxidative stress."" [GO_REF:0000058, GOC:kmv, GOC:TermGenie, PMID:16899554]",34,959,6,20972,0.006256517205422315,0.17647058823529413,query_1,"['GO:0006979', 'GO:0080134']"
GO:BP,GO:0010574,regulation of vascular endothelial growth factor production,0.024519699910667533,True,"""Any process that modulates the frequency, rate, or extent of production of vascular endothelial growth factor."" [GOC:rl]",34,959,6,20972,0.006256517205422315,0.17647058823529413,query_1,"['GO:0001817', 'GO:0010573']"
GO:BP,GO:0034205,amyloid-beta formation,0.024543149525584798,True,"""The generation of amyloid-beta by cleavage of the amyloid precursor protein (APP)."" [GOC:mah]",45,959,7,20972,0.0072992700729927005,0.15555555555555556,query_1,"['GO:0042987', 'GO:0050435']"
GO:BP,GO:0032881,regulation of polysaccharide metabolic process,0.024543149525584798,True,"""Any process that modulates the frequency, rate or extent of the chemical reactions and pathways involving polysaccharides."" [GOC:mah]",45,959,7,20972,0.0072992700729927005,0.15555555555555556,query_1,"['GO:0005976', 'GO:0006109', 'GO:0060255']"
GO:BP,GO:0090266,regulation of mitotic cell cycle spindle assembly checkpoint,0.024543149525584798,True,"""Any process that modulates the rate, frequency, or extent of the mitotic cell cycle spindle assembly checkpoint, a cell cycle checkpoint that delays the metaphase/anaphase transition of a mitotic nuclear division until the spindle is correctly assembled and chromosomes are attached to the spindle."" [GOC:mtg_cell_cycle]",24,959,5,20972,0.005213764337851929,0.20833333333333334,query_1,"['GO:0007088', 'GO:0007094', 'GO:0010965', 'GO:0030071', 'GO:0033047', 'GO:1903504']"
GO:BP,GO:0070373,negative regulation of ERK1 and ERK2 cascade,0.024543149525584798,True,"""Any process that stops, prevents, or reduces the frequency, rate or extent of signal transduction mediated by the ERK1 and ERK2 cascade."" [GOC:add, ISBN:0121245462, ISBN:0896039986]",69,959,9,20972,0.009384775808133473,0.13043478260869565,query_1,"['GO:0043409', 'GO:0070371', 'GO:0070372']"
GO:BP,GO:1903504,regulation of mitotic spindle checkpoint,0.024543149525584798,True,"""Any process that modulates the frequency, rate or extent of mitotic spindle checkpoint."" [GO_REF:0000058, GOC:TermGenie, PMID:23442800]",24,959,5,20972,0.005213764337851929,0.20833333333333334,query_1,"['GO:0007346', 'GO:0071174', 'GO:0090231']"
GO:BP,GO:1902622,regulation of neutrophil migration,0.024543149525584798,True,"""Any process that modulates the frequency, rate or extent of neutrophil migration."" [GO_REF:0000058, GOC:TermGenie, PMID:1826836]",45,959,7,20972,0.0072992700729927005,0.15555555555555556,query_1,"['GO:0002685', 'GO:1990266']"
GO:BP,GO:0048247,lymphocyte chemotaxis,0.024543149525584798,True,"""The directed movement of a lymphocyte in response to an external stimulus."" [GOC:hjd, GOC:jid, PMID:12391252]",45,959,7,20972,0.0072992700729927005,0.15555555555555556,query_1,"['GO:0030595', 'GO:0072676']"
GO:BP,GO:0043255,regulation of carbohydrate biosynthetic process,0.024543149525584798,True,"""Any process that modulates the frequency, rate or extent of the chemical reactions and pathways resulting in the formation of carbohydrates."" [GOC:jl]",95,959,11,20972,0.011470281543274244,0.11578947368421053,query_1,"['GO:0006109', 'GO:0009889', 'GO:0016051']"
GO:BP,GO:1900078,positive regulation of cellular response to insulin stimulus,0.024543149525584798,True,"""Any process that activates or increases the frequency, rate or extent of cellular response to insulin stimulus."" [GOC:TermGenie, GOC:yaf]",24,959,5,20972,0.005213764337851929,0.20833333333333334,query_1,"['GO:0032869', 'GO:0048522', 'GO:0048584', 'GO:1900076']"
GO:BP,GO:0008360,regulation of cell shape,0.0245463849150464,True,"""Any process that modulates the surface configuration of a cell."" [GOC:dph, GOC:go_curators, GOC:tb]",137,959,14,20972,0.014598540145985401,0.10218978102189781,query_1,"['GO:0022604', 'GO:0065008']"
GO:BP,GO:0046632,alpha-beta T cell differentiation,0.0245463849150464,True,"""The process in which a precursor cell type acquires the specialized features of an alpha-beta T cell. An alpha-beta T cell is a T cell that expresses an alpha-beta T cell receptor complex."" [CL:0000789, GOC:ai]",137,959,14,20972,0.014598540145985401,0.10218978102189781,query_1,"['GO:0030217', 'GO:0046631']"
GO:BP,GO:0002253,activation of immune response,0.02457003661711126,True,"""Any process that initiates an immune response."" [GO_REF:0000022, GOC:add, ISBN:0781735149]",581,959,41,20972,0.04275286757038582,0.07056798623063683,query_1,"['GO:0002376', 'GO:0050778']"
GO:BP,GO:1904019,epithelial cell apoptotic process,0.02484633073310228,True,"""Any apoptotic process in an epithelial cell."" [GO_REF:0000085, GOC:TermGenie, PMID:19137015]",82,959,10,20972,0.010427528675703858,0.12195121951219512,query_1,['GO:0006915']
GO:BP,GO:0042552,myelination,0.025174703881489294,True,"""The process in which myelin sheaths are formed and maintained around neurons. Oligodendrocytes in the brain and spinal cord and Schwann cells in the peripheral nervous system wrap axons with compact layers of their plasma membrane. Adjacent myelin segments are separated by a non-myelinated stretch of axon called a node of Ranvier."" [GOC:dgh, GOC:mah]",152,959,15,20972,0.01564129301355579,0.09868421052631579,query_1,['GO:0008366']
GO:BP,GO:0071705,nitrogen compound transport,0.025514981650593647,True,"""The directed movement of nitrogen-containing compounds into, out of or within a cell, or between cells, by means of some agent such as a transporter or pore."" [GOC:mah]",798,959,53,20972,0.05526590198123045,0.06641604010025062,query_1,['GO:0006810']
GO:BP,GO:0050866,negative regulation of cell activation,0.02572239652273261,True,"""Any process that stops, prevents, or reduces the frequency, rate or extent of cell activation."" [GOC:ai]",213,959,19,20972,0.01981230448383733,0.0892018779342723,query_1,"['GO:0001775', 'GO:0048523', 'GO:0050865', 'GO:0051241']"
GO:BP,GO:1902679,negative regulation of RNA biosynthetic process,0.025919839730373557,True,"""Any process that stops, prevents or reduces the frequency, rate or extent of RNA biosynthetic process."" [GO:jl, GO_REF:0000058, GOC:TermGenie]",1284,959,79,20972,0.08237747653806048,0.061526479750778816,query_1,"['GO:0010558', 'GO:0032774', 'GO:0051253', 'GO:2001141']"
GO:BP,GO:0061564,axon development,0.02613045383198357,True,"""The progression of an axon over time. Covers axonogenesis (de novo generation of an axon) and axon regeneration (regrowth), as well as processes pertaining to the progression of the axon over time (fasciculation and defasciculation)."" [GOC:dph, GOC:pg, GOC:pr]",513,959,37,20972,0.03858185610010428,0.07212475633528265,query_1,['GO:0031175']
GO:BP,GO:0051781,positive regulation of cell division,0.02622017518210583,True,"""Any process that activates or increases the frequency, rate or extent of cell division."" [GOC:ai]",96,959,11,20972,0.011470281543274244,0.11458333333333333,query_1,"['GO:0048522', 'GO:0051301', 'GO:0051302']"
GO:BP,GO:0030032,lamellipodium assembly,0.026400525044146077,True,"""Formation of a lamellipodium, a thin sheetlike extension of the surface of a migrating cell."" [GOC:mah, ISBN:0815316194]",70,959,9,20972,0.009384775808133473,0.12857142857142856,query_1,"['GO:0097581', 'GO:0120031']"
GO:BP,GO:0006809,nitric oxide biosynthetic process,0.026400525044146077,True,"""The chemical reactions and pathways resulting in the formation of nitric oxide, nitrogen monoxide (NO), a colorless gas only slightly soluble in water."" [GOC:ai]",70,959,9,20972,0.009384775808133473,0.12857142857142856,query_1,"['GO:0009058', 'GO:0046209']"
GO:BP,GO:0140212,regulation of long-chain fatty acid import into cell,0.026400525044146077,True,"""Any process that modulates the frequency, rate or extent of long-chain fatty acid import into a cell."" [PMID:28178239]",8,959,3,20972,0.0031282586027111575,0.375,query_1,"['GO:0044539', 'GO:2000191']"
GO:BP,GO:0032347,regulation of aldosterone biosynthetic process,0.026400525044146077,True,"""Any process that modulates the frequency, rate or extent of the chemical reactions and pathways resulting in the formation of aldosterone."" [GOC:mah]",8,959,3,20972,0.0031282586027111575,0.375,query_1,"['GO:0010566', 'GO:0032342', 'GO:0032344', 'GO:0090030', 'GO:1902930']"
GO:BP,GO:0035744,T-helper 1 cell cytokine production,0.026400525044146077,True,"""Any process that contributes to cytokine production by a T-helper 1 cell."" [CL:0000545, GOC:BHF]",8,959,3,20972,0.0031282586027111575,0.375,query_1,"['GO:0035743', 'GO:0042088']"
GO:BP,GO:0061439,kidney vasculature morphogenesis,0.026400525044146077,True,"""The process in which the kidney vasculature is generated and organized. Morphogenesis pertains to the creation of form."" [GOC:dph, GOC:mtg_kidney_jan10]",8,959,3,20972,0.0031282586027111575,0.375,query_1,"['GO:0009653', 'GO:0061438', 'GO:0061440']"
GO:BP,GO:0001959,regulation of cytokine-mediated signaling pathway,0.026400525044146077,True,"""Any process that modulates the frequency, rate or extent of the cytokine mediated signaling pathway."" [GOC:hjd]",168,959,16,20972,0.016684045881126174,0.09523809523809523,query_1,"['GO:0009966', 'GO:0019221', 'GO:0060759']"
GO:BP,GO:0035442,dipeptide transmembrane transport,0.026400525044146077,True,"""The directed movement of a dipeptide across a membrane by means of some agent such as a transporter or pore. A dipeptide is a combination of two amino acids linked together by a peptide (-CO-NH-) bond."" [GOC:vw]",8,959,3,20972,0.0031282586027111575,0.375,query_1,"['GO:0035672', 'GO:0042938']"
GO:BP,GO:0032344,regulation of aldosterone metabolic process,0.026400525044146077,True,"""Any process that modulates the frequency, rate or extent of the chemical reactions and pathways involving aldosterone."" [GOC:mah]",8,959,3,20972,0.0031282586027111575,0.375,query_1,"['GO:0010565', 'GO:0019218', 'GO:0032341', 'GO:0032350', 'GO:0062012']"
GO:BP,GO:0009448,gamma-aminobutyric acid metabolic process,0.026400525044146077,True,"""The chemical reactions and pathways involving gamma-aminobutyric acid (GABA, 4-aminobutyrate), an amino acid which acts as a neurotransmitter in some organisms."" [ISBN:0198506732]",8,959,3,20972,0.0031282586027111575,0.375,query_1,"['GO:0032787', 'GO:0170041']"
GO:BP,GO:0042938,dipeptide transport,0.026400525044146077,True,"""The directed movement of a dipeptide, a combination of two amino acids by means of a peptide (-CO-NH-) link, into, out of or within a cell, or between cells, by means of some agent such as a transporter or pore."" [GOC:jl]",8,959,3,20972,0.0031282586027111575,0.375,query_1,['GO:0006857']
GO:BP,GO:2000556,positive regulation of T-helper 1 cell cytokine production,0.026400525044146077,True,"""Any process that activates or increases the frequency, rate or extent of T-helper 1 cell cytokine production."" [GOC:obol]",8,959,3,20972,0.0031282586027111575,0.375,query_1,"['GO:0002726', 'GO:0002827', 'GO:0035744', 'GO:2000554']"
GO:BP,GO:0006651,diacylglycerol biosynthetic process,0.026400525044146077,True,"""The chemical reactions and pathways resulting in the formation of diacylglycerol, a glyceride in which any two of the R groups (positions not specified) are acyl groups while the remaining R group can be either H or an alkyl group."" [GOC:curators]",8,959,3,20972,0.0031282586027111575,0.375,query_1,"['GO:0046339', 'GO:0046463']"
GO:BP,GO:0016525,negative regulation of angiogenesis,0.026400525044146077,True,"""Any process that stops, prevents, or reduces the frequency, rate or extent of angiogenesis."" [GOC:go_curators]",110,959,12,20972,0.01251303441084463,0.10909090909090909,query_1,"['GO:0001525', 'GO:0045765', 'GO:2000181']"
GO:BP,GO:0045647,negative regulation of erythrocyte differentiation,0.026400525044146077,True,"""Any process that stops, prevents, or reduces the frequency, rate or extent of erythrocyte differentiation."" [GOC:go_curators]",8,959,3,20972,0.0031282586027111575,0.375,query_1,"['GO:0030218', 'GO:0045638', 'GO:0045646']"
GO:BP,GO:1902913,positive regulation of neuroepithelial cell differentiation,0.026400525044146077,True,"""Any process that activates or increases the frequency, rate or extent of neuroepithelial cell differentiation."" [GO_REF:0000058, GOC:mr, GOC:TermGenie, PMID:16916506]",8,959,3,20972,0.0031282586027111575,0.375,query_1,"['GO:0030858', 'GO:0060563']"
GO:BP,GO:2000554,regulation of T-helper 1 cell cytokine production,0.026400525044146077,True,"""Any process that modulates the frequency, rate or extent of T-helper 1 cell cytokine production."" [GOC:obol]",8,959,3,20972,0.0031282586027111575,0.375,query_1,"['GO:0002724', 'GO:0002825', 'GO:0035744']"
GO:BP,GO:0060363,cranial suture morphogenesis,0.026400525044146077,True,"""The process in which any suture between cranial bones is generated and organized."" [GOC:dph, GOC:pr, GOC:sl]",8,959,3,20972,0.0031282586027111575,0.375,query_1,['GO:0097094']
GO:BP,GO:0003129,heart induction,0.026400525044146077,True,"""The close range interaction between mesoderm and endoderm or ectoderm that causes cells to change their fates and specify the development of the heart."" [GOC:mtg_heart]",8,959,3,20972,0.0031282586027111575,0.375,query_1,"['GO:0001759', 'GO:0003128', 'GO:2000826']"
GO:BP,GO:1905331,negative regulation of morphogenesis of an epithelium,0.026400525044146077,True,"""Any process that stops, prevents or reduces the frequency, rate or extent of morphogenesis of an epithelium."" [GO_REF:0000058, GOC:bhm, GOC:TermGenie, PMID:25745997]",8,959,3,20972,0.0031282586027111575,0.375,query_1,"['GO:0002009', 'GO:0051093', 'GO:1905330']"
GO:BP,GO:0061438,renal system vasculature morphogenesis,0.026400525044146077,True,"""The process in which the renal system vasculature is generated and organized. Morphogenesis pertains to the creation of form."" [GOC:dph, GOC:mtg_kidney_jan10, PMID:11891195]",8,959,3,20972,0.0031282586027111575,0.375,query_1,"['GO:0009653', 'GO:0061437']"
GO:BP,GO:0003330,regulation of extracellular matrix constituent secretion,0.026400525044146077,True,"""Any process that modulates the rate, frequency, or extent of the controlled release of molecules that form the extracellular matrix, including carbohydrates and glycoproteins by a cell or a group of cells."" [GOC:dph, GOC:tb]",8,959,3,20972,0.0031282586027111575,0.375,query_1,"['GO:0070278', 'GO:1903053', 'GO:1903530']"
GO:BP,GO:0002720,positive regulation of cytokine production involved in immune response,0.026496619453806918,True,"""Any process that activates or increases the frequency, rate, or extent of cytokine production that contributes to an immune response."" [GOC:add]",83,959,10,20972,0.010427528675703858,0.12048192771084337,query_1,"['GO:0001819', 'GO:0002367', 'GO:0002702', 'GO:0002718']"
REAC,REAC:R-HSA-373076,Class A/1 (Rhodopsin-like receptors),0.026517870015801095,True,Class A/1 (Rhodopsin-like receptors),328,648,35,11056,0.05401234567901234,0.10670731707317073,query_1,['REAC:R-HSA-500792']
GO:BP,GO:0002449,lymphocyte mediated immunity,0.026736549069186342,True,"""Any process involved in the carrying out of an immune response by a lymphocyte."" [GO_REF:0000022, GOC:add, ISBN:0781735149]",377,959,29,20972,0.03023983315954119,0.07692307692307693,query_1,['GO:0002443']
GO:BP,GO:2001239,regulation of extrinsic apoptotic signaling pathway in absence of ligand,0.026999695052056235,True,"""Any process that modulates the frequency, rate or extent of extrinsic apoptotic signaling pathway in absence of ligand."" [GOC:mtg_apoptosis]",46,959,7,20972,0.0072992700729927005,0.15217391304347827,query_1,"['GO:0097192', 'GO:2001236']"
REAC,REAC:R-HSA-375276,Peptide ligand-binding receptors,0.027067990270054517,True,Peptide ligand-binding receptors,195,648,24,11056,0.037037037037037035,0.12307692307692308,query_1,['REAC:R-HSA-373076']
GO:BP,GO:0046328,regulation of JNK cascade,0.027191395526039438,True,"""Any process that modulates the frequency, rate or extent of signal transduction mediated by the JNK cascade."" [GOC:bf]",139,959,14,20972,0.014598540145985401,0.10071942446043165,query_1,"['GO:0007254', 'GO:0043408']"
GO:BP,GO:0050435,amyloid-beta metabolic process,0.027388470351348105,True,"""The chemical reactions and pathways involving amyloid-beta, a glycoprotein associated with Alzheimer's disease, and its precursor, amyloid precursor protein (APP)."" [GOC:ai]",58,959,8,20972,0.008342022940563087,0.13793103448275862,query_1,['GO:0008152']
GO:BP,GO:0014743,regulation of muscle hypertrophy,0.027388470351348105,True,"""Any process that modulates the frequency, rate or extent of muscle hypertrophy."" [GOC:mtg_muscle]",58,959,8,20972,0.008342022940563087,0.13793103448275862,query_1,"['GO:0014896', 'GO:0090257']"
GO:BP,GO:1902624,positive regulation of neutrophil migration,0.027388470351348105,True,"""Any process that activates or increases the frequency, rate or extent of neutrophil migration."" [GO_REF:0000058, GOC:TermGenie, PMID:1826836]",35,959,6,20972,0.006256517205422315,0.17142857142857143,query_1,"['GO:0002687', 'GO:1902622', 'GO:1990266']"
GO:BP,GO:0008366,axon ensheathment,0.02762434498180018,True,"""Any process in which the axon of a neuron is insulated, and that insulation maintained, thereby preventing dispersion of the electrical signal."" [GOC:jl, ISBN:0878932437]",154,959,15,20972,0.01564129301355579,0.09740259740259741,query_1,['GO:0007272']
GO:BP,GO:0002532,production of molecular mediator involved in inflammatory response,0.02762434498180018,True,"""The synthesis or release of any molecular mediator of the inflammatory response following an inflammatory stimulus, resulting in an increase in its intracellular or extracellular levels."" [GOC:add, GOC:dph, GOC:tb, ISBN:0781735149]",97,959,11,20972,0.011470281543274244,0.1134020618556701,query_1,"['GO:0006954', 'GO:0032501']"
GO:BP,GO:0006112,energy reserve metabolic process,0.02762434498180018,True,"""The chemical reactions and pathways by which a cell derives energy from stored compounds such as fats or glycogen."" [GOC:mah]",97,959,11,20972,0.011470281543274244,0.1134020618556701,query_1,['GO:0015980']
GO:BP,GO:0007272,ensheathment of neurons,0.02762434498180018,True,"""The process in which glial cells envelop neuronal cell bodies and/or axons to form an insulating layer. This can take the form of myelinating or non-myelinating ensheathment."" [GOC:dgh, GOC:dph, GOC:tb]",154,959,15,20972,0.01564129301355579,0.09740259740259741,query_1,"['GO:0007399', 'GO:0009987']"
GO:BP,GO:0030101,natural killer cell activation,0.02762434498180018,True,"""The change in morphology and behavior of a natural killer cell in response to a cytokine, chemokine, cellular ligand, or soluble factor."" [GOC:mgi_curators, ISBN:0781735149]",97,959,11,20972,0.011470281543274244,0.1134020618556701,query_1,['GO:0046649']
GO:BP,GO:0090231,regulation of spindle checkpoint,0.02831738180025727,True,"""Any process that modulates the rate, frequency, or extent of the spindle checkpoint, a cell cycle checkpoint that delays the metaphase/anaphase transition until the spindle is correctly assembled and oriented, and chromosomes are attached to the spindle."" [GOC:ascb_2009, GOC:dph, GOC:tb]",25,959,5,20972,0.005213764337851929,0.2,query_1,"['GO:0031577', 'GO:1901976']"
GO:BP,GO:0014898,cardiac muscle hypertrophy in response to stress,0.02831738180025727,True,"""The physiological enlargement or overgrowth of all or part of the heart muscle due to an increase in size (not length) of individual cardiac muscle fibers, without cell division, as a result of a disturbance in organismal or cellular homeostasis."" [GOC:BHF, GOC:mtg_cardiac_conduct_nov11, GOC:mtg_muscle]",25,959,5,20972,0.005213764337851929,0.2,query_1,"['GO:0003299', 'GO:0003300', 'GO:0014887']"
GO:BP,GO:0090023,positive regulation of neutrophil chemotaxis,0.02831738180025727,True,"""Any process that increases the frequency, rate, or extent of neutrophil chemotaxis. Neutrophil chemotaxis is the directed movement of a neutrophil cell, the most numerous polymorphonuclear leukocyte found in the blood, in response to an external stimulus, usually an infection or wounding."" [GOC:dph, GOC:tb]",25,959,5,20972,0.005213764337851929,0.2,query_1,"['GO:0030593', 'GO:0071624', 'GO:0090022', 'GO:1902624']"
GO:BP,GO:0000303,response to superoxide,0.02831738180025727,True,"""Any process that results in a change in state or activity of a cell or an organism (in terms of movement, secretion, enzyme production, gene expression, etc.) as a result of a superoxide stimulus. Superoxide is the anion, oxygen-, formed by addition of one electron to dioxygen (O2) or any compound containing the superoxide anion."" [GOC:krc, ISBN:0198506732]",25,959,5,20972,0.005213764337851929,0.2,query_1,['GO:0000305']
GO:BP,GO:0043043,peptide biosynthetic process,0.02831738180025727,True,"""The chemical reactions and pathways resulting in the formation of peptides, compounds of 2 or more (but usually less than 100) amino acids where the alpha carboxyl group of one is bound to the alpha amino group of another. This may include the translation of a precursor protein and its subsequent processing into a functional peptide."" [GOC:dph, GOC:jl]",25,959,5,20972,0.005213764337851929,0.2,query_1,"['GO:0006518', 'GO:0009058']"
GO:BP,GO:0008045,motor neuron axon guidance,0.02831738180025727,True,"""The process in which the migration of an axon growth cone of a motor neuron is directed to a specific target site in response to a combination of attractive and repulsive cues."" [CL:0000100, GOC:pr, ISBN:0878932437]",25,959,5,20972,0.005213764337851929,0.2,query_1,['GO:0007411']
GO:BP,GO:0014887,cardiac muscle adaptation,0.02831738180025727,True,"""The process in which cardiac muscle adapts, with consequent modifications to structural and/or functional phenotypes, in response to a stimulus. Stimuli include contractile activity, loading conditions, substrate supply, and environmental factors."" [GOC:mtg_muscle]",25,959,5,20972,0.005213764337851929,0.2,query_1,['GO:0014888']
GO:BP,GO:0003299,muscle hypertrophy in response to stress,0.02831738180025727,True,"""The enlargement or overgrowth of all or part of a muscle organ or tissue due to an increase in the size of its muscle cells as a result of a disturbance in organismal or cellular homeostasis."" [GOC:mtg_heart]",25,959,5,20972,0.005213764337851929,0.2,query_1,"['GO:0006950', 'GO:0014896', 'GO:0043500']"
GO:BP,GO:0051382,kinetochore assembly,0.02831738180025727,True,"""The aggregation, arrangement and bonding together of a set of components to form the kinetochore, a multisubunit complex that is located at the centromeric region of DNA and provides an attachment point for the spindle microtubules."" [GOC:ai]",25,959,5,20972,0.005213764337851929,0.2,query_1,"['GO:0051383', 'GO:0065003', 'GO:0140694']"
GO:BP,GO:0032890,regulation of organic acid transport,0.028329729927944594,True,"""Any process that modulates the frequency, rate or extent of the directed movement of organic acids into, out of or within a cell, or between cells, by means of some agent such as a transporter or pore."" [GOC:mah]",71,959,9,20972,0.009384775808133473,0.1267605633802817,query_1,"['GO:0015849', 'GO:0051049']"
GO:BP,GO:0042310,vasoconstriction,0.028329729927944594,True,"""A decrease in the diameter of blood vessels, especially arteries, due to constriction of smooth muscle cells that line the vessels, and usually causing an increase in blood pressure."" [GOC:pr, ISBN:0192800752]",84,959,10,20972,0.010427528675703858,0.11904761904761904,query_1,['GO:0097746']
GO:BP,GO:0050918,positive chemotaxis,0.028329729927944594,True,"""The directed movement of a motile cell or organism towards a higher concentration of a chemical."" [GOC:ai, GOC:bf, GOC:isa_complete]",71,959,9,20972,0.009384775808133473,0.1267605633802817,query_1,['GO:0006935']
GO:BP,GO:0061045,negative regulation of wound healing,0.028329729927944594,True,"""Any process that decreases the rate, frequency, or extent of the series of events that restore integrity to a damaged tissue, following an injury."" [GOC:dph]",71,959,9,20972,0.009384775808133473,0.1267605633802817,query_1,"['GO:0032102', 'GO:0042060', 'GO:0061041', 'GO:1903035']"
GO:BP,GO:0048488,synaptic vesicle endocytosis,0.028329729927944594,True,"""A vesicle-mediated transport process, in which the synaptic vesicle membrane constituents are retrieved from the presynaptic membrane on the axon terminal after neurotransmitter secretion by exocytosis. Synaptic vesicle endocytosis can occur via clathrin-dependent and clathrin-independent mechanisms."" [GOC:aruk, GOC:bc, GOC:jid, GOC:lmg, GOC:mah, PMID:20448150, PMID:26430111]",71,959,9,20972,0.009384775808133473,0.1267605633802817,query_1,"['GO:0036465', 'GO:0140238']"
GO:BP,GO:0045685,regulation of glial cell differentiation,0.028329729927944594,True,"""Any process that modulates the frequency, rate or extent of glia cell differentiation."" [GOC:go_curators]",71,959,9,20972,0.009384775808133473,0.1267605633802817,query_1,"['GO:0010001', 'GO:0045595']"
GO:BP,GO:0008625,extrinsic apoptotic signaling pathway via death domain receptors,0.028329729927944594,True,"""The series of molecular signals in which a signal is conveyed from the cell surface to trigger the apoptotic death of a cell. The pathway starts with a ligand binding to a death domain receptor on the cell surface, and ends when the execution phase of apoptosis is triggered."" [GOC:mah, GOC:mtg_apoptosis]",84,959,10,20972,0.010427528675703858,0.11904761904761904,query_1,['GO:0097191']
GO:BP,GO:0045216,cell-cell junction organization,0.028618206017287384,True,"""A process that is carried out at the cellular level which results in the assembly, arrangement of constituent parts, or disassembly of a cell-cell junction. A cell-cell junction is a specialized region of connection between two cells."" [GOC:ai, GOC:dph, GOC:jl, GOC:mah]",216,959,19,20972,0.01981230448383733,0.08796296296296297,query_1,['GO:0034330']
GO:BP,GO:0034612,response to tumor necrosis factor,0.028618206017287384,True,"""Any process that results in a change in state or activity of a cell or an organism (in terms of movement, secretion, enzyme production, gene expression, etc.) as a result of a tumor necrosis factor stimulus."" [GOC:mah]",216,959,19,20972,0.01981230448383733,0.08796296296296297,query_1,['GO:0034097']
GO:BP,GO:0035264,multicellular organism growth,0.028861171165513646,True,"""The increase in size or mass of an entire multicellular organism, as opposed to cell growth."" [GOC:bf, GOC:curators, GOC:dph, GOC:tb]",170,959,16,20972,0.016684045881126174,0.09411764705882353,query_1,"['GO:0032501', 'GO:0048589']"
REAC,REAC:R-HSA-3560782,Diseases associated with glycosaminoglycan metabolism,0.02900510676094807,True,Diseases associated with glycosaminoglycan metabolism,41,648,9,11056,0.013888888888888888,0.21951219512195122,query_1,['REAC:R-HSA-3781865']
GO:BP,GO:0072109,glomerular mesangium development,0.029147117403019535,True,"""The process whose specific outcome is the progression of the glomerular mesangium over time, from its formation to the mature structure. The glomerular mesangium is the thin membrane connective tissue composed of mesangial cells, which helps to support the capillary loops in a renal glomerulus."" [GOC:mtg_kidney_jan10]",16,959,4,20972,0.004171011470281543,0.25,query_1,"['GO:0061448', 'GO:0072012']"
GO:BP,GO:1904948,midbrain dopaminergic neuron differentiation,0.029147117403019535,True,"""The process in which a relatively unspecialized cell acquires the specialized features of a midbrain dopaminergic neuron."" [GO_REF:0000086, GOC:bf, GOC:PARL, GOC:TermGenie, PMID:17331494, PMID:19122665]",16,959,4,20972,0.004171011470281543,0.25,query_1,"['GO:0021953', 'GO:0030901', 'GO:0071542']"
GO:BP,GO:0007259,cell surface receptor signaling pathway via JAK-STAT,0.029178077662452194,True,"""A cell surface receptor signaling pathway in which ligand binding causes the receptor to dimerize, bringing the receptor-associated JAKs into close proximity. The JAKs then phosphorylate and activate each other on tyrosine residues.This leads to the activation of associated STAT protein, causing the STATs to dissociate from the receptor, translocate to the nucleus. The pathway ends with regulation of target gene expression by STAT proteins."" [PMID:12039028]",126,959,13,20972,0.013555787278415016,0.10317460317460317,query_1,['GO:0097696']
GO:BP,GO:0002824,positive regulation of adaptive immune response based on somatic recombination of immune receptors built from immunoglobulin superfamily domains,0.029178077662452194,True,"""Any process that activates or increases the frequency, rate, or extent of an adaptive immune response based on somatic recombination of immune receptors built from immunoglobulin superfamily domains. An example of this process is found in the Gnathostomata."" [GOC:add, GOC:mtg_sensu]",126,959,13,20972,0.013555787278415016,0.10317460317460317,query_1,"['GO:0002460', 'GO:0002821', 'GO:0002822']"
GO:BP,GO:0002269,leukocyte activation involved in inflammatory response,0.029650813259559167,True,"""A change in the morphology or behavior of a leukocyte resulting from exposure to an activating factor such as a cellular or soluble ligand, leading to the initiation or perpetuation of an inflammatory response."" [GOC:add, ISBN:0781735149]",47,959,7,20972,0.0072992700729927005,0.14893617021276595,query_1,"['GO:0006954', 'GO:0045321']"
GO:BP,GO:0006693,prostaglandin metabolic process,0.029650813259559167,True,"""The chemical reactions and pathways involving prostaglandins, any of a group of biologically active metabolites which contain a cyclopentane ring due to the formation of a bond between two carbons of a fatty acid. They have a wide range of biological activities."" [ISBN:0198506732]",47,959,7,20972,0.0072992700729927005,0.14893617021276595,query_1,['GO:0006692']
GO:BP,GO:0055008,cardiac muscle tissue morphogenesis,0.029650813259559167,True,"""The process in which the anatomical structures of cardiac muscle tissue are generated and organized."" [GOC:devbiol]",59,959,8,20972,0.008342022940563087,0.13559322033898305,query_1,"['GO:0003007', 'GO:0048738', 'GO:0060415']"
GO:BP,GO:0038063,collagen-activated tyrosine kinase receptor signaling pathway,0.029650813259559167,True,"""The series of molecular signals initiated by collagen binding to its receptor on the surface of a target cell where the receptor possesses tyrosine kinase activity, and ending with the regulation of a downstream cellular process, e.g. transcription."" [GOC:bf, GOC:uh, PMID:15888913, PMID:16626936]",59,959,8,20972,0.008342022940563087,0.13559322033898305,query_1,"['GO:0007169', 'GO:0038065']"
GO:BP,GO:0015804,neutral amino acid transport,0.029650813259559167,True,"""The directed movement of neutral amino acids, amino acids with no net charge, into, out of or within a cell, or between cells, by means of some agent such as a transporter or pore."" [GOC:ai]",59,959,8,20972,0.008342022940563087,0.13559322033898305,query_1,['GO:0006865']
GO:BP,GO:0002702,positive regulation of production of molecular mediator of immune response,0.029979406161704227,True,"""Any process that activates or increases the frequency, rate, or extent of the production of molecular mediator of immune response."" [GOC:add]",141,959,14,20972,0.014598540145985401,0.09929078014184398,query_1,"['GO:0002440', 'GO:0002699', 'GO:0002700', 'GO:0010628']"
GO:BP,GO:1902905,positive regulation of supramolecular fiber organization,0.03022516493046752,True,"""Any process that activates or increases the frequency, rate or extent of supramolecular fiber organization."" [GO_REF:0000058, GOC:PARL, GOC:rl, GOC:TermGenie, PMID:23921388]",171,959,16,20972,0.016684045881126174,0.0935672514619883,query_1,"['GO:0051130', 'GO:0097435', 'GO:1902903']"
GO:BP,GO:0003205,cardiac chamber development,0.03022516493046752,True,"""The progression of a cardiac chamber over time, from its formation to the mature structure. A cardiac chamber is an enclosed cavity within the heart."" [GOC:mtg_heart]",171,959,16,20972,0.016684045881126174,0.0935672514619883,query_1,"['GO:0007507', 'GO:0048856']"
GO:BP,GO:0015698,inorganic anion transport,0.03022516493046752,True,"""The directed movement of inorganic anions into, out of or within a cell, or between cells, by means of some agent such as a transporter or pore. Inorganic anions are atoms or small molecules with a negative charge which do not contain carbon in covalent linkage."" [GOC:krc]",171,959,16,20972,0.016684045881126174,0.0935672514619883,query_1,['GO:0006810']
GO:BP,GO:0042542,response to hydrogen peroxide,0.030359408071209248,True,"""Any process that results in a change in state or activity of a cell or an organism (in terms of movement, secretion, enzyme production, gene expression, etc.) as a result of a hydrogen peroxide (H2O2) stimulus."" [GOC:jl]",85,959,10,20972,0.010427528675703858,0.11764705882352941,query_1,['GO:0000302']
GO:BP,GO:0050807,regulation of synapse organization,0.0304426720231487,True,"""Any process that modulates the physical form of a synapse, the junction between a neuron and a target (neuron, muscle, or secretory cell)."" [GOC:ai, GOC:dph, GOC:tb]",298,959,24,20972,0.02502606882168926,0.08053691275167785,query_1,"['GO:0050803', 'GO:0050808', 'GO:0051128']"
GO:BP,GO:2001240,negative regulation of extrinsic apoptotic signaling pathway in absence of ligand,0.030579611434997576,True,"""Any process that stops, prevents or reduces the frequency, rate or extent of extrinsic apoptotic signaling pathway in absence of ligand."" [GOC:mtg_apoptosis]",36,959,6,20972,0.006256517205422315,0.16666666666666666,query_1,"['GO:0097192', 'GO:1901099', 'GO:2001237', 'GO:2001239']"
GO:BP,GO:0071402,cellular response to lipoprotein particle stimulus,0.030579611434997576,True,"""Any process that results in a change in state or activity of a cell (in terms of movement, secretion, enzyme production, gene expression, etc.) as a result of a lipoprotein particle stimulus."" [GOC:mah]",36,959,6,20972,0.006256517205422315,0.16666666666666666,query_1,['GO:0051716']
GO:BP,GO:1901099,negative regulation of signal transduction in absence of ligand,0.030579611434997576,True,"""Any process that stops, prevents or reduces the frequency, rate or extent of signal transduction in absence of ligand."" [GOC:TermGenie]",36,959,6,20972,0.006256517205422315,0.16666666666666666,query_1,"['GO:0009968', 'GO:0038034']"
GO:BP,GO:0048678,response to axon injury,0.030579611434997576,True,"""Any process that results in a change in state or activity of a cell or an organism (in terms of movement, secretion, enzyme production, gene expression, etc.) as a result of an axon injury stimulus."" [GOC:dgh, GOC:dph, GOC:jid, GOC:lm]",72,959,9,20972,0.009384775808133473,0.125,query_1,['GO:0009611']
GO:BP,GO:0061640,cytoskeleton-dependent cytokinesis,0.030779261500171518,True,"""A cytokinesis that involves the function of a set of proteins that are part of the microfilament or microtubule cytoskeleton."" [GOC:dph]",127,959,13,20972,0.013555787278415016,0.10236220472440945,query_1,['GO:0000910']
GO:BP,GO:0003206,cardiac chamber morphogenesis,0.030779261500171518,True,"""The process in which a cardiac chamber is generated and organized. A cardiac chamber is an enclosed cavity within the heart."" [GOC:mtg_heart]",127,959,13,20972,0.013555787278415016,0.10236220472440945,query_1,"['GO:0003007', 'GO:0003205', 'GO:0009653']"
GO:BP,GO:0045619,regulation of lymphocyte differentiation,0.031012146569006645,True,"""Any process that modulates the frequency, rate or extent of lymphocyte differentiation."" [GOC:go_curators]",218,959,19,20972,0.01981230448383733,0.0871559633027523,query_1,"['GO:0030098', 'GO:0051249', 'GO:1902105']"
GO:BP,GO:0007416,synapse assembly,0.031078075638726152,True,"""The aggregation, arrangement and bonding together of a set of components to form a synapse. This process ends when the synapse is mature (functional)."" [GOC:mah]",266,959,22,20972,0.022940563086548488,0.08270676691729323,query_1,"['GO:0007399', 'GO:0034329', 'GO:0050808']"
GO:BP,GO:0007411,axon guidance,0.03121761168181627,True,"""The chemotaxis process that directs the migration of an axon growth cone to a specific target site in response to a combination of attractive and repulsive cues."" [ISBN:0878932437]",234,959,20,20972,0.020855057351407715,0.08547008547008547,query_1,"['GO:0007409', 'GO:0097485']"
GO:BP,GO:0050792,regulation of viral process,0.03153618416661603,True,"""Any process that modulates the rate or extent of the viral life cycle, the set of processes by which a virus reproduces and spreads among hosts."" [GOC:go_curators, GOC:tb]",142,959,14,20972,0.014598540145985401,0.09859154929577464,query_1,"['GO:0016032', 'GO:0050789']"
GO:BP,GO:0072577,endothelial cell apoptotic process,0.032424410946549506,True,"""Any apoptotic process in an endothelial cell. An endothelial cell comprises the outermost layer or lining of anatomical structures and can be squamous or cuboidal."" [CL:0000115, GOC:BHF, GOC:mah, GOC:mtg_apoptosis]",60,959,8,20972,0.008342022940563087,0.13333333333333333,query_1,['GO:0006915']
GO:BP,GO:0021545,cranial nerve development,0.032424410946549506,True,"""The process whose specific outcome is the progression of the cranial nerves over time, from its formation to the mature structure. The cranial nerves are composed of twelve pairs of nerves that emanate from the nervous tissue of the hindbrain. These nerves are sensory, motor, or mixed in nature, and provide the motor and general sensory innervation of the head, neck and viscera. They mediate vision, hearing, olfaction and taste and carry the parasympathetic innervation of the autonomic ganglia that control visceral functions."" [GO_REF:0000021, GOC:cls, GOC:dgh, GOC:dph, GOC:jid, ISBN:0838580343]",60,959,8,20972,0.008342022940563087,0.13333333333333333,query_1,['GO:0021675']
GO:BP,GO:0019953,sexual reproduction,0.03250270218916952,True,"""A type of reproduction that combines the genetic material of two gametes (such as a sperm or egg cell or fungal spores). The gametes have an haploid genome (with a single set of chromosomes, the product of a meiotic division) and combines with one another to produce a zygote (diploid)."" [Wikipedia:Sexual_reproduction]",1128,959,70,20972,0.072992700729927,0.06205673758865248,query_1,['GO:0022414']
GO:BP,GO:0060065,uterus development,0.03256482106156911,True,"""The reproductive developmental process whose specific outcome is the progression of the uterus over time, from its formation to the mature structure."" [GOC:dph, GOC:ebc]",26,959,5,20972,0.005213764337851929,0.19230769230769232,query_1,"['GO:0048513', 'GO:0048608']"
GO:BP,GO:0002832,negative regulation of response to biotic stimulus,0.03256482106156911,True,"""Any process that stops, prevents, or reduces the frequency, rate, or extent of a response to biotic stimulus."" [GOC:add]",128,959,13,20972,0.013555787278415016,0.1015625,query_1,"['GO:0002831', 'GO:0009607', 'GO:0048585']"
GO:BP,GO:0060669,embryonic placenta morphogenesis,0.03256482106156911,True,"""The process in which the embryonic placenta is generated and organized."" [GOC:dph]",26,959,5,20972,0.005213764337851929,0.19230769230769232,query_1,"['GO:0001892', 'GO:0048598']"
GO:BP,GO:1900745,positive regulation of p38MAPK cascade,0.03256482106156911,True,"""Any process that activates or increases the frequency, rate or extent of p38MAPK cascade."" [GOC:TermGenie]",26,959,5,20972,0.005213764337851929,0.19230769230769232,query_1,"['GO:0038066', 'GO:0043410', 'GO:1900744']"
GO:BP,GO:0097485,neuron projection guidance,0.03256482106156911,True,"""The process in which the migration of a neuron projection is directed to a specific target site in response to a combination of attractive and repulsive cues."" [GOC:BHF, GOC:rl, PMID:22790009]",235,959,20,20972,0.020855057351407715,0.0851063829787234,query_1,"['GO:0031175', 'GO:0048812']"
GO:BP,GO:0000305,response to oxygen radical,0.03256482106156911,True,"""Any process that results in a change in state or activity of a cell or an organism (in terms of movement, secretion, enzyme production, gene expression, etc.) as a result of an oxygen radical stimulus. An oxygen radical is any oxygen species that carries a free electron; examples include hydroxyl radicals and the superoxide anion."" [GOC:krc, ISBN:0124325653]",26,959,5,20972,0.005213764337851929,0.19230769230769232,query_1,['GO:0000302']
GO:BP,GO:2000050,regulation of non-canonical Wnt signaling pathway,0.03256482106156911,True,"""Any process that modulates the frequency, rate or extent of non-canonical Wnt signaling pathway."" [GOC:obol, GOC:yaf]",26,959,5,20972,0.005213764337851929,0.19230769230769232,query_1,"['GO:0030111', 'GO:0035567']"
GO:BP,GO:0001523,retinoid metabolic process,0.03256482106156911,True,"""The chemical reactions and pathways involving retinoids, any member of a class of isoprenoids that contain or are derived from four prenyl groups linked head-to-tail. Retinoids include retinol and retinal and structurally similar natural derivatives or synthetic compounds, but need not have vitamin A activity."" [ISBN:0198506732]",86,959,10,20972,0.010427528675703858,0.11627906976744186,query_1,['GO:0016101']
GO:BP,GO:0062009,secondary palate development,0.03256482106156911,True,"""The biological process whose specific outcome is the progression of the secondary palate from an initial condition to its mature state. This process begins with the formation of the structure and ends with the mature structure. The secondary palate is the part of the palate formed from the fusion of the two palatine shelves, extensions of the maxillary prominences."" [PMID:28784960]",26,959,5,20972,0.005213764337851929,0.19230769230769232,query_1,['GO:0060021']
GO:BP,GO:0061383,trabecula morphogenesis,0.03257192936706074,True,"""The process of shaping a trabecula in an organ. A trabecula is a small, often microscopic, tissue element in the form of a small beam, strut or rod, which generally has a mechanical function. Trabecula are usually but not necessarily, composed of dense collagenous tissue."" [GOC:dph]",48,959,7,20972,0.0072992700729927005,0.14583333333333334,query_1,['GO:0009653']
GO:BP,GO:0043029,T cell homeostasis,0.03257192936706074,True,"""The process of regulating the proliferation and elimination of T cells such that the total number of T cells within a whole or part of an organism is stable over time in the absence of an outside stimulus."" [GOC:mgi_curators, ISBN:0781735149]",48,959,7,20972,0.0072992700729927005,0.14583333333333334,query_1,['GO:0002260']
GO:BP,GO:0032467,positive regulation of cytokinesis,0.03257192936706074,True,"""Any process that activates or increases the frequency, rate or extent of the division of the cytoplasm of a cell, and its separation into two daughter cells."" [GOC:mah]",48,959,7,20972,0.0072992700729927005,0.14583333333333334,query_1,"['GO:0000910', 'GO:0032465', 'GO:0051781', 'GO:0090068']"
GO:BP,GO:0090244,Wnt signaling pathway involved in somitogenesis,0.03278281298106811,True,"""The series of molecular signals initiated by binding of Wnt protein to a frizzled family receptor on the surface of the target cell and ending with a change in cell state that contributes to somitogenesis."" [GOC:ascb_2009, GOC:dph, GOC:tb]",3,959,2,20972,0.0020855057351407717,0.6666666666666666,query_1,"['GO:0001756', 'GO:0016055']"
GO:BP,GO:0033624,negative regulation of integrin activation,0.03278281298106811,True,"""Any process that stops, prevents, or reduces the frequency, rate, or extent of integrin activation."" [GOC:add]",3,959,2,20972,0.0020855057351407717,0.6666666666666666,query_1,"['GO:0031333', 'GO:0033622', 'GO:0033623']"
GO:BP,GO:0035938,estradiol secretion,0.03278281298106811,True,"""The regulated release of estradiol into the circulatory system."" [GOC:sl, PMID:21632818]",3,959,2,20972,0.0020855057351407717,0.6666666666666666,query_1,"['GO:0015850', 'GO:0035929']"
GO:BP,GO:0090272,negative regulation of fibroblast growth factor production,0.03278281298106811,True,"""Any process that decreases the rate, frequency or extent of the appearance of a fibroblast growth factor due to biosynthesis or secretion following a cellular stimulus, resulting in an increase in its intracellular or extracellular levels."" [GOC:BHF]",3,959,2,20972,0.0020855057351407717,0.6666666666666666,query_1,"['GO:0001818', 'GO:0090269', 'GO:0090270']"
GO:BP,GO:0036023,embryonic skeletal limb joint morphogenesis,0.03278281298106811,True,"""The process, occurring in the embryo, in which the anatomical structures of a skeletal limb joint are generated and organized. A skeletal limb joint is the connecting structure between the bones of a limb."" [GOC:bf, Wikipedia:Joint]",3,959,2,20972,0.0020855057351407717,0.6666666666666666,query_1,"['GO:0030326', 'GO:0036022', 'GO:0060272']"
GO:BP,GO:0036520,astrocyte-dopaminergic neuron signaling,0.03278281298106811,True,"""Cell-cell signaling that mediates the transfer of information from an astrocyte to a dopaminergic neuron."" [GOC:bf, GOC:PARL, PMID:12794311, PMID:21752258]",3,959,2,20972,0.0020855057351407717,0.6666666666666666,query_1,['GO:0150098']
GO:BP,GO:0032805,positive regulation of low-density lipoprotein particle receptor catabolic process,0.03278281298106811,True,"""Any process that activates or increases the frequency, rate or extent of the chemical reactions and pathways resulting in the breakdown of low-density lipoprotein particle receptors."" [GOC:mah]",3,959,2,20972,0.0020855057351407717,0.6666666666666666,query_1,"['GO:0032802', 'GO:0032803', 'GO:0045732', 'GO:2000646']"
GO:BP,GO:0031923,pyridoxine transport,0.03278281298106811,True,"""The directed movement of pyridoxine into, out of or within a cell, or between cells, by means of some agent such as a transporter or pore. Pyridoxine, 2-methyl-3-hydroxy-4,5-bis(hydroxymethyl)pyridine, is one of the vitamin B6 compounds. Pyridoxal, pyridoxamine and pyridoxine are collectively known as vitamin B6, and are efficiently converted to the biologically active form of vitamin B6, pyridoxal phosphate."" [GOC:mah]",3,959,2,20972,0.0020855057351407717,0.6666666666666666,query_1,"['GO:0015850', 'GO:0031919']"
GO:BP,GO:0140214,positive regulation of long-chain fatty acid import into cell,0.03278281298106811,True,"""Any process that activates or increases the frequency, rate or extent of long-chain fatty acid import into a cell."" [PMID:28178239]",3,959,2,20972,0.0020855057351407717,0.6666666666666666,query_1,"['GO:0044539', 'GO:0140212', 'GO:2000193']"
GO:BP,GO:0030856,regulation of epithelial cell differentiation,0.03278281298106811,True,"""Any process that modulates the frequency, rate or extent of epithelial cell differentiation."" [GOC:mah]",158,959,15,20972,0.01564129301355579,0.0949367088607595,query_1,"['GO:0030855', 'GO:0045595', 'GO:2000026']"
GO:BP,GO:0030997,regulation of centriole-centriole cohesion,0.03278281298106811,True,"""Any process that modulates the extent to which the two centrioles within a centrosome remain tightly paired; may be mediated by the assembly and disassembly of a proteinaceous linker."" [PMID:11076968]",3,959,2,20972,0.0020855057351407717,0.6666666666666666,query_1,"['GO:0007098', 'GO:0010457', 'GO:0010564']"
GO:BP,GO:0031919,vitamin B6 transport,0.03278281298106811,True,"""The directed movement of any of the vitamin B6 compounds -- pyridoxal, pyridoxamine and pyridoxine and the active form, pyridoxal phosphate -- into, out of or within a cell, or between cells, by means of some agent such as a transporter or pore."" [GOC:mah]",3,959,2,20972,0.0020855057351407717,0.6666666666666666,query_1,"['GO:0051180', 'GO:0071705']"
GO:BP,GO:0090076,relaxation of skeletal muscle,0.03278281298106811,True,"""A process in which the extent of skeletal muscle tissue contraction is reduced. Muscle relaxation involves the removal of calcium from the cytoplasm to the sarcoplasmic reticulum lumen through the action of Ca2+ ATPases."" [GOC:BHF, GOC:rl]",3,959,2,20972,0.0020855057351407717,0.6666666666666666,query_1,['GO:0090075']
GO:BP,GO:0032349,positive regulation of aldosterone biosynthetic process,0.03278281298106811,True,"""Any process that activates or increases the frequency, rate or extent of the chemical reactions and pathways resulting in the formation of aldosterone."" [GOC:mah]",3,959,2,20972,0.0020855057351407717,0.6666666666666666,query_1,"['GO:0032342', 'GO:0032347', 'GO:0090031', 'GO:1902932']"
GO:BP,GO:0072275,metanephric glomerulus morphogenesis,0.03278281298106811,True,"""The process in which the anatomical structures of the metanephric glomerulus are generated and organized. The metanephric glomerulus is a capillary tuft surrounded by Bowman's capsule in nephrons of the vertebrate kidney, or metanephros."" [GOC:mtg_kidney_jan10]",3,959,2,20972,0.0020855057351407717,0.6666666666666666,query_1,"['GO:0072102', 'GO:0072224']"
GO:BP,GO:0038178,complement component C5a signaling pathway,0.03278281298106811,True,"""A G protein-coupled receptor signaling pathway initiated by a C5a component of the complement pathway binding to a complement receptor, and ending with regulation of a downstream cellular process. C5a is a peptide derived from the C5 complement factor."" [GOC:jc, PMID:15313431, Wikipedia:Complement_component_5a]",3,959,2,20972,0.0020855057351407717,0.6666666666666666,query_1,"['GO:0002430', 'GO:0007186']"
GO:BP,GO:0072277,metanephric glomerular capillary formation,0.03278281298106811,True,"""The process that gives rise to a metanephric glomerular capillary. This process pertains to the initial formation of a structure from unspecified parts."" [GOC:mtg_kidney_jan10]",3,959,2,20972,0.0020855057351407717,0.6666666666666666,query_1,"['GO:0072104', 'GO:0072276']"
GO:BP,GO:0046398,UDP-glucuronate metabolic process,0.03278281298106811,True,"""The chemical reactions and pathways involving UDP-glucuronate, a substance composed of glucuronic acid in glycosidic linkage with uridine diphosphate."" [GOC:ai]",3,959,2,20972,0.0020855057351407717,0.6666666666666666,query_1,"['GO:0009225', 'GO:0019752']"
GO:BP,GO:0043122,regulation of canonical NF-kappaB signal transduction,0.03278281298106811,True,"""Any process that modulates the canonical NF-kappaB signaling cascade."" [GOC:jl, PMID:12773372]",301,959,24,20972,0.02502606882168926,0.07973421926910298,query_1,"['GO:0007249', 'GO:1902531']"
GO:BP,GO:0072338,lactam metabolic process,0.03278281298106811,True,"""The chemical reactions and pathways involving lactams, any cyclic amides of amino carboxylic acids, having a 1-azacycloalkan-2-one structure, or analogues having unsaturation or heteroatoms replacing one or more carbon atoms of the ring."" [GOC:mah]",3,959,2,20972,0.0020855057351407717,0.6666666666666666,query_1,['GO:0044281']
GO:BP,GO:0072276,metanephric glomerulus vasculature morphogenesis,0.03278281298106811,True,"""The process in which the anatomical structures of the metanephric glomerulus vasculature are generated and organized. The metanephric glomerulus vasculature is composed of the tubule structures that carry blood or lymph in the metanephric glomerulus."" [GOC:mtg_kidney_jan10]",3,959,2,20972,0.0020855057351407717,0.6666666666666666,query_1,"['GO:0072103', 'GO:0072239', 'GO:0072275']"
GO:BP,GO:2000864,regulation of estradiol secretion,0.03278281298106811,True,"""Any process that modulates the frequency, rate or extent of estradiol secretion."" [GOC:sl]",3,959,2,20972,0.0020855057351407717,0.6666666666666666,query_1,"['GO:0035938', 'GO:2000831']"
GO:BP,GO:2000857,positive regulation of mineralocorticoid secretion,0.03278281298106811,True,"""Any process that activates or increases the frequency, rate or extent of mineralocorticoid secretion."" [GOC:sl]",3,959,2,20972,0.0020855057351407717,0.6666666666666666,query_1,"['GO:0035931', 'GO:2000848', 'GO:2000855']"
GO:BP,GO:0060235,lens induction in camera-type eye,0.03278281298106811,True,"""Signaling at short range between the head ectoderm and the optic vesicle that results in the head ectoderm forming a lens."" [GOC:dph, ISBN:0878932437]",3,959,2,20972,0.0020855057351407717,0.6666666666666666,query_1,"['GO:0002089', 'GO:0031128']"
GO:BP,GO:0006982,response to lipid hydroperoxide,0.03278281298106811,True,"""Any process that results in a change in state or activity of a cell or an organism (in terms of movement, secretion, enzyme production, gene expression, etc.) as a result of a lipid hydroperoxide stimulus. Lipid hydroperoxide is the highly reactive primary oxygenated products of polyunsaturated fatty acids."" [GOC:jl, PMID:10944149]",3,959,2,20972,0.0020855057351407717,0.6666666666666666,query_1,"['GO:0033194', 'GO:0033993']"
GO:BP,GO:1904956,regulation of midbrain dopaminergic neuron differentiation,0.03278281298106811,True,"""Any process that modulates the frequency, rate or extent of midbrain dopaminergic neuron differentiation."" [GO_REF:0000058, GOC:bf, GOC:PARL, GOC:TermGenie, PMID:21347250]",3,959,2,20972,0.0020855057351407717,0.6666666666666666,query_1,"['GO:1904338', 'GO:1904948']"
GO:BP,GO:0070236,negative regulation of activation-induced cell death of T cells,0.03278281298106811,True,"""Any process that stops, prevents, or reduces the frequency, rate or extent of activation-induced cell death of T cells."" [GOC:add, ISBN:0781765196]",3,959,2,20972,0.0020855057351407717,0.6666666666666666,query_1,"['GO:0002683', 'GO:0006924', 'GO:0070233', 'GO:0070235']"
GO:BP,GO:1990764,myofibroblast contraction,0.03278281298106811,True,"""The actin filament-based process in which cytoplasmic actin filaments slide past one another resulting in contraction of a myofibroblast."" [PMID:19239477]",3,959,2,20972,0.0020855057351407717,0.6666666666666666,query_1,['GO:0070252']
GO:BP,GO:1904582,positive regulation of intracellular mRNA localization,0.03278281298106811,True,"""Any process that activates or increases the frequency, rate or extent of intracellular mRNA localization."" [GO_REF:0000058, GOC:TermGenie, PMID:21471000]",3,959,2,20972,0.0020855057351407717,0.6666666666666666,query_1,"['GO:0008298', 'GO:0048518', 'GO:1904580']"
GO:BP,GO:0007181,transforming growth factor beta receptor complex assembly,0.03278281298106811,True,"""The aggregation, arrangement and bonding together of a ligand-bound type II transforming growth factor beta (TGF-beta) receptor dimer with a type I TGF-beta receptor dimer, following ligand binding, to form a heterotetrameric TGF-beta receptor complex."" [GOC:jl, Wikipedia:TGF_beta_signaling_pathway]",3,959,2,20972,0.0020855057351407717,0.6666666666666666,query_1,"['GO:0007179', 'GO:0065003']"
GO:BP,GO:1903487,regulation of lactation,0.03278281298106811,True,"""Any process that modulates the frequency, rate or extent of lactation."" [GO_REF:0000058, GOC:mr, GOC:TermGenie, PMID:19563620]",3,959,2,20972,0.0020855057351407717,0.6666666666666666,query_1,"['GO:0007595', 'GO:0050878', 'GO:0051046', 'GO:2000026']"
GO:BP,GO:0008203,cholesterol metabolic process,0.03278281298106811,True,"""The chemical reactions and pathways involving cholesterol, cholest-5-en-3 beta-ol, the principal sterol of vertebrates and the precursor of many steroids, including bile acids and steroid hormones. It is a component of the plasma membrane lipid bilayer and of plasma lipoproteins and can be found in all animal tissues."" [ISBN:0198506732]",143,959,14,20972,0.014598540145985401,0.0979020979020979,query_1,"['GO:0016125', 'GO:1902652']"
GO:BP,GO:0003199,endocardial cushion to mesenchymal transition involved in heart valve formation,0.03278281298106811,True,"""A transition where an endocardial cushion cell loses apical/basolateral polarity, severs intercellular adhesive junctions, degrades basement membrane components and becomes a migratory mesenchymal cell that will contribute to the formation of a cardiac valve."" [GOC:mtg_heart]",3,959,2,20972,0.0020855057351407717,0.6666666666666666,query_1,"['GO:0003188', 'GO:0090500']"
GO:BP,GO:0003331,positive regulation of extracellular matrix constituent secretion,0.03278281298106811,True,"""Any process that increases the rate, frequency, or extent of the controlled release of molecules that form the extracellular matrix, including carbohydrates and glycoproteins by a cell or a group of cells."" [GOC:dph, GOC:tb]",3,959,2,20972,0.0020855057351407717,0.6666666666666666,query_1,"['GO:0003330', 'GO:0070278', 'GO:1903055', 'GO:1903532']"
GO:BP,GO:0002780,antibacterial peptide biosynthetic process,0.03278281298106811,True,"""The chemical reactions and pathways resulting in the formation of an antibacterial peptide."" [GOC:add, ISBN:0781735149, PMID:11807545, PMID:15638771]",3,959,2,20972,0.0020855057351407717,0.6666666666666666,query_1,"['GO:0002777', 'GO:0002778']"
GO:BP,GO:0002777,antimicrobial peptide biosynthetic process,0.03278281298106811,True,"""The chemical reactions and pathways resulting in the formation of an antimicrobial peptide. Such peptides may have protective properties against bacteria, fungi, viruses, or protozoa."" [GOC:add, ISBN:0781735149, PMID:11807545, PMID:15638771]",3,959,2,20972,0.0020855057351407717,0.6666666666666666,query_1,"['GO:0002775', 'GO:0043043']"
GO:BP,GO:2000860,positive regulation of aldosterone secretion,0.03278281298106811,True,"""Any process that activates or increases the frequency, rate or extent of aldosterone secretion."" [GOC:sl]",3,959,2,20972,0.0020855057351407717,0.6666666666666666,query_1,"['GO:0035932', 'GO:2000857', 'GO:2000858']"
GO:BP,GO:0060938,epicardium-derived cardiac fibroblast cell differentiation,0.03278281298106811,True,"""The process in which an epicardial cell acquires the specialized structural and/or functional features of a cardiac fibroblast. A cardiac fibroblast is a connective tissue cell in the heart which secretes an extracellular matrix rich in collagen and other macromolecules."" [GOC:mtg_heart]",3,959,2,20972,0.0020855057351407717,0.6666666666666666,query_1,['GO:0060935']
GO:BP,GO:0060939,epicardium-derived cardiac fibroblast cell development,0.03278281298106811,True,"""The process whose specific outcome is the progression of an epicardial-derived cardiac fibroblast over time, from its formation to the mature state. A epicardial-derived cardiac fibroblast is a connective tissue cell of the heart that arises from the epicardium and secretes an extracellular matrix rich in collagen and other macromolecules."" [GOC:mtg_heart]",3,959,2,20972,0.0020855057351407717,0.6666666666666666,query_1,"['GO:0060936', 'GO:0060938']"
GO:BP,GO:0061033,secretion by lung epithelial cell involved in lung growth,0.03278281298106811,True,"""The controlled release of liquid by a lung epithelial cell that contributes to an increase in size of the lung as part of its development."" [GOC:dph]",3,959,2,20972,0.0020855057351407717,0.6666666666666666,query_1,"['GO:0032940', 'GO:0060437']"
GO:BP,GO:0060748,tertiary branching involved in mammary gland duct morphogenesis,0.03278281298106811,True,"""The branching process in which the mammary gland ducts form tertiary branches off of the secondary branches as part of diestrus and pregnancy."" [GOC:dph, PMID:18614704]",3,959,2,20972,0.0020855057351407717,0.6666666666666666,query_1,"['GO:0003006', 'GO:0060745']"
GO:BP,GO:0060769,positive regulation of epithelial cell proliferation involved in prostate gland development,0.03278281298106811,True,"""Any process that increases the rate, frequency or extent of epithelial cell proliferation that contributes to the progression of the prostate gland over time."" [GOC:dph]",3,959,2,20972,0.0020855057351407717,0.6666666666666666,query_1,"['GO:0050679', 'GO:0051094', 'GO:0060767', 'GO:0060768', 'GO:2000243']"
REAC,REAC:R-HSA-76002,"Platelet activation, signaling and aggregation",0.033141356545340034,True,"Platelet activation, signaling and aggregation",259,648,29,11056,0.044753086419753084,0.11196911196911197,query_1,['REAC:R-HSA-109582']
GO:BP,GO:0010712,regulation of collagen metabolic process,0.03345238785950748,True,"""Any process that modulates the frequency, rate or extent of the chemical reactions and pathways resulting in the metabolism of collagen, any of a group of fibrous proteins of very high tensile strength that form the main component of connective tissue in animals."" [GOC:dph, GOC:tb]",37,959,6,20972,0.006256517205422315,0.16216216216216217,query_1,"['GO:0019222', 'GO:0032963']"
GO:BP,GO:0032885,regulation of polysaccharide biosynthetic process,0.03345238785950748,True,"""Any process that modulates the frequency, rate or extent of the chemical reactions and pathways resulting in the formation of polysaccharides."" [GOC:mah]",37,959,6,20972,0.006256517205422315,0.16216216216216217,query_1,"['GO:0000271', 'GO:0010556', 'GO:0032881', 'GO:0043255']"
REAC,REAC:R-HSA-5579029,Metabolic disorders of biological oxidation enzymes,0.03353751938410707,True,Metabolic disorders of biological oxidation enzymes,34,648,8,11056,0.012345679012345678,0.23529411764705882,query_1,['REAC:R-HSA-5668914']
GO:BP,GO:0080090,regulation of primary metabolic process,0.03371403973701829,True,"""Any process that modulates the frequency, rate or extent of the chemical reactions and pathways within a cell or an organism involving those compounds formed as a part of the normal anabolic and catabolic processes. These processes take place in most, if not all, cells of the organism."" [PMID:19211694]",5215,959,272,20972,0.28362877997914493,0.05215723873441994,query_1,"['GO:0019222', 'GO:0044238']"
GO:BP,GO:0002520,immune system development,0.03377537267314453,True,"""The process whose specific outcome is the progression of an organismal system whose objective is to provide calibrated responses by an organism to a potential internal or invasive threat, over time, from its formation to the mature structure. A system is a regularly interacting or interdependent group of organs or tissues that work together to carry out a given biological process."" [GOC:add, GOC:dph]",205,959,18,20972,0.018769551616266946,0.08780487804878048,query_1,"['GO:0002376', 'GO:0048731']"
GO:BP,GO:0046486,glycerolipid metabolic process,0.0338065263053859,True,"""The chemical reactions and pathways involving glycerolipids, any lipid with a glycerol backbone. Diacylglycerol and phosphatidate are key lipid intermediates of glycerolipid biosynthesis."" [GOC:ai, PMID:8906569]",386,959,29,20972,0.03023983315954119,0.07512953367875648,query_1,['GO:0006629']
GO:BP,GO:0048013,ephrin receptor signaling pathway,0.033834317940021216,True,"""The series of molecular signals initiated by ephrin binding to its receptor, and ending with the regulation of a downstream cellular process, e.g. transcription."" [GOC:ceb]",87,959,10,20972,0.010427528675703858,0.11494252873563218,query_1,['GO:0007169']
GO:BP,GO:0071230,cellular response to amino acid stimulus,0.033834317940021216,True,"""Any process that results in a change in state or activity of a cell (in terms of movement, secretion, enzyme production, gene expression, etc.) as a result of an amino acid stimulus. An amino acid is a carboxylic acids containing one or more amino groups."" [GOC:mah]",87,959,10,20972,0.010427528675703858,0.11494252873563218,query_1,"['GO:0043200', 'GO:0071229']"
GO:BP,GO:0048863,stem cell differentiation,0.0339822035391265,True,"""The process in which a relatively unspecialized cell acquires specialized features of a stem cell. A stem cell is a cell that retains the ability to divide and proliferate throughout life to provide progenitor cells that can differentiate into specialized cells."" [CL:0000034, GOC:isa_complete]",253,959,21,20972,0.021897810218978103,0.08300395256916997,query_1,['GO:0030154']
GO:BP,GO:0006518,peptide metabolic process,0.03413577794118884,True,"""The chemical reactions and pathways involving peptides, compounds of two or more amino acids where the alpha carboxyl group of one is bound to the alpha amino group of another."" [GOC:go_curators]",61,959,8,20972,0.008342022940563087,0.13114754098360656,query_1,['GO:0008152']
GO:BP,GO:0006957,"complement activation, alternative pathway",0.03413577794118884,True,"""Any process involved in the activation of any of the steps of the alternative pathway of the complement cascade which allows for the direct killing of microbes and the regulation of other immune processes."" [GOC:add, ISBN:0781735149]",17,959,4,20972,0.004171011470281543,0.23529411764705882,query_1,"['GO:0006956', 'GO:0045087']"
GO:BP,GO:0048012,hepatocyte growth factor receptor signaling pathway,0.03413577794118884,True,"""The series of molecular signals initiated by a ligand binding to a hepatocyte growth factor receptor, and ending with the regulation of a downstream cellular process, e.g. transcription."" [GOC:ceb]",61,959,8,20972,0.008342022940563087,0.13114754098360656,query_1,['GO:0007169']
GO:BP,GO:0055089,fatty acid homeostasis,0.03413577794118884,True,"""Any process involved in the maintenance of an internal steady state of fatty acid within an organism or cell."" [GOC:BHF, GOC:rl]",17,959,4,20972,0.004171011470281543,0.23529411764705882,query_1,['GO:0055088']
GO:BP,GO:0016137,glycoside metabolic process,0.03413577794118884,True,"""The chemical reactions and pathways involving glycosides, compounds in which a glycosyl group is substituted into a hydroxyl, thiol or selenol group in another compound."" [ISBN:0198547684]",17,959,4,20972,0.004171011470281543,0.23529411764705882,query_1,['GO:1901135']
GO:BP,GO:0019079,viral genome replication,0.03413577794118884,True,"""Any process involved directly in viral genome replication, including viral nucleotide metabolism."" [ISBN:0781702534]",115,959,12,20972,0.01251303441084463,0.10434782608695652,query_1,"['GO:0016032', 'GO:0019058']"
GO:BP,GO:0055119,relaxation of cardiac muscle,0.03413577794118884,True,"""The process in which the extent of cardiac muscle contraction is reduced."" [GOC:ecd]",17,959,4,20972,0.004171011470281543,0.23529411764705882,query_1,['GO:0090075']
GO:BP,GO:0035672,oligopeptide transmembrane transport,0.03413577794118884,True,"""The process in which an oligopeptide is transported across a membrane. Oligopeptides are molecules that contain a small number (2 to 20) of amino-acid residues connected by peptide linkages."" [GOC:vw, ISBN:0198506732]",17,959,4,20972,0.004171011470281543,0.23529411764705882,query_1,"['GO:0006857', 'GO:0055085']"
GO:BP,GO:0043117,positive regulation of vascular permeability,0.03413577794118884,True,"""Any process that increases the extent to which blood vessels can be pervaded by fluid."" [GOC:jl]",17,959,4,20972,0.004171011470281543,0.23529411764705882,query_1,['GO:0043114']
GO:BP,GO:0042574,retinal metabolic process,0.03413577794118884,True,"""The chemical reactions and pathways involving retinal, a compound that plays an important role in the visual process in most vertebrates. In the retina, retinal combines with opsins to form visual pigments. Retinal is one of the forms of vitamin A."" [ISBN:0198506732]",17,959,4,20972,0.004171011470281543,0.23529411764705882,query_1,"['GO:0001523', 'GO:0006081', 'GO:0120254']"
GO:BP,GO:0044771,meiotic cell cycle phase transition,0.03413577794118884,True,"""The cell cycle process by which a cell commits to entering the next meiotic cell cycle phase."" [GOC:mtg_cell_cycle]",17,959,4,20972,0.004171011470281543,0.23529411764705882,query_1,"['GO:0044770', 'GO:1903046']"
GO:BP,GO:0072177,mesonephric duct development,0.03416213878462117,True,"""The process whose specific outcome is the progression of a mesonephric duct over time, from its initial formation to a mature structure. A mesonephric duct is a tube drains the mesonephros."" [GOC:mtg_kidney_jan10]",9,959,3,20972,0.0031282586027111575,0.3333333333333333,query_1,"['GO:0072164', 'GO:0072176']"
GO:BP,GO:0006924,activation-induced cell death of T cells,0.03416213878462117,True,"""A T cell apoptotic process that occurs towards the end of the expansion phase following the initial activation of mature T cells by antigen and is triggered by T cell receptor stimulation and signals transmitted via various surface-expressed members of the TNF receptor family such as Fas ligand, Fas, and TNF and the p55 and p75 TNF receptors."" [GOC:add, GOC:mtg_apoptosis, ISBN:0781765196, PMID:12414721, PMID:12752672]",9,959,3,20972,0.0031282586027111575,0.3333333333333333,query_1,"['GO:0043029', 'GO:0070231']"
GO:BP,GO:1904383,response to sodium phosphate,0.03416213878462117,True,"""Any process that results in a change in state or activity of a cell or an organism (in terms of movement, secretion, enzyme production, gene expression, etc.) as a result of a sodium phosphate stimulus."" [GO_REF:0000071, GOC:TermGenie, PMID:24625659]",9,959,3,20972,0.0031282586027111575,0.3333333333333333,query_1,['GO:1902074']
GO:BP,GO:0032351,negative regulation of hormone metabolic process,0.03416213878462117,True,"""Any process that stops, prevents, or reduces the frequency, rate or extent of the chemical reactions and pathways involving any hormone."" [GOC:mah]",9,959,3,20972,0.0031282586027111575,0.3333333333333333,query_1,"['GO:0009892', 'GO:0032350', 'GO:0042445']"
GO:BP,GO:0031652,positive regulation of heat generation,0.03416213878462117,True,"""Any process that activates or increases the rate or extent of heat generation."" [GOC:dph, GOC:mah, GOC:tb]",9,959,3,20972,0.0031282586027111575,0.3333333333333333,query_1,"['GO:0031649', 'GO:0031650', 'GO:0051240']"
GO:BP,GO:0033212,iron import into cell,0.03416213878462117,True,"""The directed movement of iron ions from outside of a cell into the cytoplasmic compartment. This may occur via transport across the plasma membrane or via endocytosis."" [PMID:18622392, PMID:23192658, Wikipedia:Human_iron_metabolism]",9,959,3,20972,0.0031282586027111575,0.3333333333333333,query_1,"['GO:0006826', 'GO:0006879', 'GO:0051649']"
GO:BP,GO:0120162,positive regulation of cold-induced thermogenesis,0.03416213878462117,True,"""Any process that activates or increases the frequency, rate or extent of cold-induced thermogenesis."" [PMID:27876809]",101,959,11,20972,0.011470281543274244,0.10891089108910891,query_1,"['GO:0051240', 'GO:0106106', 'GO:0120161']"
GO:BP,GO:0032873,negative regulation of stress-activated MAPK cascade,0.03416213878462117,True,"""Any process that stops, prevents, or reduces the frequency, rate or extent of signal transduction mediated by the stress-activated MAPK cascade."" [GOC:mah]",9,959,3,20972,0.0031282586027111575,0.3333333333333333,query_1,"['GO:0032872', 'GO:0043409', 'GO:0051403', 'GO:0070303']"
GO:BP,GO:0044597,daunorubicin metabolic process,0.03416213878462117,True,"""The chemical reactions and pathways involving daunorubicin, a chemotherapeutic of the anthracycline family that is given as a treatment for some types of cancer."" [PMID:20837989]",9,959,3,20972,0.0031282586027111575,0.3333333333333333,query_1,"['GO:0016137', 'GO:0030638', 'GO:0042180']"
GO:BP,GO:0042113,B cell activation,0.03416213878462117,True,"""The change in morphology and behavior of a mature or immature B cell resulting from exposure to a mitogen, cytokine, chemokine, cellular ligand, or an antigen for which it is specific."" [GOC:mgi_curators, ISBN:0781735149]",286,959,23,20972,0.023983315954118872,0.08041958041958042,query_1,['GO:0046649']
GO:BP,GO:0014866,skeletal myofibril assembly,0.03416213878462117,True,"""The process whose specific outcome is the progression of the skeletal myofibril over time, from its formation to the mature structure. A skeletal myofibril is a myofibril specific to skeletal muscle cells."" [GOC:ef, GOC:mtg_muscle]",9,959,3,20972,0.0031282586027111575,0.3333333333333333,query_1,['GO:0030239']
GO:BP,GO:0000041,transition metal ion transport,0.03416213878462117,True,"""The directed movement of transition metal ions into, out of or within a cell, or between cells, by means of some agent such as a transporter or pore. A transition metal is an element whose atom has an incomplete d-subshell of extranuclear electrons, or which gives rise to a cation or cations with an incomplete d-subshell. Transition metals often have more than one valency state. Biologically relevant transition metals include vanadium, manganese, iron, copper, cobalt, nickel, molybdenum and silver."" [ISBN:0198506732]",101,959,11,20972,0.011470281543274244,0.10891089108910891,query_1,['GO:0030001']
GO:BP,GO:0006547,L-histidine metabolic process,0.03416213878462117,True,"""The chemical reactions and pathways involving L-histidine, 2-amino-3-(1H-imidazol-4-yl)propanoic acid."" [GOC:go_curators]",9,959,3,20972,0.0031282586027111575,0.3333333333333333,query_1,"['GO:0009072', 'GO:0052803', 'GO:0170033', 'GO:0170039']"
GO:BP,GO:1901724,positive regulation of cell proliferation involved in kidney development,0.03416213878462117,True,"""Any process that activates or increases the frequency, rate or extent of cell proliferation involved in kidney development."" [GOC:TermGenie, PMID:18182616]",9,959,3,20972,0.0031282586027111575,0.3333333333333333,query_1,"['GO:0008284', 'GO:0072111']"
GO:BP,GO:0008315,G2/MI transition of meiotic cell cycle,0.03416213878462117,True,"""The cell cycle process in which a cell progresses from meiotic G2 phase to M phase of meiosis I."" [PMID:15084480]",9,959,3,20972,0.0031282586027111575,0.3333333333333333,query_1,"['GO:0044771', 'GO:0044839', 'GO:0061982']"
GO:BP,GO:2000826,regulation of heart morphogenesis,0.03416213878462117,True,"""Any process that modulates the frequency, rate or extent of heart morphogenesis."" [GOC:BHF]",9,959,3,20972,0.0031282586027111575,0.3333333333333333,query_1,"['GO:0003007', 'GO:2000027']"
GO:BP,GO:0062043,positive regulation of cardiac epithelial to mesenchymal transition,0.03416213878462117,True,"""Any process that starts or increases the rate, frequency or extent of cardiac epithelial to mesenchymal transition, a transition where a cardiac epithelial cell loses apical/basolateral polarity, severs intercellular adhesive junctions, degrades basement membrane components and becomes a migratory mesenchymal cell."" [GOC:BHF, GOC:rph, PMID:20951801]",9,959,3,20972,0.0031282586027111575,0.3333333333333333,query_1,"['GO:0010718', 'GO:0060317', 'GO:0062042']"
GO:BP,GO:0060426,lung vasculature development,0.03416213878462117,True,"""The biological process whose specific outcome is the progression of a lung vasculature from an initial condition to its mature state. This process begins with the formation of the lung vasculature and ends with the mature structure. The lung vasculature is composed of the tubule structures that carry blood or lymph in the lungs."" [GOC:dph, GOC:mtg_lung]",9,959,3,20972,0.0031282586027111575,0.3333333333333333,query_1,"['GO:0001944', 'GO:0030324']"
GO:BP,GO:2000242,negative regulation of reproductive process,0.03416213878462117,True,"""Any process that stops, prevents, or reduces the frequency, rate or extent of reproductive process."" [GOC:mah]",74,959,9,20972,0.009384775808133473,0.12162162162162163,query_1,"['GO:0022414', 'GO:0048519', 'GO:2000241']"
GO:BP,GO:0006692,prostanoid metabolic process,0.03438765942622085,True,"""The chemical reactions and pathways involving prostanoids, any compound based on or derived from the prostanoate structure."" [ISBN:0198506732]",49,959,7,20972,0.0072992700729927005,0.14285714285714285,query_1,"['GO:0006690', 'GO:0033559']"
GO:BP,GO:0048546,digestive tract morphogenesis,0.03438765942622085,True,"""The process in which the anatomical structures of the digestive tract are generated and organized. The digestive tract is the anatomical structure through which food passes and is processed."" [GOC:dph, GOC:go_curators, PMID:12618131]",49,959,7,20972,0.0072992700729927005,0.14285714285714285,query_1,"['GO:0035239', 'GO:0048565']"
GO:BP,GO:1904645,response to amyloid-beta,0.03438765942622085,True,"""Any process that results in a change in state or activity of a cell or an organism (in terms of movement, secretion, enzyme production, gene expression, etc.) as a result of a amyloid-beta stimulus."" [GO_REF:0000071, GOC:TermGenie, PMID:23555824]",49,959,7,20972,0.0072992700729927005,0.14285714285714285,query_1,"['GO:1901698', 'GO:1901700']"
GO:BP,GO:1903522,regulation of blood circulation,0.03459781869569042,True,"""Any process that modulates the frequency, rate or extent of blood circulation."" [GO_REF:0000058, GOC:mr, GOC:TermGenie, PMID:10659969]",254,959,21,20972,0.021897810218978103,0.08267716535433071,query_1,"['GO:0008015', 'GO:0044057']"
GO:BP,GO:0042593,glucose homeostasis,0.03459781869569042,True,"""Any process involved in the maintenance of an internal steady state of glucose within an organism or cell."" [GOC:go_curators]",254,959,21,20972,0.021897810218978103,0.08267716535433071,query_1,['GO:0033500']
GO:BP,GO:0060041,retina development in camera-type eye,0.03459781869569042,True,"""The process whose specific outcome is the progression of the retina over time, from its formation to the mature structure. The retina is the innermost layer or coating at the back of the eyeball, which is sensitive to light and in which the optic nerve terminates."" [GOC:bf, GOC:dph, ISBN:0815340729]",175,959,16,20972,0.016684045881126174,0.09142857142857143,query_1,"['GO:0043010', 'GO:0048856']"
GO:BP,GO:0097237,cellular response to toxic substance,0.03459781869569042,True,"""Any process that results in a change in state or activity of a cell (in terms of movement, secretion, enzyme production, gene expression, etc.) as a result of a toxic stimulus."" [GOC:pr]",130,959,13,20972,0.013555787278415016,0.1,query_1,"['GO:0009636', 'GO:0070887']"
REAC,REAC:R-HSA-416482,G alpha (12/13) signalling events,0.03503003822703343,True,G alpha (12/13) signalling events,80,648,13,11056,0.020061728395061727,0.1625,query_1,['REAC:R-HSA-388396']
REAC,REAC:R-HSA-991365,Activation of GABAB receptors,0.03503003822703343,True,Activation of GABAB receptors,43,648,9,11056,0.013888888888888888,0.20930232558139536,query_1,['REAC:R-HSA-977444']
REAC,REAC:R-HSA-977444,GABA B receptor activation,0.03503003822703343,True,GABA B receptor activation,43,648,9,11056,0.013888888888888888,0.20930232558139536,query_1,['REAC:R-HSA-977443']
GO:BP,GO:0001909,leukocyte mediated cytotoxicity,0.035076652651017344,True,"""The directed killing of a target cell by a leukocyte."" [GO_REF:0000022, GOC:add, ISBN:0781735149, PMID:11911826]",145,959,14,20972,0.014598540145985401,0.09655172413793103,query_1,"['GO:0001906', 'GO:0002443']"
GO:BP,GO:0071624,positive regulation of granulocyte chemotaxis,0.0358897196894145,True,"""Any process that increases the rate, frequency or extent of granulocyte chemotaxis. Granulocyte chemotaxis is the movement of a granulocyte in response to an external stimulus."" [GOC:mah]",27,959,5,20972,0.005213764337851929,0.18518518518518517,query_1,"['GO:0002690', 'GO:0071621', 'GO:0071622']"
GO:BP,GO:0060343,trabecula formation,0.0358897196894145,True,"""The process of creating a trabecula in an organ. A trabecula is a small, often microscopic, tissue element in the form of a small beam, strut or rod, which generally has a mechanical function. Trabecula are usually but not necessarily, composed of dense collagenous tissue."" [GOC:dph]",27,959,5,20972,0.005213764337851929,0.18518518518518517,query_1,"['GO:0009887', 'GO:0048646', 'GO:0061383']"
GO:BP,GO:0010971,positive regulation of G2/M transition of mitotic cell cycle,0.0358897196894145,True,"""Any signaling pathway that activates or increases the activity of a cell cycle cyclin-dependent protein kinase to modulate the switch from G2 phase to M phase of the mitotic cell cycle."" [GOC:dph, GOC:mtg_cell_cycle, GOC:tb]",27,959,5,20972,0.005213764337851929,0.18518518518518517,query_1,"['GO:0000086', 'GO:0010389', 'GO:1901992', 'GO:1902751']"
GO:BP,GO:0045662,negative regulation of myoblast differentiation,0.0358897196894145,True,"""Any process that stops, prevents, or reduces the frequency, rate or extent of myoblast differentiation. A myoblast is a mononucleate cell type that, by fusion with other myoblasts, gives rise to the myotubes that eventually develop into skeletal muscle fibers."" [CL:0000056, GOC:go_curators, GOC:mtg_muscle]",27,959,5,20972,0.005213764337851929,0.18518518518518517,query_1,"['GO:0045445', 'GO:0045596', 'GO:0045661']"
GO:BP,GO:0002066,columnar/cuboidal epithelial cell development,0.0358897196894145,True,"""The process whose specific outcome is the progression of a columnar/cuboidal epithelial cell over time, from its formation to the mature structure. A columnar/cuboidal epithelial cell is a cell usually found in a two dimensional sheet with a free surface. Columnar/cuboidal epithelial cells take on the shape of a column or cube."" [GOC:dph]",27,959,5,20972,0.005213764337851929,0.18518518518518517,query_1,"['GO:0002064', 'GO:0002065']"
GO:BP,GO:0006939,smooth muscle contraction,0.03596909445971849,True,"""A process in which force is generated within smooth muscle tissue, resulting in a change in muscle geometry. Force generation involves a chemo-mechanical energy conversion step that is carried out by the actin/myosin complex activity, which generates force through ATP hydrolysis. Smooth muscle differs from striated muscle in the much higher actin/myosin ratio, the absence of conspicuous sarcomeres and the ability to contract to a much smaller fraction of its resting length."" [GOC:ef, GOC:jl, GOC:mtg_muscle, ISBN:0198506732]",102,959,11,20972,0.011470281543274244,0.10784313725490197,query_1,['GO:0006936']
GO:BP,GO:0048469,cell maturation,0.03596909445971849,True,"""The cellular developmental process, independent of morphogenetic (shape) change, that is required for a specific cell to attain its fully functional state."" [GOC:go_curators]",207,959,18,20972,0.018769551616266946,0.08695652173913043,query_1,"['GO:0048468', 'GO:0048869', 'GO:0071695']"
GO:BP,GO:0031663,lipopolysaccharide-mediated signaling pathway,0.036512074349893356,True,"""The series of molecular signals initiated by the binding of a lipopolysaccharide (LPS) to a receptor on the surface of a target cell, and ending with the regulation of a downstream cellular process, e.g. transcription. Lipopolysaccharides are major components of the outer membrane of Gram-negative bacteria, making them prime targets for recognition by the immune system."" [GOC:mah, GOC:signaling, PMID:15379975]",62,959,8,20972,0.008342022940563087,0.12903225806451613,query_1,"['GO:0007166', 'GO:0071222']"
GO:BP,GO:0042733,embryonic digit morphogenesis,0.036512074349893356,True,"""The process, occurring in the embryo, by which the anatomical structures of the digit are generated and organized. A digit is one of the terminal divisions of an appendage, such as a finger or toe."" [GOC:bf, GOC:jl, UBERON:0002544]",62,959,8,20972,0.008342022940563087,0.12903225806451613,query_1,"['GO:0030326', 'GO:0048598']"
GO:BP,GO:0140238,presynaptic endocytosis,0.03661640349544328,True,"""A vesicle-mediated transport process in which the presynapse take up external materials or membrane constituents by the invagination of a small region of the plasma membrane to form a new membrane-bounded vesicle."" [PMID:24719103]",75,959,9,20972,0.009384775808133473,0.12,query_1,"['GO:0006897', 'GO:0051649', 'GO:0099003']"
GO:BP,GO:0006879,intracellular iron ion homeostasis,0.03661640349544328,True,"""A homeostatic process involved in the maintenance of a steady state level of iron ions within a cell."" [GOC:ai, GOC:mah]",75,959,9,20972,0.009384775808133473,0.12,query_1,"['GO:0030003', 'GO:0098771']"
GO:BP,GO:0006958,"complement activation, classical pathway",0.03667139851086381,True,"""Any process involved in the activation of any of the steps of the classical pathway of the complement cascade which allows for the direct killing of microbes, the disposal of immune complexes, and the regulation of other immune processes."" [GOC:add, ISBN:0781735149]",38,959,6,20972,0.006256517205422315,0.15789473684210525,query_1,"['GO:0002455', 'GO:0006956']"
GO:BP,GO:0045730,respiratory burst,0.03667139851086381,True,"""A phase of elevated metabolic activity, during which oxygen consumption increases; this leads to the production, by an NADH dependent system, of hydrogen peroxide (H2O2), superoxide anions and hydroxyl radicals."" [ISBN:0198506732]",38,959,6,20972,0.006256517205422315,0.15789473684210525,query_1,['GO:0008152']
GO:BP,GO:0097242,amyloid-beta clearance,0.03667139851086381,True,"""The process in which amyloid-beta is removed from extracellular brain regions by mechanisms involving cell surface receptors."" [GOC:aruk, GOC:bc, GOC:BHF, PMID:18289866, PMID:19098903, PMID:26005850]",38,959,6,20972,0.006256517205422315,0.15789473684210525,query_1,['GO:0032501']
GO:BP,GO:0050803,regulation of synapse structure or activity,0.036684926751314476,True,"""Any process that modulates the physical form or the activity of a synapse, the junction between a neuron and a target (neuron, muscle, or secretory cell)."" [GOC:ai]",305,959,24,20972,0.02502606882168926,0.07868852459016394,query_1,['GO:0065008']
GO:BP,GO:0034220,monoatomic ion transmembrane transport,0.03683045208589927,True,"""A process in which a monoatomic ion is transported across a membrane. Monatomic ions (also called simple ions) are ions consisting of exactly one atom."" [GOC:mah]",1025,959,64,20972,0.0667361835245047,0.0624390243902439,query_1,"['GO:0006811', 'GO:0055085']"
GO:BP,GO:0015908,fatty acid transport,0.03768019775394684,True,"""The directed movement of fatty acids into, out of or within a cell, or between cells, by means of some agent such as a transporter or pore. Fatty acids are aliphatic monocarboxylic acids liberated from naturally occurring fats and oils by hydrolysis."" [GOC:ai]",117,959,12,20972,0.01251303441084463,0.10256410256410256,query_1,"['GO:0006869', 'GO:0015718']"
GO:BP,GO:0022602,ovulation cycle process,0.03772378188454298,True,"""A process involved in the sexual cycle seen in females, often with physiologic changes in the endometrium that recur at regular intervals during the reproductive years."" [GOC:isa_complete]",50,959,7,20972,0.0072992700729927005,0.14,query_1,"['GO:0022414', 'GO:0042698', 'GO:0048511']"
GO:BP,GO:0036323,vascular endothelial growth factor receptor-1 signaling pathway,0.03772378188454298,True,"""The series of molecular signals initiated by a ligand binding to a vascular endothelial growth factor receptor-1 (VEGFR-1) on the surface of a target cell, and ending with the regulation of a downstream cellular process, e.g. transcription."" [GOC:bf, GOC:uh, Wikipedia:FLT1, Wikipedia:VEGF_receptors]",50,959,7,20972,0.0072992700729927005,0.14,query_1,['GO:0048010']
GO:BP,GO:0030195,negative regulation of blood coagulation,0.03772378188454298,True,"""Any process that stops, prevents, or reduces the frequency, rate or extent of blood coagulation."" [GOC:mah]",50,959,7,20972,0.0072992700729927005,0.14,query_1,"['GO:0007596', 'GO:0030193', 'GO:0050819', 'GO:0061045', 'GO:1900047']"
GO:BP,GO:0042088,T-helper 1 type immune response,0.03772378188454298,True,"""An immune response which is associated with resistance to intracellular bacteria, fungi, and protozoa, and pathological conditions such as arthritis, and which is typically orchestrated by the production of particular cytokines by T-helper 1 cells, most notably interferon-gamma, IL-2, and lymphotoxin."" [GOC:add, ISBN:0781735149]",50,959,7,20972,0.0072992700729927005,0.14,query_1,['GO:0002460']
GO:BP,GO:0061900,glial cell activation,0.03772378188454298,True,"""A change in morphology and behavior of a glial cell resulting from exposure to a cytokine, chemokine, cellular ligand, or soluble factor."" [GOC:aruk, GOC:bc, PMID:18723082]",50,959,7,20972,0.0072992700729927005,0.14,query_1,"['GO:0001775', 'GO:0150076']"
GO:BP,GO:0002821,positive regulation of adaptive immune response,0.03854516786003366,True,"""Any process that activates or increases the frequency, rate, or extent of an adaptive immune response."" [GOC:add]",132,959,13,20972,0.013555787278415016,0.09848484848484848,query_1,"['GO:0002250', 'GO:0002819', 'GO:0050778']"
REAC,REAC:R-HSA-975634,Retinoid metabolism and transport,0.038647927975938606,True,Retinoid metabolism and transport,44,648,9,11056,0.013888888888888888,0.20454545454545456,query_1,"['REAC:R-HSA-2187338', 'REAC:R-HSA-6806667']"
REAC,REAC:R-HSA-193807,Synthesis of bile acids and bile salts via 27-hydroxycholesterol,0.038647927975938606,True,Synthesis of bile acids and bile salts via 27-hydroxycholesterol,14,648,5,11056,0.007716049382716049,0.35714285714285715,query_1,['REAC:R-HSA-192105']
REAC,REAC:R-HSA-8948216,Collagen chain trimerization,0.038647927975938606,True,Collagen chain trimerization,44,648,9,11056,0.013888888888888888,0.20454545454545456,query_1,['REAC:R-HSA-1650814']
GO:BP,GO:0022604,regulation of cell morphogenesis,0.03906790746311127,True,"""Any process that modulates the frequency, rate or extent of cell morphogenesis. Cell morphogenesis is the developmental process in which the shape of a cell is generated and organized."" [GOC:isa_complete]",241,959,20,20972,0.020855057351407715,0.08298755186721991,query_1,"['GO:0000902', 'GO:0022603']"
GO:BP,GO:0046209,nitric oxide metabolic process,0.03948135639964204,True,"""The chemical reactions and pathways involving nitric oxide, nitrogen monoxide (NO), a colorless gas only slightly soluble in water."" [GOC:ai]",76,959,9,20972,0.009384775808133473,0.11842105263157894,query_1,['GO:2001057']
GO:BP,GO:0045661,regulation of myoblast differentiation,0.03948135639964204,True,"""Any process that modulates the frequency, rate or extent of myoblast differentiation. A myoblast is a mononucleate cell type that, by fusion with other myoblasts, gives rise to the myotubes that eventually develop into skeletal muscle fibers."" [CL:0000056, GOC:go_curators, GOC:mtg_muscle]",76,959,9,20972,0.009384775808133473,0.11842105263157894,query_1,"['GO:0045445', 'GO:0045595']"
REAC,REAC:R-HSA-2022854,Keratan sulfate biosynthesis,0.039543003922602814,True,Keratan sulfate biosynthesis,28,648,7,11056,0.010802469135802469,0.25,query_1,['REAC:R-HSA-1638074']
GO:BP,GO:0022411,cellular component disassembly,0.03957973632106342,True,"""A cellular process that results in the breakdown of a cellular component."" [GOC:isa_complete]",444,959,32,20972,0.03336809176225235,0.07207207207207207,query_1,['GO:0016043']
GO:BP,GO:0046824,positive regulation of nucleocytoplasmic transport,0.03957973632106342,True,"""Any process that activates or increases the frequency, rate or extent of the directed movement of substances between the nucleus and the cytoplasm."" [GOC:bf]",63,959,8,20972,0.008342022940563087,0.12698412698412698,query_1,"['GO:0006913', 'GO:0032388', 'GO:0046822']"
GO:BP,GO:0038065,collagen-activated signaling pathway,0.03957973632106342,True,"""The series of molecular signals initiated by collagen binding to a cell surface receptor, and ending with the regulation of a downstream cellular process, e.g. transcription."" [GOC:bf, GOC:uh, PMID:21568710]",63,959,8,20972,0.008342022940563087,0.12698412698412698,query_1,['GO:0007166']
GO:BP,GO:0048814,regulation of dendrite morphogenesis,0.03957973632106342,True,"""Any process that modulates the frequency, rate or extent of dendrite morphogenesis."" [GOC:ai]",63,959,8,20972,0.008342022940563087,0.12698412698412698,query_1,"['GO:0022603', 'GO:0048813', 'GO:0050773']"
GO:BP,GO:0003179,heart valve morphogenesis,0.03957973632106342,True,"""The process in which the structure of a heart valve is generated and organized."" [GOC:mtg_heart]",63,959,8,20972,0.008342022940563087,0.12698412698412698,query_1,"['GO:0003170', 'GO:0009653']"
GO:BP,GO:0031345,negative regulation of cell projection organization,0.039612702110971926,True,"""Any process that stops, prevents, or reduces the frequency, rate or extent of a process involved in the formation, arrangement of constituent parts, or disassembly of cell projections."" [GOC:mah]",178,959,16,20972,0.016684045881126174,0.0898876404494382,query_1,"['GO:0030030', 'GO:0031344', 'GO:0051129']"
GO:BP,GO:1901888,regulation of cell junction assembly,0.04008438321403023,True,"""Any process that modulates the frequency, rate or extent of cell junction assembly."" [GOC:TermGenie]",258,959,21,20972,0.021897810218978103,0.08139534883720931,query_1,"['GO:0034329', 'GO:0044087', 'GO:0051128']"
GO:BP,GO:0002827,positive regulation of T-helper 1 type immune response,0.04029407731605365,True,"""Any process that activates or increases the frequency, rate, or extent of a T-helper 1 type immune response."" [GOC:add]",18,959,4,20972,0.004171011470281543,0.2222222222222222,query_1,"['GO:0002824', 'GO:0002825', 'GO:0042088']"
GO:BP,GO:0006595,polyamine metabolic process,0.04029407731605365,True,"""The chemical reactions and pathways involving polyamines, any organic compound containing two or more amino groups."" [ISBN:0198506732]",18,959,4,20972,0.004171011470281543,0.2222222222222222,query_1,['GO:0006576']
GO:BP,GO:0071637,regulation of monocyte chemotactic protein-1 production,0.04029407731605365,True,"""Any process that modulates the frequency, rate, or extent of production of monocyte chemotactic protein-1."" [GOC:mah]",18,959,4,20972,0.004171011470281543,0.2222222222222222,query_1,"['GO:0032642', 'GO:0071605']"
GO:BP,GO:0001710,mesodermal cell fate commitment,0.04029407731605365,True,"""The cell differentiation process that results in commitment of a cell to become part of the mesoderm."" [GOC:go_curators, ISBN:0878932437]",18,959,4,20972,0.004171011470281543,0.2222222222222222,query_1,"['GO:0048333', 'GO:0060795']"
GO:BP,GO:1902170,cellular response to reactive nitrogen species,0.04029407731605365,True,"""Any process that results in a change in state or activity of a cell (in terms of movement, secretion, enzyme production, gene expression, etc.) as a result of a reactive nitrogen species stimulus."" [GOC:sl, GOC:TermGenie, PMID:22504638]",18,959,4,20972,0.004171011470281543,0.2222222222222222,query_1,['GO:1901699']
GO:BP,GO:0030202,heparin proteoglycan metabolic process,0.04029407731605365,True,"""The chemical reactions and pathways involving heparin proteoglycans, which consist of a core protein linked to a heparin glycosaminoglycan. The heparin chain is composed of the repeating disaccharide unit beta-(1,4)-N-acetyl-D-glucosamine-alpha-(1,4)-hexuronic acid, the former being either sulfated or deacetylated on its amino group as well as sulfated on one of its hydroxyl groups, and the latter being e a mixture of sulfated and nonsulfated D-glucuronic and L-iduronic acids. Heparin is similar to heparan sulfate but it contains more N-sulfate and O-sulfate groups. Heparin proteoglycans are stored selectively in the secretory granules of mammalian mast cells."" [PMID:22566225]",18,959,4,20972,0.004171011470281543,0.2222222222222222,query_1,['GO:0006029']
GO:BP,GO:0010544,negative regulation of platelet activation,0.04029407731605365,True,"""Any process that decreases the rate or frequency of platelet activation. Platelet activation is a series of progressive, overlapping events triggered by exposure of the platelets to subendothelial tissue."" [GOC:BHF, GOC:dph, GOC:tb]",18,959,4,20972,0.004171011470281543,0.2222222222222222,query_1,"['GO:0010543', 'GO:0030168', 'GO:0030195', 'GO:0050866']"
GO:BP,GO:1902430,negative regulation of amyloid-beta formation,0.04029407731605365,True,"""Any process that stops, prevents or reduces the frequency, rate or extent of amyloid-beta formation."" [GOC:hjd, GOC:TermGenie, PMID:22992957]",18,959,4,20972,0.004171011470281543,0.2222222222222222,query_1,"['GO:0034205', 'GO:1902003', 'GO:1902992']"
GO:BP,GO:0071605,monocyte chemotactic protein-1 production,0.04029407731605365,True,"""The appearance of monocyte chemotactic protein-1 due to biosynthesis or secretion following a cellular stimulus, resulting in an increase in its intracellular or extracellular levels."" [GOC:add, GOC:rv]",18,959,4,20972,0.004171011470281543,0.2222222222222222,query_1,['GO:0032602']
GO:BP,GO:1903034,regulation of response to wounding,0.04029407731605365,True,"""Any process that modulates the frequency, rate or extent of response to wounding."" [GO_REF:0000058, GOC:kmv, GOC:TermGenie, PMID:19164535]",163,959,15,20972,0.01564129301355579,0.09202453987730061,query_1,"['GO:0009611', 'GO:0080134']"
GO:BP,GO:0072657,protein localization to membrane,0.040335348907741916,True,"""A process in which a protein is transported to, or maintained in, a specific location in a membrane."" [GOC:mah]",445,959,32,20972,0.03336809176225235,0.07191011235955057,query_1,"['GO:0008104', 'GO:0051668']"
GO:BP,GO:2001243,negative regulation of intrinsic apoptotic signaling pathway,0.040335348907741916,True,"""Any process that stops, prevents or reduces the frequency, rate or extent of intrinsic apoptotic signaling pathway."" [GOC:mtg_apoptosis]",104,959,11,20972,0.011470281543274244,0.10576923076923077,query_1,"['GO:0097193', 'GO:1902532', 'GO:2001234', 'GO:2001242']"
GO:BP,GO:0006721,terpenoid metabolic process,0.040335348907741916,True,"""The chemical reactions and pathways involving terpenoids, any member of a class of compounds characterized by an isoprenoid chemical structure and including derivatives with various functional groups."" [ISBN:0198506732]",104,959,11,20972,0.011470281543274244,0.10576923076923077,query_1,['GO:0006720']
GO:BP,GO:0006835,dicarboxylic acid transport,0.040335348907741916,True,"""The directed movement of dicarboxylic acids into, out of or within a cell, or between cells, by means of some agent such as a transporter or pore."" [GOC:krc]",104,959,11,20972,0.011470281543274244,0.10576923076923077,query_1,['GO:0046942']
GO:BP,GO:0090257,regulation of muscle system process,0.04039709379876814,True,"""Any process that modulates the frequency, rate or extent of a muscle system process, a multicellular organismal process carried out by any of the organs or tissues in a muscle system."" [GOC:dph, GOC:tb]",226,959,19,20972,0.01981230448383733,0.084070796460177,query_1,"['GO:0003012', 'GO:0044057']"
GO:BP,GO:0019432,triglyceride biosynthetic process,0.04059389641394941,True,"""The chemical reactions and pathways resulting in the formation of a triglyceride, any triester of glycerol."" [ISBN:0198506732]",39,959,6,20972,0.006256517205422315,0.15384615384615385,query_1,"['GO:0006641', 'GO:0046463']"
GO:BP,GO:0034391,regulation of smooth muscle cell apoptotic process,0.04059389641394941,True,"""Any process that modulates the frequency, rate, or extent of smooth muscle cell apoptotic process."" [GOC:BHF, GOC:mtg_apoptosis, GOC:rl]",28,959,5,20972,0.005213764337851929,0.17857142857142858,query_1,"['GO:0010660', 'GO:0034390']"
GO:BP,GO:0010039,response to iron ion,0.04059389641394941,True,"""Any process that results in a change in state or activity of a cell or an organism (in terms of movement, secretion, enzyme production, gene expression, etc.) as a result of an iron ion stimulus."" [GOC:sm]",28,959,5,20972,0.005213764337851929,0.17857142857142858,query_1,['GO:0010038']
GO:BP,GO:1904646,cellular response to amyloid-beta,0.04059389641394941,True,"""Any process that results in a change in state or activity of a cell (in terms of movement, secretion, enzyme production, gene expression, etc.) as a result of a amyloid-beta stimulus."" [GO_REF:0000071, GOC:TermGenie, PMID:23555824]",39,959,6,20972,0.006256517205422315,0.15384615384615385,query_1,"['GO:1901699', 'GO:1901701', 'GO:1904645']"
GO:BP,GO:0051497,negative regulation of stress fiber assembly,0.04059389641394941,True,"""Any process that stops, prevents, or reduces the frequency, rate or extent of the assembly a stress fiber, a bundle of microfilaments and other proteins found in fibroblasts."" [GOC:ai]",28,959,5,20972,0.005213764337851929,0.17857142857142858,query_1,"['GO:0032232', 'GO:0043149', 'GO:0051492']"
GO:BP,GO:0060586,multicellular organismal-level iron ion homeostasis,0.04059389641394941,True,"""A chemical homeostatic process involved in the maintenance of a steady state level of iron within extracellular body fluids, such as blood, xylem or phloem, of a multicellular organism. This is distinct from maintenance of cellular homeostasis, which occurs within a cell."" [PMID:31431773]",28,959,5,20972,0.005213764337851929,0.17857142857142858,query_1,"['GO:0055080', 'GO:0098771', 'GO:0140962']"
GO:BP,GO:0003180,aortic valve morphogenesis,0.04059389641394941,True,"""The process in which the structure of the aortic valve is generated and organized."" [GOC:mtg_heart]",39,959,6,20972,0.006256517205422315,0.15384615384615385,query_1,"['GO:0003176', 'GO:0003179']"
GO:BP,GO:0002726,positive regulation of T cell cytokine production,0.04059389641394941,True,"""Any process that activates or increases the frequency, rate, or extent of T cell cytokine production."" [GOC:add]",28,959,5,20972,0.005213764337851929,0.17857142857142858,query_1,"['GO:0002369', 'GO:0002711', 'GO:0002720', 'GO:0002724']"
GO:BP,GO:0035929,steroid hormone secretion,0.04059389641394941,True,"""The regulated release of any steroid that acts as a hormone into the circulatory system."" [GOC:sl]",28,959,5,20972,0.005213764337851929,0.17857142857142858,query_1,"['GO:0060986', 'GO:0140353']"
GO:BP,GO:0002455,humoral immune response mediated by circulating immunoglobulin,0.04098826442066852,True,"""An immune response dependent upon secreted immunoglobulin. An example of this process is found in Mus musculus."" [GO_REF:0000022, GOC:add, ISBN:0781735149]",51,959,7,20972,0.0072992700729927005,0.13725490196078433,query_1,"['GO:0006959', 'GO:0016064']"
GO:BP,GO:1904894,positive regulation of receptor signaling pathway via STAT,0.04098826442066852,True,"""Any process that activates or increases the frequency, rate or extent of receptor signaling pathway via STAT."" [GO_REF:0000058, GOC:rjd, GOC:TermGenie, PMID:24587195]",51,959,7,20972,0.0072992700729927005,0.13725490196078433,query_1,"['GO:0009967', 'GO:0097696', 'GO:1904892']"
GO:BP,GO:2001057,reactive nitrogen species metabolic process,0.041841988205228886,True,"""The chemical reactions and pathways involving a reactive nitrogen species."" [GOC:obol]",77,959,9,20972,0.009384775808133473,0.11688311688311688,query_1,['GO:0008152']
GO:BP,GO:0045913,positive regulation of carbohydrate metabolic process,0.041841988205228886,True,"""Any process that activates or increases the frequency, rate or extent of the chemical reactions and pathways involving carbohydrate."" [GOC:go_curators]",77,959,9,20972,0.009384775808133473,0.11688311688311688,query_1,"['GO:0005975', 'GO:0006109', 'GO:0009893']"
GO:BP,GO:0043502,regulation of muscle adaptation,0.041841988205228886,True,"""Any process that modulates the frequency, rate or extent of muscle adaptation."" [GOC:go_curators, GOC:mtg_muscle]",77,959,9,20972,0.009384775808133473,0.11688311688311688,query_1,"['GO:0043500', 'GO:0048583', 'GO:0090257']"
GO:BP,GO:0048525,negative regulation of viral process,0.041841988205228886,True,"""Any process that stops, prevents, or reduces the frequency, rate or extent of a multi-organism process in which a virus is a participant."" [GOC:bf, GOC:jl]",77,959,9,20972,0.009384775808133473,0.11688311688311688,query_1,"['GO:0016032', 'GO:0048519', 'GO:0050792']"
GO:BP,GO:0046661,male sex differentiation,0.041841988205228886,True,"""The establishment of the sex of a male organism by physical differentiation."" [GOC:bf]",164,959,15,20972,0.01564129301355579,0.09146341463414634,query_1,"['GO:0007275', 'GO:0007548']"
GO:BP,GO:0098754,detoxification,0.042288924069826615,True,"""Any process that reduces or removes the toxicity of a toxic substance. These may include transport of the toxic substance away from sensitive areas and to compartments or complexes whose purpose is sequestration of the toxic substance."" [GOC:dos]",149,959,14,20972,0.014598540145985401,0.09395973154362416,query_1,"['GO:0008150', 'GO:0009636']"
GO:BP,GO:0042471,ear morphogenesis,0.042288924069826615,True,"""The process in which the anatomical structures of the ear are generated and organized. The ear is the sense organ in vertebrates that is specialized for the detection of sound, and the maintenance of balance. Includes the outer ear and middle ear, which collect and transmit sound waves; and the inner ear, which contains the organs of balance and (except in fish) hearing. Also includes the pinna, the visible part of the outer ear, present in some mammals."" [GOC:jl, ISBN:0192801023]",134,959,13,20972,0.013555787278415016,0.09701492537313433,query_1,"['GO:0043583', 'GO:0048562', 'GO:0090596']"
GO:BP,GO:0035904,aorta development,0.04235798392345265,True,"""The progression of the aorta over time, from its initial formation to the mature structure. An aorta is an artery that carries blood from the heart to other parts of the body."" [GOC:bf, GOC:dgh, MA:0000062, UBERON:0000947, Wikipedia:Aorta]",64,959,8,20972,0.008342022940563087,0.125,query_1,['GO:0060840']
GO:BP,GO:0032757,positive regulation of interleukin-8 production,0.04235798392345265,True,"""Any process that activates or increases the frequency, rate, or extent of interleukin-8 production."" [GOC:mah]",64,959,8,20972,0.008342022940563087,0.125,query_1,"['GO:0001819', 'GO:0032637', 'GO:0032677']"
GO:BP,GO:0045058,T cell selection,0.04235798392345265,True,"""The process in which T cells that express T cell receptors that are restricted by self MHC protein complexes and tolerant to self antigens are selected for further maturation."" [ISBN:0781735149, PMID:12414722]",64,959,8,20972,0.008342022940563087,0.125,query_1,"['GO:0002376', 'GO:0030217']"
GO:BP,GO:0008585,female gonad development,0.04258108256773242,True,"""The process whose specific outcome is the progression of the female gonad over time, from its formation to the mature structure."" [GOC:dph, GOC:jid, GOC:tb]",105,959,11,20972,0.011470281543274244,0.10476190476190476,query_1,"['GO:0008406', 'GO:0046545']"
GO:BP,GO:0030258,lipid modification,0.04275496605423688,True,"""The covalent alteration of one or more fatty acids in a lipid, resulting in a change in the properties of the lipid."" [GOC:mah]",180,959,16,20972,0.016684045881126174,0.08888888888888889,query_1,['GO:0006629']
GO:BP,GO:0090316,positive regulation of intracellular protein transport,0.04275657056225297,True,"""Any process that activates or increases the frequency, rate or extent of the directed movement of proteins within cells."" [GOC:tb]",91,959,10,20972,0.010427528675703858,0.10989010989010989,query_1,"['GO:0006886', 'GO:0032388', 'GO:0033157', 'GO:0051222']"
GO:BP,GO:0000226,microtubule cytoskeleton organization,0.04338982362569835,True,"""A process that is carried out at the cellular level which results in the assembly, arrangement of constituent parts, or disassembly of cytoskeletal structures comprising microtubules and their associated proteins."" [GOC:mah]",681,959,45,20972,0.04692387904066736,0.06607929515418502,query_1,"['GO:0007010', 'GO:0007017']"
GO:BP,GO:0035655,interleukin-18-mediated signaling pathway,0.044032918807470484,True,"""The series of molecular signals initiated by interleukin-18 binding to its receptor on the surface of a target cell, and ending with the regulation of a downstream cellular process, e.g. transcription."" [GOC:bf, GOC:BHF, GOC:signaling]",10,959,3,20972,0.0031282586027111575,0.3,query_1,"['GO:0019221', 'GO:0071351']"
GO:BP,GO:0032823,regulation of natural killer cell differentiation,0.044032918807470484,True,"""Any process that modulates the frequency, rate or extent of natural killer cell differentiation."" [GOC:mah]",10,959,3,20972,0.0031282586027111575,0.3,query_1,"['GO:0001779', 'GO:0032814', 'GO:0045619']"
GO:BP,GO:0034080,CENP-A containing chromatin assembly,0.044032918807470484,True,"""The formation of chromatin containing the histone H3 variant CENP-A to form centromeric chromatin. This specialised chromatin occurs at centromeric region in point centromeres, and the central core in modular centromeres."" [GOC:mah, GOC:vw, PMID:18158900, PMID:19217403, PMID:35422390]",10,959,3,20972,0.0031282586027111575,0.3,query_1,"['GO:0006325', 'GO:0051382']"
GO:BP,GO:0030638,polyketide metabolic process,0.044032918807470484,True,"""The chemical reactions and pathways involving polyketides, any of a diverse group of natural products synthesized via linear poly-beta-ketones, which are themselves formed by repetitive head-to-tail addition of acetyl (or substituted acetyl) units indirectly derived from acetate (or a substituted acetate) by a mechanism similar to that for fatty acid biosynthesis but without the intermediate reductive steps."" [GOC:mah, ISBN:0198506732]",10,959,3,20972,0.0031282586027111575,0.3,query_1,['GO:0019748']
GO:BP,GO:0035723,interleukin-15-mediated signaling pathway,0.044032918807470484,True,"""The series of molecular signals initiated by interleukin-15 binding to its receptor on the surface of a target cell, and ending with the regulation of a downstream cellular process, e.g. transcription."" [GOC:BHF, GOC:signaling]",10,959,3,20972,0.0031282586027111575,0.3,query_1,"['GO:0019221', 'GO:0071350']"
GO:BP,GO:0070391,response to lipoteichoic acid,0.044032918807470484,True,"""Any process that results in a change in state or activity of an organism (in terms of movement, secretion, enzyme production, gene expression, etc.) as a result of a lipoteichoic acid stimulus; lipoteichoic acid is a major component of the cell wall of gram-positive bacteria and typically consists of a chain of glycerol-phosphate repeating units linked to a glycolipid anchor."" [GOC:add, PMID:14665680, PMID:16020688]",10,959,3,20972,0.0031282586027111575,0.3,query_1,"['GO:0002237', 'GO:1901700']"
GO:BP,GO:0071350,cellular response to interleukin-15,0.044032918807470484,True,"""Any process that results in a change in state or activity of a cell (in terms of movement, secretion, enzyme production, gene expression, etc.) as a result of an interleukin-15 stimulus."" [GOC:mah]",10,959,3,20972,0.0031282586027111575,0.3,query_1,"['GO:0070672', 'GO:0071345']"
GO:BP,GO:0070303,negative regulation of stress-activated protein kinase signaling cascade,0.044032918807470484,True,"""Any process that stops, prevents, or reduces the frequency, rate or extent of signaling via the stress-activated protein kinase signaling cascade."" [GOC:mah]",10,959,3,20972,0.0031282586027111575,0.3,query_1,"['GO:0031098', 'GO:0070302', 'GO:1902532']"
GO:BP,GO:0070432,regulation of nucleotide-binding oligomerization domain containing 2 signaling pathway,0.044032918807470484,True,"""Any process that modulates the frequency, rate, or extent of the nucleotide-binding oligomerization domain containing 2 (NOD2) pathway."" [GOC:add]",10,959,3,20972,0.0031282586027111575,0.3,query_1,"['GO:0070424', 'GO:0070431']"
GO:BP,GO:0060768,regulation of epithelial cell proliferation involved in prostate gland development,0.044032918807470484,True,"""Any process that modulates the rate, frequency or extent of epithelial cell proliferation that contributes to the progression of the prostate gland over time."" [GOC:dph]",10,959,3,20972,0.0031282586027111575,0.3,query_1,"['GO:0050678', 'GO:0060767']"
GO:BP,GO:0060068,vagina development,0.044032918807470484,True,"""The reproductive developmental process whose specific outcome is the progression of the vagina over time, from its formation to the mature structure."" [GOC:dph, GOC:ebc]",10,959,3,20972,0.0031282586027111575,0.3,query_1,['GO:0030540']
GO:BP,GO:0071223,cellular response to lipoteichoic acid,0.044032918807470484,True,"""Any process that results in a change in state or activity of a cell (in terms of movement, secretion, enzyme production, gene expression, etc.) as a result of a lipoteichoic acid stimulus; lipoteichoic acid is a major component of the cell wall of gram-positive bacteria and typically consists of a chain of glycerol-phosphate repeating units linked to a glycolipid anchor."" [GOC:mah]",10,959,3,20972,0.0031282586027111575,0.3,query_1,"['GO:0070391', 'GO:0071219', 'GO:1901701']"
GO:BP,GO:0071351,cellular response to interleukin-18,0.044032918807470484,True,"""Any process that results in a change in state or activity of a cell (in terms of movement, secretion, enzyme production, gene expression, etc.) as a result of an interleukin-18 stimulus."" [GOC:mah]",10,959,3,20972,0.0031282586027111575,0.3,query_1,"['GO:0070673', 'GO:0071345']"
GO:BP,GO:0070244,negative regulation of thymocyte apoptotic process,0.044032918807470484,True,"""Any process that stops, prevents, or reduces the frequency, rate or extent of thymocyte death by apoptotic process."" [GOC:add, GOC:mtg_apoptosis, ISBN:0781765196]",10,959,3,20972,0.0031282586027111575,0.3,query_1,"['GO:0070233', 'GO:0070242', 'GO:0070243']"
GO:BP,GO:0044598,doxorubicin metabolic process,0.044032918807470484,True,"""The chemical reactions and pathways involving doxorubicin, an anthracycline antibiotic, used in cancer chemotherapy."" [PMID:10200167]",10,959,3,20972,0.0031282586027111575,0.3,query_1,"['GO:0016137', 'GO:0030638', 'GO:0034308', 'GO:0042180', 'GO:1902644']"
GO:BP,GO:1901329,regulation of odontoblast differentiation,0.044032918807470484,True,"""Any process that modulates the frequency, rate or extent of odontoblast differentiation."" [GOC:TermGenie]",10,959,3,20972,0.0031282586027111575,0.3,query_1,"['GO:0030856', 'GO:0071895']"
GO:BP,GO:1901031,regulation of response to reactive oxygen species,0.044032918807470484,True,"""Any process that modulates the frequency, rate or extent of response to reactive oxygen species."" [GOC:kmv, GOC:TermGenie]",10,959,3,20972,0.0031282586027111575,0.3,query_1,"['GO:0000302', 'GO:1902882']"
GO:BP,GO:0015911,long-chain fatty acid import across plasma membrane,0.044032918807470484,True,"""The directed movement of a long-chain fatty acid from outside of a cell, across the plasma membrane and into the cytosol. A long-chain fatty acid has an aliphatic tail containing 13 to 22 carbons."" [GOC:ai]",10,959,3,20972,0.0031282586027111575,0.3,query_1,"['GO:0044539', 'GO:0098739', 'GO:1902001']"
GO:BP,GO:0045657,positive regulation of monocyte differentiation,0.044032918807470484,True,"""Any process that activates or increases the frequency, rate or extent of monocyte differentiation."" [GOC:go_curators]",10,959,3,20972,0.0031282586027111575,0.3,query_1,"['GO:0002763', 'GO:0030224', 'GO:0045655']"
GO:BP,GO:0046890,regulation of lipid biosynthetic process,0.0443212674698525,True,"""Any process that modulates the frequency, rate or extent of the chemical reactions and pathways resulting in the formation of lipids."" [GOC:ai]",181,959,16,20972,0.016684045881126174,0.08839779005524862,query_1,"['GO:0008610', 'GO:0009889', 'GO:0019216']"
GO:BP,GO:0001666,response to hypoxia,0.04439954653954253,True,"""Any process that results in a change in state or activity of a cell or an organism (in terms of movement, secretion, enzyme production, gene expression, etc.) as a result of a stimulus indicating lowered oxygen tension. Hypoxia, defined as a decline in O2 levels below normoxic levels of 20.8 - 20.95%, results in metabolic adaptation at both the cellular and organismal level."" [GOC:hjd]",278,959,22,20972,0.022940563086548488,0.07913669064748201,query_1,"['GO:0006950', 'GO:0036293']"
GO:BP,GO:0089718,amino acid import across plasma membrane,0.04439954653954253,True,"""The directed movement of an amino acid from outside of a cell, across the plasma membrane and into the cytosol."" [GOC:krc, PMID:8195186]",52,959,7,20972,0.0072992700729927005,0.1346153846153846,query_1,"['GO:0003333', 'GO:0098739']"
GO:BP,GO:0051403,stress-activated MAPK cascade,0.04439954653954253,True,"""A MAPK cascade that starts with the activation of a stress-activated MAP kinase cascade."" [GOC:ai, PMID:15936270]",52,959,7,20972,0.0072992700729927005,0.1346153846153846,query_1,"['GO:0000165', 'GO:0031098']"
GO:BP,GO:0048146,positive regulation of fibroblast proliferation,0.04439954653954253,True,"""Any process that activates or increases the frequency, rate or extent of multiplication or reproduction of fibroblast cells."" [GOC:jid]",52,959,7,20972,0.0072992700729927005,0.1346153846153846,query_1,"['GO:0008284', 'GO:0048144', 'GO:0048145']"
GO:BP,GO:0072678,T cell migration,0.04441594882861105,True,"""The movement of a T cell within or between different tissues and organs of the body."" [CL:0000084, GOC:BHF, GOC:mah]",78,959,9,20972,0.009384775808133473,0.11538461538461539,query_1,['GO:0072676']
GO:BP,GO:0002369,T cell cytokine production,0.044440729355645775,True,"""Any process that contributes to cytokine production by a T cell."" [GOC:add, ISBN:0781735149]",40,959,6,20972,0.006256517205422315,0.15,query_1,"['GO:0002367', 'GO:0002456']"
GO:BP,GO:0060412,ventricular septum morphogenesis,0.044440729355645775,True,"""The developmental process in which a ventricular septum is generated and organized. A ventricular septum is an anatomical structure that separates the lower chambers (ventricles) of the heart from one another."" [GOC:dph]",40,959,6,20972,0.006256517205422315,0.15,query_1,"['GO:0003281', 'GO:0060411']"
GO:BP,GO:0002724,regulation of T cell cytokine production,0.044440729355645775,True,"""Any process that modulates the frequency, rate, or extent of T cell cytokine production."" [GOC:add]",40,959,6,20972,0.006256517205422315,0.15,query_1,"['GO:0002369', 'GO:0002709', 'GO:0002718']"
GO:BP,GO:0035136,forelimb morphogenesis,0.044440729355645775,True,"""The process in which the anatomical structures of the forelimb are generated and organized. The forelimbs are the front limbs of an animal, e.g. the arms of a human."" [GOC:go_curators]",40,959,6,20972,0.006256517205422315,0.15,query_1,['GO:0035108']
GO:BP,GO:1902410,mitotic cytokinetic process,0.044440729355645775,True,"""Any cytokinetic process that is involved in mitotic cell cycle."" [GOC:mtg_cell_cycle, GOC:TermGenie]",40,959,6,20972,0.006256517205422315,0.15,query_1,"['GO:0000281', 'GO:0032506', 'GO:1903047']"
GO:BP,GO:0007610,behavior,0.04496370314657495,True,"""The internally coordinated responses (actions or inactions) of animals (individuals or groups) to internal or external stimuli, via a mechanism that involves nervous system activity."" [GOC:ems, GOC:jl, ISBN:0395448956, PMID:20160973]",665,959,44,20972,0.045881126173096975,0.06616541353383458,query_1,['GO:0032501']
GO:BP,GO:0042100,B cell proliferation,0.04506506888398849,True,"""The expansion of a B cell population by cell division. Follows B cell activation."" [GOC:jl]",92,959,10,20972,0.010427528675703858,0.10869565217391304,query_1,"['GO:0042113', 'GO:0046651']"
GO:BP,GO:0015909,long-chain fatty acid transport,0.045262811271363126,True,"""The directed movement of a long-chain fatty acid into, out of or within a cell, or between cells, by means of some agent such as a transporter or pore. A long-chain fatty acid has an aliphatic tail containing 13 to 22 carbons."" [GOC:ai]",65,959,8,20972,0.008342022940563087,0.12307692307692308,query_1,['GO:0015908']
GO:BP,GO:0030858,positive regulation of epithelial cell differentiation,0.045262811271363126,True,"""Any process that activates or increases the frequency, rate or extent of epithelial cell differentiation."" [GOC:mah]",65,959,8,20972,0.008342022940563087,0.12307692307692308,query_1,"['GO:0030855', 'GO:0030856', 'GO:0045597']"
GO:BP,GO:0060396,growth hormone receptor signaling pathway,0.04554903026676088,True,"""The series of molecular signals generated as a consequence of growth hormone receptor binding to its physiological ligand."" [GOC:BHF, GOC:dph, PMID:11445442]",29,959,5,20972,0.005213764337851929,0.1724137931034483,query_1,"['GO:0007169', 'GO:0071378']"
GO:BP,GO:0051276,chromosome organization,0.04554903026676088,True,"""A process that is carried out at the cellular level that results in the assembly, arrangement of constituent parts, or disassembly of chromosomes, structures composed of a very long molecule of DNA and associated proteins that carries hereditary information. This term covers covalent modifications at the molecular level as well as spatial relationships among the major components of a chromosome."" [GOC:ai, GOC:dph, GOC:jl, GOC:mah]",575,959,39,20972,0.040667361835245046,0.06782608695652174,query_1,['GO:0006996']
GO:BP,GO:0034390,smooth muscle cell apoptotic process,0.04554903026676088,True,"""Any apoptotic process in a smooth muscle cell. Smooth muscle consists of non-striated, elongated, spindle-shaped cell found lining the digestive tract, uterus, and blood vessels."" [CL:0000192, GOC:BHF, GOC:mah, GOC:mtg_apoptosis, GOC:rl]",29,959,5,20972,0.005213764337851929,0.1724137931034483,query_1,['GO:0010657']
GO:BP,GO:0051341,regulation of oxidoreductase activity,0.04554903026676088,True,"""Any process that modulates the frequency, rate or extent of oxidoreductase activity, the catalysis of an oxidation-reduction (redox) reaction, a reversible chemical reaction in which the oxidation state of an atom or atoms within a molecule is altered. One substrate acts as a hydrogen or electron donor and becomes oxidized, while the other acts as hydrogen or electron acceptor and becomes reduced."" [GOC:ai]",29,959,5,20972,0.005213764337851929,0.1724137931034483,query_1,['GO:0050790']
GO:BP,GO:0034143,regulation of toll-like receptor 4 signaling pathway,0.04554903026676088,True,"""Any process that modulates the frequency, rate, or extent of toll-like receptor 4 signaling pathway."" [GOC:add, PMID:16551253, PMID:17328678]",29,959,5,20972,0.005213764337851929,0.1724137931034483,query_1,"['GO:0034142', 'GO:0062207']"
REAC,REAC:R-HSA-113507,E2F-enabled inhibition of pre-replication complex formation,0.045793320089891995,True,E2F-enabled inhibition of pre-replication complex formation,9,648,4,11056,0.006172839506172839,0.4444444444444444,query_1,['REAC:R-HSA-113510']
REAC,REAC:R-HSA-2586552,Signaling by Leptin,0.045793320089891995,True,Signaling by Leptin,9,648,4,11056,0.006172839506172839,0.4444444444444444,query_1,['REAC:R-HSA-162582']
REAC,REAC:R-HSA-391908,Prostanoid ligand receptors,0.045793320089891995,True,Prostanoid ligand receptors,9,648,4,11056,0.006172839506172839,0.4444444444444444,query_1,['REAC:R-HSA-391903']
REAC,REAC:R-HSA-9830369,Kidney development,0.04617216285844907,True,Kidney development,46,648,9,11056,0.013888888888888888,0.1956521739130435,query_1,['REAC:R-HSA-1266738']
GO:BP,GO:0009306,protein secretion,0.046370834075727715,True,"""The controlled release of proteins from a cell."" [GOC:ai]",364,959,27,20972,0.028154327424400417,0.07417582417582418,query_1,"['GO:0015031', 'GO:0032940', 'GO:0035592', 'GO:0071692']"
GO:BP,GO:0071356,cellular response to tumor necrosis factor,0.04643692789040546,True,"""Any process that results in a change in state or activity of a cell (in terms of movement, secretion, enzyme production, gene expression, etc.) as a result of a tumor necrosis factor stimulus."" [GOC:mah]",198,959,17,20972,0.017726798748696558,0.08585858585858586,query_1,"['GO:0034612', 'GO:0071345']"
GO:BP,GO:0002064,epithelial cell development,0.046457351898962745,True,"""The process whose specific outcome is the progression of an epithelial cell over time, from its formation to the mature structure. An epithelial cell is a cell usually found in a two-dimensional sheet with a free surface."" [GOC:dph]",214,959,18,20972,0.018769551616266946,0.08411214953271028,query_1,"['GO:0030855', 'GO:0048468']"
GO:BP,GO:0033554,cellular response to stress,0.04664570918511918,True,"""Any process that results in a change in state or activity of a cell (in terms of movement, secretion, enzyme production, gene expression, etc.) as a result of a stimulus indicating the organism is under stress. The stress is usually, but not necessarily, exogenous (e.g. temperature, humidity, ionizing radiation)."" [GOC:mah]",1856,959,106,20972,0.1105318039624609,0.057112068965517244,query_1,"['GO:0006950', 'GO:0051716']"
REAC,REAC:R-HSA-2022857,Keratan sulfate degradation,0.04670553580514447,True,Keratan sulfate degradation,15,648,5,11056,0.007716049382716049,0.3333333333333333,query_1,['REAC:R-HSA-1638074']
GO:BP,GO:0106070,regulation of adenylate cyclase-activating G protein-coupled receptor signaling pathway,0.04672540868728942,True,"""Any process that modulates the frequency, rate or extent of an adenylate cyclase-activating G protein-coupled receptor signaling pathway."" [GOC:hjd, PMID:19246489]",19,959,4,20972,0.004171011470281543,0.21052631578947367,query_1,"['GO:0007189', 'GO:0008277']"
GO:BP,GO:0030540,female genitalia development,0.04672540868728942,True,"""The process whose specific outcome is the progression of the female genitalia over time, from formation to the mature structure."" [GOC:mah]",19,959,4,20972,0.004171011470281543,0.21052631578947367,query_1,"['GO:0046660', 'GO:0048806']"
GO:BP,GO:0061158,3'-UTR-mediated mRNA destabilization,0.04672540868728942,True,"""An mRNA destabilization process in which one or more RNA-binding proteins associate with the 3'-untranslated region (UTR) of an mRNA."" [GOC:dph, GOC:jh]",19,959,4,20972,0.004171011470281543,0.21052631578947367,query_1,['GO:0061157']
GO:BP,GO:1902992,negative regulation of amyloid precursor protein catabolic process,0.04672540868728942,True,"""Any process that stops, prevents or reduces the frequency, rate or extent of amyloid precursor protein catabolic process."" [GO_REF:0000058, GOC:PARL, GOC:rl, GOC:TermGenie, PMID:24499793]",19,959,4,20972,0.004171011470281543,0.21052631578947367,query_1,"['GO:0042987', 'GO:0051248', 'GO:1902991']"
GO:BP,GO:0060438,trachea development,0.04672540868728942,True,"""The process whose specific outcome is the progression of a trachea over time, from its formation to the mature structure. The trachea is the portion of the airway that attaches to the bronchi as it branches."" [GOC:dph]",19,959,4,20972,0.004171011470281543,0.21052631578947367,query_1,"['GO:0048513', 'GO:0060541']"
GO:BP,GO:0033045,regulation of sister chromatid segregation,0.04708970561828005,True,"""Any process that modulates the frequency, rate or extent of sister chromatid segregation."" [GOC:mah]",107,959,11,20972,0.011470281543274244,0.102803738317757,query_1,"['GO:0000819', 'GO:0033044', 'GO:0051983']"
GO:BP,GO:0070555,response to interleukin-1,0.04708970561828005,True,"""Any process that results in a change in state or activity of a cell or an organism (in terms of movement, secretion, enzyme production, gene expression, etc.) as a result of an interleukin-1 stimulus."" [GOC:BHF, GOC:mah]",107,959,11,20972,0.011470281543274244,0.102803738317757,query_1,['GO:0034097']
GO:BP,GO:0019395,fatty acid oxidation,0.04708970561828005,True,"""The removal of one or more electrons from a fatty acid, with or without the concomitant removal of a proton or protons, by reaction with an electron-accepting substance, by addition of oxygen or by removal of hydrogen."" [ISBN:0198506732]",107,959,11,20972,0.011470281543274244,0.102803738317757,query_1,"['GO:0006631', 'GO:0034440']"
GO:BP,GO:0007409,axonogenesis,0.04748326203724056,True,"""De novo generation of a long process of a neuron, including the terminal branched region. Refers to the morphogenesis or creation of shape or form of the developing axon, which carries efferent (outgoing) action potentials from the cell body towards target cells."" [GOC:dph, GOC:jid, GOC:pg, GOC:pr, ISBN:0198506732]",452,959,32,20972,0.03336809176225235,0.07079646017699115,query_1,"['GO:0048667', 'GO:0048812', 'GO:0061564']"
GO:BP,GO:0002831,regulation of response to biotic stimulus,0.047637158607434005,True,"""Any process that modulates the frequency, rate, or extent of a response to biotic stimulus."" [GOC:add]",559,959,38,20972,0.03962460896767466,0.06797853309481217,query_1,"['GO:0009607', 'GO:0048583']"
GO:BP,GO:0046889,positive regulation of lipid biosynthetic process,0.04776662075602097,True,"""Any process that activates or increases the frequency, rate or extent of the chemical reactions and pathways resulting in the formation of lipids."" [GOC:ai]",93,959,10,20972,0.010427528675703858,0.10752688172043011,query_1,"['GO:0008610', 'GO:0009891', 'GO:0045834', 'GO:0046890']"
GO:BP,GO:0030071,regulation of mitotic metaphase/anaphase transition,0.04776662075602097,True,"""Any process that modulates the frequency, rate or extent of the cell cycle process in which a cell progresses from metaphase to anaphase during mitosis, triggered by the activation of the anaphase promoting complex by Cdc20/Sleepy homolog which results in the degradation of Securin."" [GOC:mah]",93,959,10,20972,0.010427528675703858,0.10752688172043011,query_1,"['GO:0007091', 'GO:1901990', 'GO:1902099']"
GO:BP,GO:1905039,carboxylic acid transmembrane transport,0.047950265741655215,True,"""The process in which carboxylic acid is transported across a membrane."" [GO_REF:0000069, GOC:TermGenie, PMID:10869563]",152,959,14,20972,0.014598540145985401,0.09210526315789473,query_1,"['GO:0046942', 'GO:0055085']"
GO:BP,GO:0036216,cellular response to stem cell factor stimulus,0.04804784152366217,True,"""Any process that results in a change in state or activity of a cell (in terms of movement, secretion, enzyme production, gene expression, etc.) as a result of a stem cell factor (SCF) stimulus."" [GOC:uh, PMID:18787413, PMID:7520444]",53,959,7,20972,0.0072992700729927005,0.1320754716981132,query_1,"['GO:0036215', 'GO:0071345']"
GO:BP,GO:0036215,response to stem cell factor,0.04804784152366217,True,"""Any process that results in a change in state or activity of a cell or an organism (in terms of movement, secretion, enzyme production, gene expression, etc.) as a result of a stem cell factor (SCF) stimulus."" [GOC:uh]",53,959,7,20972,0.0072992700729927005,0.1320754716981132,query_1,['GO:0034097']
GO:BP,GO:0016485,protein processing,0.04804784152366217,True,"""Any protein maturation process achieved by the cleavage of a peptide bond or bonds within a protein. Protein maturation is the process leading to the attainment of the full functional capacity of a protein."" [GOC:curators, GOC:jl, GOC:jsg]",215,959,18,20972,0.018769551616266946,0.08372093023255814,query_1,"['GO:0006508', 'GO:0051604']"
GO:BP,GO:0038109,Kit signaling pathway,0.04804784152366217,True,"""The series of molecular signals initiated by the binding of stem cell factor to the tyrosine kinase receptor KIT on the surface of a target cell, and ending with regulation of a downstream cellular process, e.g. transcription. Stem cell factor (KIT ligand) binding to the receptor Kit mediates receptor dimerization, activation of its intrinsic tyrosine kinase activity and autophosphorylation. The activated receptor then phosphorylates various substrates, thereby activating distinct signaling cascades within the cell that trigger a change in state or activity of the cell."" [GOC:nhn, GOC:signaling, PMID:16129412]",53,959,7,20972,0.0072992700729927005,0.1320754716981132,query_1,"['GO:0007169', 'GO:0019221', 'GO:0036216']"
GO:BP,GO:0007052,mitotic spindle organization,0.048282212765485874,True,"""A process that is carried out at the cellular level which results in the assembly, arrangement of constituent parts, or disassembly of the microtubule spindle during a mitotic cell cycle."" [GOC:go_curators, GOC:mah]",137,959,13,20972,0.013555787278415016,0.0948905109489051,query_1,"['GO:0007051', 'GO:1902850']"
GO:BP,GO:0071692,protein localization to extracellular region,0.04891617257774647,True,"""Any process in which a protein is transported from one specific location in the extracellular region to another, or maintained in a specific extracellular location."" [GOC:mah]",366,959,27,20972,0.028154327424400417,0.07377049180327869,query_1,['GO:0033036']
GO:BP,GO:0003203,endocardial cushion morphogenesis,0.049029728847805765,True,"""The process in which the anatomical structure of the endocardial cushion is generated and organized. The endocardial cushion is a specialized region of mesenchymal cells that will give rise to the heart septa and valves."" [GOC:mtg_heart]",41,959,6,20972,0.006256517205422315,0.14634146341463414,query_1,"['GO:0003007', 'GO:0003197', 'GO:0072132']"
GO:BP,GO:0007249,canonical NF-kappaB signal transduction,0.049299761363154795,True,"""An intracellular signaling cassette characterized by the I-kappaB-kinase (IKK)-dependent activation of NF-kappaB, also known as the canonical NF-kappaB signaling cascade. The cascade begins with activation of a trimeric IKK complex (consisting of catalytic kinase subunits IKKalpha and/or IKKbeta, and the regulatory scaffold protein NEMO) and ends with the regulation of transcription of target genes by NF-kappaB. In a resting state, NF-kappaB dimers are bound to I-kappaB proteins, sequestering NF-kappaB in the cytoplasm. Phosphorylation of I-kappaB targets I-kappaB for ubiquitination and proteasomal degradation, thus releasing the NF-kappaB dimers, which can translocate to the nucleus to bind DNA and regulate transcription. The canonical NF-kappaB pathway is mainly stimulated by proinflammatory cytokines such as IL-1beta, tumor necrosis factor (TNF)-alpha, antigen ligands, and toll-like receptors (TLRs)."" [GOC:bf, PMID:12773372, PMID:34659217]",315,959,24,20972,0.02502606882168926,0.0761904761904762,query_1,['GO:0141124']
GO:BP,GO:0090263,positive regulation of canonical Wnt signaling pathway,0.0498789360874773,True,"""Any process that increases the rate, frequency, or extent of the Wnt signaling pathway through beta-catenin, the series of molecular signals initiated by binding of a Wnt protein to a frizzled family receptor on the surface of the target cell, followed by propagation of the signal via beta-catenin, and ending with a change in transcription of target genes."" [GOC:tb]",108,959,11,20972,0.011470281543274244,0.10185185185185185,query_1,"['GO:0030177', 'GO:0060070', 'GO:0060828']"
